{
  "baseUrl": "https://app.staging.rebelbase.co",
  "viewportHeight": 1024,
  "viewportWidth": 1536,
  "defaultCommandTimeout": 300000,
  "scrollBehavior": "nearest",
  "experimentalFetchPolyfill": true,
  "experimentalStudio": true,
  "video": true,
  "responseTimeout": 300000,
  "requestTimeout": 300000,
  "runMode": 3,
  "env": {
    "firstName": "test",
    "lastName": "hubadmin",
    "username": "testhubadmin@rebelbase.co",
    "password": "testtest",
    "sanityuser": "msuryawanshi@rebelbase.co",
    "sanitypassword": "manoj@1234",
    "sanityuser1": "msuryawanshi@rebelbase.co",
    "sanitypassword1": "Akhada@12345",
    "invalidEmail": "testhubadmin@re",
    "hub_token": "gH6WDtINIjxD1syVvD031pbg0ZnNihZamjhkF6ZkUMDp95DSZK-3yquEVCMI-kI4",
    "token1": "-KNHrjgk5WcRka8xnorJ_gck1VXsMWKvSgwusZWHob5Aytar__vppUPVcW6LQd1p",
    "token2": "xWqeN7jF4SANHLNL3ruta_e3ShbtGKUUcY",
    "projectinvitation": "8W8nXaHI3XR3uiuQsvLGBD6wKd-Q8aFR89z5rndKM8WpApPWtDOavNExiMSRkFu1",
    "hubinvitation": "UZGxZ2ju0hSiCxfr_iyp3H45pTKcezNj4yzs7btuXzZHJ7Oj5N8EXn7YUrOFZIz5",
    "eventinvitation": "y1gjPapIDzsjzE5cWqCFQKGs-hSzWuxqDhJn6Fmeba5KbkZeJKVKyZI_ylcdRBgh",
    "section-bluepring": "https://core-service.dev.rebelbase.co/api/v2/rebel/challenge-builder/section-blueprints",
    "testProject": 1251,
    "pageLoadTimeout": 300000,
    "username1": "testhubadmin+1@rebelbase.co",
    "member": "testhubadmin+2@rebelbase.co",
    "username2": "testhubadmin+3@rebelbase.co",
    "otherUser": "testhubadmin+4@rebelbase.co",
    "supporter": "testhubadmin+5@rebelbase.co",
    "eventMember": "testhubadmin+6@rebelbase.co",
    "emailuser": "rebelbasetesthub@gmail.com",
    "groupname": "cypressautomationgroup",
    "hubmemberonly": "testhubadmin+11@rebelbase.co",
    "rebelbasemember": "rebelbasetesthub+2@gmail.com",
    "cypress-react-selector": {
      "root": "#root"
    }
  },
  "projectId": "9zvwcb",
  "chromeWebSecurity": false,
  "experimentalSessionSupport": true,
  "testFiles": "**/*.feature"
}