[
  {
    "keyword": "Feature",
    "name": "Brain Section",
    "line": 1,
    "id": "brain-section",
    "tags": [],
    "uri": "Brain.feature",
    "elements": [
      {
        "id": "brain-section;send-hub-invitation-from-brain-page-,delete-invitation-and-resend-invitation-to-user",
        "keyword": "Scenario",
        "line": 4,
        "name": "Send hub invitation from brain page ,delete invitation and resend invitation to user",
        "tags": [
          {
            "name": "@TEST_CH-865",
            "line": 3
          }
        ],
        "type": "scenario",
        "steps": [
          {
            "arguments": [],
            "keyword": "Given ",
            "line": 5,
            "name": "I access the brain section page",
            "result": {
              "status": "passed",
              "duration": 9175000000
            }
          },
          {
            "arguments": [],
            "keyword": "When ",
            "line": 6,
            "name": "I send hub invitation from brain page",
            "result": {
              "status": "failed",
              "duration": 137090000000,
              "error_message": "AssertionError: Timed out retrying after 100000ms: Expected to find element: `//span[contains(text(),\"Invite Members\")]`, but never found it.\n    at Context.eval (https://app.dev.rebelbase.co/__cypress/tests?p=cypress\\integration\\cucumber-test\\Brain.feature:1158:6)\n    at Context.resolveAndRunStepDefinition (https://app.dev.rebelbase.co/__cypress/tests?p=cypress\\integration\\cucumber-test\\Brain.feature:13892:29)\n    at Context.eval (https://app.dev.rebelbase.co/__cypress/tests?p=cypress\\integration\\cucumber-test\\Brain.feature:13213:35)"
            }
          },
          {
            "arguments": [],
            "keyword": "And ",
            "line": 7,
            "name": "Send nudge and delete invitation",
            "result": {
              "status": "skipped"
            }
          },
          {
            "arguments": [],
            "keyword": "And ",
            "line": 8,
            "name": "Reend invitation",
            "result": {
              "status": "skipped"
            }
          },
          {
            "arguments": [],
            "keyword": "And ",
            "line": 9,
            "name": "Resend nudge",
            "result": {
              "status": "skipped"
            }
          }
        ]
      },
      {
        "id": "brain-section;navigate-through-the-links-using-loops",
        "keyword": "Scenario",
        "line": 12,
        "name": "Navigate through the links using loops",
        "tags": [
          {
            "name": "@TEST_CH-866",
            "line": 11
          }
        ],
        "type": "scenario",
        "steps": [
          {
            "arguments": [],
            "keyword": "Given ",
            "line": 13,
            "name": "I access the brain section page",
            "result": {
              "status": "passed",
              "duration": 9306000000
            }
          },
          {
            "arguments": [],
            "keyword": "When ",
            "line": 14,
            "name": "Close Notification",
            "result": {
              "status": "passed",
              "duration": 4954000000
            }
          },
          {
            "arguments": [],
            "keyword": "And ",
            "line": 15,
            "name": "Nevigate to RebelBase Hub 101",
            "result": {
              "status": "passed",
              "duration": 28658000000
            }
          },
          {
            "arguments": [],
            "keyword": "And ",
            "line": 16,
            "name": "Nevigate to Projects + Builders",
            "result": {
              "status": "passed",
              "duration": 1840000000
            }
          },
          {
            "arguments": [],
            "keyword": "And ",
            "line": 17,
            "name": "Nevigate to Collaboration",
            "result": {
              "status": "passed",
              "duration": 838000000
            }
          },
          {
            "arguments": [],
            "keyword": "And ",
            "line": 18,
            "name": "Nevigate to Invite to Your Hub",
            "result": {
              "status": "passed",
              "duration": 516000000
            }
          },
          {
            "arguments": [],
            "keyword": "And ",
            "line": 19,
            "name": "Nevigate to Groups",
            "result": {
              "status": "passed",
              "duration": 385000000
            }
          },
          {
            "arguments": [],
            "keyword": "And ",
            "line": 20,
            "name": "Nevigate to Events",
            "result": {
              "status": "passed",
              "duration": 410000000
            }
          }
        ]
      }
    ]
  }
]