[
  {
    "keyword": "Feature",
    "name": "Login",
    "line": 1,
    "id": "login",
    "tags": [],
    "uri": "Login.feature",
    "elements": [
      {
        "id": "login;email-is-missing",
        "keyword": "Scenario",
        "line": 3,
        "name": "Email is missing",
        "tags": [
          {
            "name": "@TEST_CH-1301",
            "line": 2
          }
        ],
        "type": "scenario",
        "steps": [
          {
            "arguments": [],
            "keyword": "Given ",
            "line": 4,
            "name": "Visit rebelbase portal",
            "result": {
              "status": "passed",
              "duration": 15068000000
            }
          },
          {
            "arguments": [],
            "keyword": "When ",
            "line": 5,
            "name": "Enter only password into textbox",
            "result": {
              "status": "passed",
              "duration": 1821000000
            }
          },
          {
            "arguments": [],
            "keyword": "And ",
            "line": 6,
            "name": "Click on login button",
            "result": {
              "status": "passed",
              "duration": 1547000000
            }
          },
          {
            "arguments": [],
            "keyword": "Then ",
            "line": 7,
            "name": "Verify email is missing",
            "result": {
              "status": "passed",
              "duration": 57000000
            }
          }
        ]
      },
      {
        "id": "login;password-is-less-than-6-char",
        "keyword": "Scenario",
        "line": 9,
        "name": "Password is less than 6 char",
        "tags": [
          {
            "name": "@TEST_CH-705",
            "line": 8
          }
        ],
        "type": "scenario",
        "steps": [
          {
            "arguments": [],
            "keyword": "Given ",
            "line": 10,
            "name": "Visit rebelbase portal",
            "result": {
              "status": "passed",
              "duration": 5592000000
            }
          },
          {
            "arguments": [],
            "keyword": "When ",
            "line": 11,
            "name": "Enter only email into textbox",
            "result": {
              "status": "passed",
              "duration": 2000000000
            }
          },
          {
            "arguments": [],
            "keyword": "And ",
            "line": 12,
            "name": "Click on login button",
            "result": {
              "status": "passed",
              "duration": 1526000000
            }
          },
          {
            "arguments": [],
            "keyword": "Then ",
            "line": 13,
            "name": "Verify password validation",
            "result": {
              "status": "passed",
              "duration": 32000000
            }
          }
        ]
      },
      {
        "id": "login;invalid-login-id-or-passwd-details",
        "keyword": "Scenario",
        "line": 15,
        "name": "Invalid login Id or passwd details",
        "tags": [
          {
            "name": "@TEST_CH-706",
            "line": 14
          }
        ],
        "type": "scenario",
        "steps": [
          {
            "arguments": [],
            "keyword": "Given ",
            "line": 16,
            "name": "Visit rebelbase portal",
            "result": {
              "status": "passed",
              "duration": 15549000000
            }
          },
          {
            "arguments": [],
            "keyword": "When ",
            "line": 17,
            "name": "Verify email validation",
            "result": {
              "status": "passed",
              "duration": 5440000000
            }
          },
          {
            "arguments": [],
            "keyword": "Then ",
            "line": 18,
            "name": "Verify email or password validation",
            "result": {
              "status": "passed",
              "duration": 8698000000
            }
          }
        ]
      },
      {
        "id": "login;autofill-email-address-if-exist-in-url",
        "keyword": "Scenario",
        "line": 20,
        "name": "Autofill email address if exist in url",
        "tags": [
          {
            "name": "@TEST_CH-711",
            "line": 19
          }
        ],
        "type": "scenario",
        "steps": [
          {
            "arguments": [],
            "keyword": "Given ",
            "line": 21,
            "name": "Visit url",
            "result": {
              "status": "passed",
              "duration": 2011000000
            }
          },
          {
            "arguments": [],
            "keyword": "When ",
            "line": 22,
            "name": "Verify email textbox value",
            "result": {
              "status": "passed",
              "duration": 1004000000
            }
          },
          {
            "arguments": [],
            "keyword": "Then ",
            "line": 23,
            "name": "Verify validation",
            "result": {
              "status": "passed",
              "duration": 13000000
            }
          }
        ]
      },
      {
        "id": "login;should-login-and-redirect-to-profile",
        "keyword": "Scenario",
        "line": 25,
        "name": "Should login and redirect to profile",
        "tags": [],
        "type": "scenario",
        "steps": [
          {
            "arguments": [],
            "keyword": "Given ",
            "line": 26,
            "name": "Login to the rebelbase portal",
            "result": {
              "status": "passed",
              "duration": 12119000000
            }
          },
          {
            "arguments": [],
            "keyword": "When ",
            "line": 27,
            "name": "Verify profile url",
            "result": {
              "status": "passed",
              "duration": 16000000
            }
          },
          {
            "arguments": [],
            "keyword": "Then ",
            "line": 28,
            "name": "Verify user redirect to the profile page",
            "result": {
              "status": "passed",
              "duration": 5683000000
            }
          }
        ]
      },
      {
        "id": "login;log-in,-go-to-profile-then-logout",
        "keyword": "Scenario",
        "line": 30,
        "name": "Log in, go to profile then logout",
        "tags": [
          {
            "name": "@TEST_CH-692",
            "line": 29
          }
        ],
        "type": "scenario",
        "steps": [
          {
            "arguments": [],
            "keyword": "Given ",
            "line": 31,
            "name": "Log in to the rebelbase portal",
            "result": {
              "status": "passed",
              "duration": 9329000000
            }
          },
          {
            "arguments": [],
            "keyword": "When ",
            "line": 32,
            "name": "Confirm we have logged in successfully",
            "result": {
              "status": "passed",
              "duration": 17000000
            }
          },
          {
            "arguments": [],
            "keyword": "Then ",
            "line": 33,
            "name": "Now we can log out and should redirect to the login page",
            "result": {
              "status": "passed",
              "duration": 42463000000
            }
          }
        ]
      },
      {
        "id": "login;log-in-with-different-email-and-try-to-accept-project-invitation-token",
        "keyword": "Scenario",
        "line": 35,
        "name": "Log in with different email and try to accept project invitation token",
        "tags": [],
        "type": "scenario",
        "steps": [
          {
            "arguments": [],
            "keyword": "Given ",
            "line": 36,
            "name": "Visit Rebelbase url with email exist in url",
            "result": {
              "status": "passed",
              "duration": 2241000000
            }
          },
          {
            "arguments": [],
            "keyword": "When ",
            "line": 37,
            "name": "Verify user is not able to accept invitation",
            "result": {
              "status": "passed",
              "duration": 3266000000
            }
          },
          {
            "arguments": [],
            "keyword": "And ",
            "line": 38,
            "name": "Enter password and click on login button",
            "result": {
              "status": "passed",
              "duration": 7927000000
            }
          },
          {
            "arguments": [],
            "keyword": "Then ",
            "line": 39,
            "name": "Verify profile url and invitation expired notification",
            "result": {
              "status": "passed",
              "duration": 4706000000
            }
          }
        ]
      },
      {
        "id": "login;autofill-email-address-if-exist-in-url,-log-in-and-accept-event-invitation",
        "keyword": "Scenario",
        "line": 48,
        "name": "Autofill email address if exist in url, log in and accept event invitation",
        "tags": [
          {
            "name": "@TEST_CH-712",
            "line": 47
          }
        ],
        "type": "scenario",
        "steps": [
          {
            "arguments": [],
            "keyword": "Given ",
            "line": 49,
            "name": "Visit page url with email exist in url",
            "result": {
              "status": "passed",
              "duration": 2032000000
            }
          },
          {
            "arguments": [],
            "keyword": "When ",
            "line": 50,
            "name": "Verify emailid is prefilled",
            "result": {
              "status": "passed",
              "duration": 630000000
            }
          },
          {
            "arguments": [],
            "keyword": "And ",
            "line": 51,
            "name": "Enter password and login to account",
            "result": {
              "status": "passed",
              "duration": 3360000000
            }
          },
          {
            "arguments": [],
            "keyword": "Then ",
            "line": 52,
            "name": "Verify email notification message",
            "result": {
              "status": "passed",
              "duration": 2386000000
            }
          }
        ]
      },
      {
        "id": "login;log-in-with-different-email-and-try-to-accept-event-invitation-token",
        "keyword": "Scenario",
        "line": 54,
        "name": "log in with different email and try to accept event invitation token",
        "tags": [
          {
            "name": "@TEST_CH-695",
            "line": 53
          }
        ],
        "type": "scenario",
        "steps": [
          {
            "arguments": [],
            "keyword": "Given ",
            "line": 55,
            "name": "Login to rebelbase url",
            "result": {
              "status": "passed",
              "duration": 1781000000
            }
          },
          {
            "arguments": [],
            "keyword": "When ",
            "line": 56,
            "name": "Enter different email and try to login",
            "result": {
              "status": "passed",
              "duration": 8563000000
            }
          },
          {
            "arguments": [],
            "keyword": "And ",
            "line": 57,
            "name": "Verify url from profile",
            "result": {
              "status": "passed",
              "duration": 19232000000
            }
          },
          {
            "arguments": [],
            "keyword": "Then ",
            "line": 58,
            "name": "Should invitation expired notification",
            "result": {
              "status": "passed",
              "duration": 3602000000
            }
          }
        ]
      },
      {
        "id": "login;log-in-with-invalid-event-invitation-token",
        "keyword": "Scenario",
        "line": 60,
        "name": "log in with invalid event invitation token",
        "tags": [
          {
            "name": "@TEST_CH-698",
            "line": 59
          }
        ],
        "type": "scenario",
        "steps": [
          {
            "arguments": [],
            "keyword": "Given ",
            "line": 61,
            "name": "Visit with existed email in url",
            "result": {
              "status": "passed",
              "duration": 1728000000
            }
          },
          {
            "arguments": [],
            "keyword": "When ",
            "line": 62,
            "name": "Enter username, password and login",
            "result": {
              "status": "passed",
              "duration": 10275000000
            }
          },
          {
            "arguments": [],
            "keyword": "Then ",
            "line": 63,
            "name": "Should show invitation has expired notification",
            "result": {
              "status": "passed",
              "duration": 10536000000
            }
          }
        ]
      },
      {
        "id": "login;log-in-with-different-email-and-try-to-accept-hub-invitation-token",
        "keyword": "Scenario",
        "line": 65,
        "name": "log in with different email and try to accept hub invitation token",
        "tags": [
          {
            "name": "@TEST_CH-702",
            "line": 64
          }
        ],
        "type": "scenario",
        "steps": [
          {
            "arguments": [],
            "keyword": "Given ",
            "line": 66,
            "name": "Visit rebel base portal",
            "result": {
              "status": "passed",
              "duration": 1804000000
            }
          },
          {
            "arguments": [],
            "keyword": "When ",
            "line": 67,
            "name": "Should show You will not be able to accept the invitation using this email address.",
            "result": {
              "status": "passed",
              "duration": 6542000000
            }
          },
          {
            "arguments": [],
            "keyword": "And ",
            "line": 68,
            "name": "Verify user profile url",
            "result": {
              "status": "passed",
              "duration": 6150000000
            }
          },
          {
            "arguments": [],
            "keyword": "Then ",
            "line": 69,
            "name": "Should shows invitation has expired in the notification",
            "result": {
              "status": "passed",
              "duration": 4844000000
            }
          }
        ]
      },
      {
        "id": "login;show-popup-message-to-complete-tell-us-,until-tell-us-is-complete",
        "keyword": "Scenario",
        "line": 77,
        "name": "Show popup message to complete tell-us ,until tell-us is complete",
        "tags": [
          {
            "name": "@TEST_CH-707",
            "line": 76
          }
        ],
        "type": "scenario",
        "steps": [
          {
            "arguments": [],
            "keyword": "Given ",
            "line": 78,
            "name": "Visit RebelBase URL",
            "result": {
              "status": "passed",
              "duration": 1699000000
            }
          },
          {
            "arguments": [],
            "keyword": "When ",
            "line": 79,
            "name": "Sign-up new user account",
            "result": {
              "status": "passed",
              "duration": 24070000000
            }
          },
          {
            "arguments": [],
            "keyword": "And ",
            "line": 80,
            "name": "Should redirect to profile page",
            "result": {
              "status": "passed",
              "duration": 26000000
            }
          },
          {
            "arguments": [],
            "keyword": "And ",
            "line": 81,
            "name": "Logout from the account",
            "result": {
              "status": "passed",
              "duration": 3916000000
            }
          },
          {
            "arguments": [],
            "keyword": "And ",
            "line": 82,
            "name": "Login to the same account",
            "result": {
              "status": "passed",
              "duration": 9848000000
            }
          },
          {
            "arguments": [],
            "keyword": "Then ",
            "line": 83,
            "name": "Should show tell-up about yourself",
            "result": {
              "status": "passed",
              "duration": 10352000000
            }
          }
        ]
      },
      {
        "id": "login;fails-to-access-protected-resource",
        "keyword": "Scenario",
        "line": 85,
        "name": "Fails to access protected resource",
        "tags": [],
        "type": "scenario",
        "steps": [
          {
            "arguments": [],
            "keyword": "Given ",
            "line": 86,
            "name": "Make API request verify response",
            "result": {
              "status": "passed",
              "duration": 1617000000
            }
          }
        ]
      },
      {
        "id": "login;autofill-email-address-if-exist-in-url,-existing-user-log-in-and-accept-invitation",
        "keyword": "Scenario",
        "line": 88,
        "name": "Autofill email address if exist in url, existing user log in and accept invitation",
        "tags": [],
        "type": "scenario",
        "steps": [
          {
            "arguments": [],
            "keyword": "Given ",
            "line": 89,
            "name": "Login into rebelbase account",
            "result": {
              "status": "passed",
              "duration": 9678000000
            }
          },
          {
            "arguments": [],
            "keyword": "When ",
            "line": 90,
            "name": "Invite team member",
            "result": {
              "status": "passed",
              "duration": 52853000000
            }
          },
          {
            "arguments": [],
            "keyword": "And ",
            "line": 91,
            "name": "Logout from account",
            "result": {
              "status": "passed",
              "duration": 3092000000
            }
          },
          {
            "arguments": [],
            "keyword": "And ",
            "line": 92,
            "name": "Verify token is received",
            "result": {
              "status": "failed",
              "duration": 1000000,
              "error_message": "AssertionError: Found link!: expected false to be true\n    at Context.eval (https://app.dev.rebelbase.co/__cypress/tests?p=cypress\\integration\\cucumber-test\\Login.feature:1461:12)"
            }
          },
          {
            "arguments": [],
            "keyword": "Then ",
            "line": 93,
            "name": "Accept project invitation",
            "result": {
              "status": "skipped"
            }
          }
        ]
      },
      {
        "id": "login;project-invitation-from-support-member",
        "keyword": "Scenario",
        "line": 95,
        "name": "Project invitation from support member",
        "tags": [
          {
            "name": "@TEST_CH-745",
            "line": 94
          }
        ],
        "type": "scenario",
        "steps": [
          {
            "arguments": [],
            "keyword": "Given ",
            "line": 96,
            "name": "login to account",
            "result": {
              "status": "passed",
              "duration": 11789000000
            }
          },
          {
            "arguments": [],
            "keyword": "When ",
            "line": 97,
            "name": "Send support member invitation",
            "result": {
              "status": "passed",
              "duration": 51905000000
            }
          },
          {
            "arguments": [],
            "keyword": "And ",
            "line": 98,
            "name": "Verify user token",
            "result": {
              "status": "failed",
              "error_message": "AssertionError: Found link!: expected false to be true\n    at Context.eval (https://app.dev.rebelbase.co/__cypress/tests?p=cypress\\integration\\cucumber-test\\Login.feature:1514:12)"
            }
          },
          {
            "arguments": [],
            "keyword": "Then ",
            "line": 99,
            "name": "Accept support member invitaion",
            "result": {
              "status": "skipped"
            }
          }
        ]
      },
      {
        "id": "login;autofill-email-address-if-exist-in-url,-log-in-and-accept-hub-invitation-[loginflowtest]",
        "keyword": "Scenario",
        "line": 101,
        "name": "Autofill email address if exist in url, log in and accept hub invitation [loginFlowTest]",
        "tags": [
          {
            "name": "@TEST_CH-1302",
            "line": 100
          }
        ],
        "type": "scenario",
        "steps": [
          {
            "arguments": [],
            "keyword": "Given ",
            "line": 102,
            "name": "Create new user account",
            "result": {
              "status": "passed",
              "duration": 25798000000
            }
          },
          {
            "arguments": [],
            "keyword": "When ",
            "line": 103,
            "name": "Select location for user",
            "result": {
              "status": "passed",
              "duration": 17865000000
            }
          },
          {
            "arguments": [],
            "keyword": "Then ",
            "line": 104,
            "name": "Accept new project invitation",
            "result": {
              "status": "failed",
              "error_message": "AssertionError: Timed out retrying after 100000ms: Expected to find element: `.hub__topHeader__dropdown__links`, but never found it.\n    at Context.eval (https://app.dev.rebelbase.co/__cypress/tests?p=cypress\\integration\\cucumber-test\\Login.feature:1570:6)\n    at Context.resolveAndRunStepDefinition (https://app.dev.rebelbase.co/__cypress/tests?p=cypress\\integration\\cucumber-test\\Login.feature:14238:29)\n    at Context.eval (https://app.dev.rebelbase.co/__cypress/tests?p=cypress\\integration\\cucumber-test\\Login.feature:13559:35)"
            }
          }
        ]
      }
    ]
  }
]