[
  {
    "keyword": "Feature",
    "name": "Brain Section",
    "line": 1,
    "id": "brain-section",
    "tags": [],
    "uri": "Brain.feature",
    "elements": [
      {
        "id": "brain-section;navigate-through-the-links-using-loops",
        "keyword": "Scenario",
        "line": 10,
        "name": "Navigate through the links using loops",
        "tags": [],
        "type": "scenario",
        "steps": [
          {
            "arguments": [],
            "keyword": "Given ",
            "line": 11,
            "name": "I access the brain section page",
            "result": {
              "status": "passed",
              "duration": 177107000000
            }
          },
          {
            "arguments": [],
            "keyword": "When ",
            "line": 12,
            "name": "Close Notification",
            "result": {
              "status": "passed",
              "duration": 15185000000
            }
          },
          {
            "arguments": [],
            "keyword": "And ",
            "line": 13,
            "name": "Nevigate to RebelBase Hub 101",
            "result": {
              "status": "passed",
              "duration": 3115000000
            }
          },
          {
            "arguments": [],
            "keyword": "And ",
            "line": 14,
            "name": "Nevigate to Projects + Builders",
            "result": {
              "status": "passed",
              "duration": 256000000
            }
          },
          {
            "arguments": [],
            "keyword": "And ",
            "line": 15,
            "name": "Nevigate to Collaboration",
            "result": {
              "status": "passed",
              "duration": 299000000
            }
          },
          {
            "arguments": [],
            "keyword": "And ",
            "line": 16,
            "name": "Nevigate to Invite to Your Hub",
            "result": {
              "status": "passed",
              "duration": 313000000
            }
          },
          {
            "arguments": [],
            "keyword": "And ",
            "line": 17,
            "name": "Nevigate to Groups",
            "result": {
              "status": "passed",
              "duration": 294000000
            }
          },
          {
            "arguments": [],
            "keyword": "And ",
            "line": 18,
            "name": "Nevigate to Events",
            "result": {
              "status": "passed",
              "duration": 266000000
            }
          }
        ]
      }
    ]
  }
]