[
  {
    "keyword": "Feature",
    "name": "Login",
    "line": 1,
    "id": "login",
    "tags": [],
    "uri": "Login.feature",
    "elements": [
      {
        "id": "login;fails-to-access-protected-resource",
        "keyword": "Scenario",
        "line": 93,
        "name": "Fails to access protected resource",
        "tags": [],
        "type": "scenario",
        "steps": [
          {
            "arguments": [],
            "keyword": "Given ",
            "line": 94,
            "name": "Make API request verify response",
            "result": {
              "status": "passed",
              "duration": 1202000000
            }
          }
        ]
      }
    ]
  }
]