[
  {
    "keyword": "Feature",
    "name": "Sign-up test",
    "line": 1,
    "id": "sign-up-test",
    "tags": [],
    "uri": "Signup.feature",
    "elements": [
      {
        "id": "sign-up-test;autofill-email-address-if-exist-in-url-and-show-warning-if-user-edit-email-address",
        "keyword": "Scenario",
        "line": 23,
        "name": "Autofill email address if exist in url and show warning if user edit email address",
        "tags": [],
        "type": "scenario",
        "steps": [
          {
            "arguments": [],
            "keyword": "Given ",
            "line": 24,
            "name": "Visit autofill email address",
            "result": {
              "status": "passed",
              "duration": 5023000000
            }
          },
          {
            "arguments": [],
            "keyword": "Then ",
            "line": 25,
            "name": "Verify invitation validation",
            "result": {
              "status": "passed",
              "duration": 41000000
            }
          }
        ]
      }
    ]
  }
]