[
  {
    "keyword": "Feature",
    "name": "Builders",
    "line": 1,
    "id": "builders",
    "tags": [],
    "uri": "Builder.feature",
    "elements": [
      {
        "id": "builders;empty-builder's-answer-[builder'sanswer]",
        "keyword": "Scenario",
        "line": 3,
        "name": "Empty builder's answer [Builder'sAnswer]",
        "tags": [],
        "type": "scenario",
        "steps": [
          {
            "arguments": [],
            "keyword": "Given ",
            "line": 4,
            "name": "Visit builder answer page",
            "result": {
              "status": "skipped"
            }
          },
          {
            "arguments": [],
            "keyword": "When ",
            "line": 5,
            "name": "Close the notification",
            "result": {
              "status": "skipped"
            }
          },
          {
            "arguments": [],
            "keyword": "Then ",
            "line": 6,
            "name": "Find paragraph from answer",
            "result": {
              "status": "skipped"
            }
          }
        ]
      },
      {
        "id": "builders;save-builder's-answer-with-some-random-text",
        "keyword": "Scenario",
        "line": 14,
        "name": "Save builder's answer with some random text",
        "tags": [
          {
            "name": "@TEST_CH-749",
            "line": 13
          }
        ],
        "type": "scenario",
        "steps": [
          {
            "arguments": [],
            "keyword": "Given ",
            "line": 15,
            "name": "Visit builder answer page",
            "result": {
              "status": "skipped"
            }
          },
          {
            "arguments": [],
            "keyword": "When ",
            "line": 16,
            "name": "Close the notification",
            "result": {
              "status": "skipped"
            }
          },
          {
            "arguments": [],
            "keyword": "And ",
            "line": 17,
            "name": "Enter builder answer with random text",
            "result": {
              "status": "skipped"
            }
          },
          {
            "arguments": [],
            "keyword": "Then ",
            "line": 18,
            "name": "Click on the save + next button",
            "result": {
              "status": "skipped"
            }
          }
        ]
      },
      {
        "id": "builders;try-to-redirect-to-some-other-page-without-saving-answer",
        "keyword": "Scenario",
        "line": 21,
        "name": "try to redirect to some other page without saving answer",
        "tags": [
          {
            "name": "@TEST_CH-750",
            "line": 20
          }
        ],
        "type": "scenario",
        "steps": [
          {
            "arguments": [],
            "keyword": "Given ",
            "line": 22,
            "name": "Visit builder topic 4 answer page",
            "result": {
              "status": "skipped"
            }
          },
          {
            "arguments": [],
            "keyword": "When ",
            "line": 23,
            "name": "Close the notification",
            "result": {
              "status": "skipped"
            }
          },
          {
            "arguments": [],
            "keyword": "And ",
            "line": 24,
            "name": "Enter builder answer with random text",
            "result": {
              "status": "skipped"
            }
          },
          {
            "arguments": [],
            "keyword": "Then ",
            "line": 25,
            "name": "Click on MyEvent from side bar",
            "result": {
              "status": "skipped"
            }
          }
        ]
      },
      {
        "id": "builders;try-to-close-browser-without-saving-answer",
        "keyword": "Scenario",
        "line": 28,
        "name": "try to close browser without saving answer",
        "tags": [
          {
            "name": "@TEST_CH-867",
            "line": 27
          }
        ],
        "type": "scenario",
        "steps": [
          {
            "arguments": [],
            "keyword": "Given ",
            "line": 29,
            "name": "Visit builder topic 5 answer page",
            "result": {
              "status": "skipped"
            }
          },
          {
            "arguments": [],
            "keyword": "When ",
            "line": 30,
            "name": "Close the notification",
            "result": {
              "status": "skipped"
            }
          },
          {
            "arguments": [],
            "keyword": "And ",
            "line": 31,
            "name": "Enter builder answer with random text",
            "result": {
              "status": "skipped"
            }
          },
          {
            "arguments": [],
            "keyword": "And ",
            "line": 32,
            "name": "Enter video link",
            "result": {
              "status": "skipped"
            }
          },
          {
            "arguments": [],
            "keyword": "And ",
            "line": 33,
            "name": "Save answer and verify location",
            "result": {
              "status": "skipped"
            }
          },
          {
            "arguments": [],
            "keyword": "Then ",
            "line": 34,
            "name": "Verify Notification text",
            "result": {
              "status": "skipped"
            }
          }
        ]
      },
      {
        "id": "builders;go-to-review-and-publish-section-after-saving-answer",
        "keyword": "Scenario",
        "line": 37,
        "name": "Go to review and publish section after saving answer",
        "tags": [
          {
            "name": "@TEST_CH-752",
            "line": 36
          }
        ],
        "type": "scenario",
        "steps": [
          {
            "arguments": [],
            "keyword": "Given ",
            "line": 38,
            "name": "Visit builder topic 44 answer page",
            "result": {
              "status": "skipped"
            }
          },
          {
            "arguments": [],
            "keyword": "When ",
            "line": 39,
            "name": "Close the notification",
            "result": {
              "status": "skipped"
            }
          },
          {
            "arguments": [],
            "keyword": "And ",
            "line": 40,
            "name": "Enter random answer",
            "result": {
              "status": "skipped"
            }
          },
          {
            "arguments": [],
            "keyword": "And ",
            "line": 41,
            "name": "Save the answer",
            "result": {
              "status": "skipped"
            }
          },
          {
            "arguments": [],
            "keyword": "And ",
            "line": 42,
            "name": "Publish answer",
            "result": {
              "status": "skipped"
            }
          },
          {
            "arguments": [],
            "keyword": "Then ",
            "line": 43,
            "name": "Verify project path",
            "result": {
              "status": "skipped"
            }
          }
        ]
      },
      {
        "id": "builders;should-show-save-answers-warning-message-when-moving-from-builder-answer-page-during-answering-questions",
        "keyword": "Scenario",
        "line": 46,
        "name": "should show save answers warning message when moving from builder answer page during answering questions",
        "tags": [
          {
            "name": "@TEST_CH-758",
            "line": 45
          }
        ],
        "type": "scenario",
        "steps": [
          {
            "arguments": [],
            "keyword": "Given ",
            "line": 47,
            "name": "Visit the rebelbase portal",
            "result": {
              "status": "skipped"
            }
          },
          {
            "arguments": [],
            "keyword": "When ",
            "line": 48,
            "name": "Verify page is loaded successfully",
            "result": {
              "status": "skipped"
            }
          },
          {
            "arguments": [],
            "keyword": "And ",
            "line": 49,
            "name": "Close the notification",
            "result": {
              "status": "skipped"
            }
          },
          {
            "arguments": [],
            "keyword": "And ",
            "line": 50,
            "name": "Go to the builder page",
            "result": {
              "status": "skipped"
            }
          },
          {
            "arguments": [],
            "keyword": "And ",
            "line": 51,
            "name": "Go to answer page",
            "result": {
              "status": "skipped"
            }
          },
          {
            "arguments": [],
            "keyword": "And ",
            "line": 52,
            "name": "Go to direct answer page",
            "result": {
              "status": "skipped"
            }
          },
          {
            "arguments": [],
            "keyword": "And ",
            "line": 53,
            "name": "Enter video url ans save answer",
            "result": {
              "status": "skipped"
            }
          },
          {
            "arguments": [],
            "keyword": "And ",
            "line": 54,
            "name": "Enter Image url and save answer",
            "result": {
              "status": "skipped"
            }
          },
          {
            "arguments": [],
            "keyword": "Then ",
            "line": 55,
            "name": "Enter answer and save it",
            "result": {
              "status": "skipped"
            }
          }
        ]
      },
      {
        "id": "builders;change-track-on-builder-page->-it-should-change-builders-types",
        "keyword": "Scenario",
        "line": 58,
        "name": "change track on builder page > it should change builders types",
        "tags": [
          {
            "name": "@TEST_CH-754",
            "line": 57
          }
        ],
        "type": "scenario",
        "steps": [
          {
            "arguments": [],
            "keyword": "Given ",
            "line": 59,
            "name": "Visit builder page on rebelbase portal",
            "result": {
              "status": "skipped"
            }
          },
          {
            "arguments": [],
            "keyword": "When ",
            "line": 60,
            "name": "Verify builder page is loaded",
            "result": {
              "status": "skipped"
            }
          },
          {
            "arguments": [],
            "keyword": "And ",
            "line": 61,
            "name": "Close the notification",
            "result": {
              "status": "skipped"
            }
          },
          {
            "arguments": [],
            "keyword": "And ",
            "line": 62,
            "name": "Switch track from builder page",
            "result": {
              "status": "skipped"
            }
          },
          {
            "arguments": [],
            "keyword": "Then ",
            "line": 63,
            "name": "Verify next track",
            "result": {
              "status": "skipped"
            }
          }
        ]
      },
      {
        "id": "builders;change-track-on-project-builder-page-and-complete-one-type-of-builder-answers",
        "keyword": "Scenario",
        "line": 66,
        "name": "change track on project builder page and complete one type of builder answers",
        "tags": [
          {
            "name": "@TEST_CH-757",
            "line": 65
          }
        ],
        "type": "scenario",
        "steps": [
          {
            "arguments": [],
            "keyword": "Given ",
            "line": 67,
            "name": "Visit builder page on rebel base portal",
            "result": {
              "status": "skipped"
            }
          },
          {
            "arguments": [],
            "keyword": "When ",
            "line": 68,
            "name": "Go to project builder page",
            "result": {
              "status": "skipped"
            }
          },
          {
            "arguments": [],
            "keyword": "And ",
            "line": 69,
            "name": "Change project track",
            "result": {
              "status": "skipped"
            }
          },
          {
            "arguments": [],
            "keyword": "And ",
            "line": 70,
            "name": "Complete answer one type of answer",
            "result": {
              "status": "skipped"
            }
          },
          {
            "arguments": [],
            "keyword": "And ",
            "line": 71,
            "name": "Go to review and publish page and publish answer",
            "result": {
              "status": "skipped"
            }
          },
          {
            "arguments": [],
            "keyword": "And ",
            "line": 72,
            "name": "Re check answer",
            "result": {
              "status": "skipped"
            }
          },
          {
            "arguments": [],
            "keyword": "Then ",
            "line": 73,
            "name": "Re publish the answer",
            "result": {
              "status": "skipped"
            }
          }
        ]
      },
      {
        "id": "builders;language-change",
        "keyword": "Scenario",
        "line": 75,
        "name": "Language change",
        "tags": [
          {
            "name": "@focus",
            "line": 74
          }
        ],
        "type": "scenario",
        "steps": [
          {
            "arguments": [],
            "keyword": "Given ",
            "line": 76,
            "name": "Login to the rebelbase portal",
            "result": {
              "status": "passed",
              "duration": 5873000000
            }
          },
          {
            "arguments": [],
            "keyword": "When ",
            "line": 77,
            "name": "Expand language",
            "result": {
              "status": "passed",
              "duration": 45322000000
            }
          },
          {
            "arguments": [],
            "keyword": "Then ",
            "line": 78,
            "name": "Change language and verify menu name",
            "result": {
              "status": "passed",
              "duration": 9464000000
            }
          }
        ]
      }
    ]
  }
]