[
  {
    "keyword": "Feature",
    "name": "Event",
    "line": 1,
    "id": "event",
    "tags": [],
    "uri": "Events.feature",
    "elements": [
      {
        "id": "event;create-event-and-send-invitation",
        "keyword": "Scenario",
        "line": 90,
        "name": "Create event and send invitation",
        "tags": [
          {
            "name": "@TEST_CH-804",
            "line": 89
          }
        ],
        "type": "scenario",
        "steps": [
          {
            "arguments": [],
            "keyword": "Given ",
            "line": 91,
            "name": "Login to the rebelbase portal",
            "result": {
              "status": "passed",
              "duration": 152883000000
            }
          },
          {
            "arguments": [],
            "keyword": "When ",
            "line": 92,
            "name": "Go to the hub event page",
            "result": {
              "status": "passed",
              "duration": 4603000000
            }
          },
          {
            "arguments": [],
            "keyword": "And ",
            "line": 93,
            "name": "Create Event",
            "result": {
              "status": "passed",
              "duration": 108790000000
            }
          },
          {
            "arguments": [],
            "keyword": "And ",
            "line": 94,
            "name": "Invite users to the event",
            "result": {
              "status": "passed",
              "duration": 79059000000
            }
          },
          {
            "arguments": [],
            "keyword": "Then ",
            "line": 95,
            "name": "Logout to the account",
            "result": {
              "status": "passed",
              "duration": 3134000000
            }
          }
        ]
      },
      {
        "id": "event;judge-1-accept-event-invitation",
        "keyword": "Scenario",
        "line": 98,
        "name": "Judge 1 accept event invitation",
        "tags": [
          {
            "name": "@TEST_CH-1281",
            "line": 97
          }
        ],
        "type": "scenario",
        "steps": [
          {
            "arguments": [],
            "keyword": "Given ",
            "line": 99,
            "name": "Login to the Judge 1 account",
            "result": {
              "status": "passed",
              "duration": 17571000000
            }
          },
          {
            "arguments": [],
            "keyword": "When ",
            "line": 100,
            "name": "Accept invitation",
            "result": {
              "status": "failed",
              "error_message": "CypressError: `cy.click()` failed because this element is detached from the DOM.\n\n`<button class=\"MuiButton-root MuiButton-contained MuiButton-containedPrimary MuiButton-sizeSmall MuiButton-containedSizeSmall MuiButtonBase-root btn-main css-ltslo0\" tabindex=\"0\" type=\"button\">...</button>`\n\nCypress requires elements be attached in the DOM to interact with them.\n\nThe previous command that ran was:\n\n  > `cy.contains()`\n\nThis DOM element likely became detached somewhere between the previous and current command.\n\nCommon situations why this happens:\n  - Your JS framework re-rendered asynchronously\n  - Your app code reacted to an event firing and removed the element\n\nYou typically need to re-query for the element or add 'guards' which delay Cypress from running new commands.\n    at ensureAttached (https://app.dev.rebelbase.co/__cypress/runner/cypress_runner.js:161862:76)\n    at validateType (https://app.dev.rebelbase.co/__cypress/runner/cypress_runner.js:161695:11)\n    at $Cy.ensureSubjectByType (https://app.dev.rebelbase.co/__cypress/runner/cypress_runner.js:161735:9)\n    at $Cy.pushSubjectAndValidate (https://app.dev.rebelbase.co/__cypress/runner/cypress_runner.js:172179:12)\n    at Context.<anonymous> (https://app.dev.rebelbase.co/__cypress/runner/cypress_runner.js:171663:19)\nFrom Your Spec Code:\n    at Context.eval (https://app.dev.rebelbase.co/__cypress/tests?p=cypress\\integration\\cucumber-test\\Events.feature:1742:88)\n    at Context.resolveAndRunStepDefinition (https://app.dev.rebelbase.co/__cypress/tests?p=cypress\\integration\\cucumber-test\\Events.feature:14911:29)\n    at Context.eval (https://app.dev.rebelbase.co/__cypress/tests?p=cypress\\integration\\cucumber-test\\Events.feature:14232:35)"
            }
          },
          {
            "arguments": [],
            "keyword": "And ",
            "line": 101,
            "name": "Edit bio",
            "result": {
              "status": "skipped"
            }
          },
          {
            "arguments": [],
            "keyword": "Then ",
            "line": 102,
            "name": "Logout to the account",
            "result": {
              "status": "skipped"
            }
          }
        ]
      },
      {
        "id": "event;judge-2-accept-event-invitation",
        "keyword": "Scenario",
        "line": 105,
        "name": "Judge 2 accept event invitation",
        "tags": [
          {
            "name": "@TEST_CH-1282",
            "line": 104
          }
        ],
        "type": "scenario",
        "steps": [
          {
            "arguments": [],
            "keyword": "Given ",
            "line": 106,
            "name": "Login to the Judge 2 account",
            "result": {
              "status": "passed",
              "duration": 33299000000
            }
          },
          {
            "arguments": [],
            "keyword": "When ",
            "line": 107,
            "name": "Accept invitation from judge 2",
            "result": {
              "status": "passed",
              "duration": 37026000000
            }
          },
          {
            "arguments": [],
            "keyword": "And ",
            "line": 108,
            "name": "Judge 2 edit bio",
            "result": {
              "status": "passed",
              "duration": 14797000000
            }
          },
          {
            "arguments": [],
            "keyword": "Then ",
            "line": 109,
            "name": "Logout to the Judge 2 account",
            "result": {
              "status": "passed",
              "duration": 3296000000
            }
          }
        ]
      },
      {
        "id": "event;judge-3-accept-event-invitation",
        "keyword": "Scenario",
        "line": 112,
        "name": "Judge 3 accept event invitation",
        "tags": [
          {
            "name": "@TEST_CH-1283",
            "line": 111
          }
        ],
        "type": "scenario",
        "steps": [
          {
            "arguments": [],
            "keyword": "Given ",
            "line": 113,
            "name": "Login to the Judge 3 account",
            "result": {
              "status": "passed",
              "duration": 14129000000
            }
          },
          {
            "arguments": [],
            "keyword": "When ",
            "line": 114,
            "name": "Accept invitation",
            "result": {
              "status": "passed",
              "duration": 22933000000
            }
          },
          {
            "arguments": [],
            "keyword": "And ",
            "line": 115,
            "name": "Edit bio",
            "result": {
              "status": "passed",
              "duration": 10308000000
            }
          },
          {
            "arguments": [],
            "keyword": "Then ",
            "line": 116,
            "name": "Logout to the account",
            "result": {
              "status": "passed",
              "duration": 3154000000
            }
          }
        ]
      },
      {
        "id": "event;compititor-1-accept-event-invitation",
        "keyword": "Scenario",
        "line": 119,
        "name": "Compititor 1 accept event invitation",
        "tags": [
          {
            "name": "@TEST_CH-1284",
            "line": 118
          }
        ],
        "type": "scenario",
        "steps": [
          {
            "arguments": [],
            "keyword": "Given ",
            "line": 120,
            "name": "Login to the compititot 1 account",
            "result": {
              "status": "passed",
              "duration": 14436000000
            }
          },
          {
            "arguments": [],
            "keyword": "When ",
            "line": 121,
            "name": "Accept invitation",
            "result": {
              "status": "failed",
              "error_message": "CypressError: Timed out retrying after 100050ms: `cy.click()` failed because this element is detached from the DOM.\n\n`<span class=\"notification-dismiss\" style=\"cursor: pointer; font-family: Arial; font-size: 17px; position: absolute; top: 4px; right: 5px; line-height: 15px; background-color: transparent; color: rgb(107, 102, 113); border-radius: 50%; width: 14px; height: 14px; font-weight: bold; text-align: center;\">×</span>`\n\nCypress requires elements be attached in the DOM to interact with them.\n\nThe previous command that ran was:\n\n  > `cy.get()`\n\nThis DOM element likely became detached somewhere between the previous and current command.\n\nCommon situations why this happens:\n  - Your JS framework re-rendered asynchronously\n  - Your app code reacted to an event firing and removed the element\n\nYou typically need to re-query for the element or add 'guards' which delay Cypress from running new commands.\n    at $Cy.ensureAttached (https://app.dev.rebelbase.co/__cypress/runner/cypress_runner.js:161862:76)\n    at runAllChecks (https://app.dev.rebelbase.co/__cypress/runner/cypress_runner.js:147667:12)\n    at retryActionability (https://app.dev.rebelbase.co/__cypress/runner/cypress_runner.js:147747:16)\nFrom previous event:\n    at whenStable (https://app.dev.rebelbase.co/__cypress/runner/cypress_runner.js:166932:65)\n    at https://app.dev.rebelbase.co/__cypress/runner/cypress_runner.js:166387:14\nFrom Your Spec Code:\n    at Context.eval (https://app.dev.rebelbase.co/__cypress/tests?p=cypress\\integration\\cucumber-test\\Events.feature:1747:70)\n    at Context.resolveAndRunStepDefinition (https://app.dev.rebelbase.co/__cypress/tests?p=cypress\\integration\\cucumber-test\\Events.feature:14911:29)\n    at Context.eval (https://app.dev.rebelbase.co/__cypress/tests?p=cypress\\integration\\cucumber-test\\Events.feature:14232:35)"
            }
          },
          {
            "arguments": [],
            "keyword": "And ",
            "line": 122,
            "name": "Select project",
            "result": {
              "status": "skipped"
            }
          },
          {
            "arguments": [],
            "keyword": "Then ",
            "line": 123,
            "name": "Logout to the account",
            "result": {
              "status": "skipped"
            }
          }
        ]
      },
      {
        "id": "event;change-project-for-event-and-verify",
        "keyword": "Scenario",
        "line": 126,
        "name": "Change project for event and verify",
        "tags": [
          {
            "name": "@TEST_CH-1285",
            "line": 125
          }
        ],
        "type": "scenario",
        "steps": [
          {
            "arguments": [],
            "keyword": "Given ",
            "line": 127,
            "name": "Login to the compititor account",
            "result": {
              "status": "passed",
              "duration": 18115000000
            }
          },
          {
            "arguments": [],
            "keyword": "When ",
            "line": 128,
            "name": "Go to my event page",
            "result": {
              "status": "passed",
              "duration": 13947000000
            }
          },
          {
            "arguments": [],
            "keyword": "And ",
            "line": 129,
            "name": "Change project",
            "result": {
              "status": "failed",
              "error_message": "AssertionError: Timed out retrying after 100000ms: Expected to find element: `//button[normalize-space()='change project']`, but never found it.\n    at Context.eval (https://app.dev.rebelbase.co/__cypress/tests?p=cypress\\integration\\cucumber-test\\Events.feature:1873:6)\n    at Context.resolveAndRunStepDefinition (https://app.dev.rebelbase.co/__cypress/tests?p=cypress\\integration\\cucumber-test\\Events.feature:14911:29)\n    at Context.eval (https://app.dev.rebelbase.co/__cypress/tests?p=cypress\\integration\\cucumber-test\\Events.feature:14232:35)"
            }
          },
          {
            "arguments": [],
            "keyword": "Then ",
            "line": 130,
            "name": "Logout to the account",
            "result": {
              "status": "skipped"
            }
          }
        ]
      },
      {
        "id": "event;compititor-2-accept-event-invitation",
        "keyword": "Scenario",
        "line": 133,
        "name": "Compititor 2 accept event invitation",
        "tags": [
          {
            "name": "@TEST_CH-1286",
            "line": 132
          }
        ],
        "type": "scenario",
        "steps": [
          {
            "arguments": [],
            "keyword": "Given ",
            "line": 134,
            "name": "Login to the compititot 2 account",
            "result": {
              "status": "passed",
              "duration": 18226000000
            }
          },
          {
            "arguments": [],
            "keyword": "When ",
            "line": 135,
            "name": "Accept invitation",
            "result": {
              "status": "failed",
              "error_message": "CypressError: Timed out retrying after 100050ms: `cy.click()` failed because this element is detached from the DOM.\n\n`<span class=\"notification-dismiss\" style=\"cursor: pointer; font-family: Arial; font-size: 17px; position: absolute; top: 4px; right: 5px; line-height: 15px; background-color: transparent; color: rgb(107, 102, 113); border-radius: 50%; width: 14px; height: 14px; font-weight: bold; text-align: center;\">×</span>`\n\nCypress requires elements be attached in the DOM to interact with them.\n\nThe previous command that ran was:\n\n  > `cy.get()`\n\nThis DOM element likely became detached somewhere between the previous and current command.\n\nCommon situations why this happens:\n  - Your JS framework re-rendered asynchronously\n  - Your app code reacted to an event firing and removed the element\n\nYou typically need to re-query for the element or add 'guards' which delay Cypress from running new commands.\n    at $Cy.ensureAttached (https://app.dev.rebelbase.co/__cypress/runner/cypress_runner.js:161862:76)\n    at runAllChecks (https://app.dev.rebelbase.co/__cypress/runner/cypress_runner.js:147667:12)\n    at retryActionability (https://app.dev.rebelbase.co/__cypress/runner/cypress_runner.js:147747:16)\nFrom previous event:\n    at whenStable (https://app.dev.rebelbase.co/__cypress/runner/cypress_runner.js:166932:65)\n    at https://app.dev.rebelbase.co/__cypress/runner/cypress_runner.js:166387:14\nFrom Your Spec Code:\n    at Context.eval (https://app.dev.rebelbase.co/__cypress/tests?p=cypress\\integration\\cucumber-test\\Events.feature:1747:70)\n    at Context.resolveAndRunStepDefinition (https://app.dev.rebelbase.co/__cypress/tests?p=cypress\\integration\\cucumber-test\\Events.feature:14911:29)\n    at Context.eval (https://app.dev.rebelbase.co/__cypress/tests?p=cypress\\integration\\cucumber-test\\Events.feature:14232:35)"
            }
          },
          {
            "arguments": [],
            "keyword": "And ",
            "line": 136,
            "name": "Select project",
            "result": {
              "status": "skipped"
            }
          },
          {
            "arguments": [],
            "keyword": "Then ",
            "line": 137,
            "name": "Logout to the account",
            "result": {
              "status": "skipped"
            }
          }
        ]
      },
      {
        "id": "event;compititor-3-accept-event-invitation",
        "keyword": "Scenario",
        "line": 140,
        "name": "Compititor 3 accept event invitation",
        "tags": [
          {
            "name": "@TEST_CH-1287",
            "line": 139
          }
        ],
        "type": "scenario",
        "steps": [
          {
            "arguments": [],
            "keyword": "Given ",
            "line": 141,
            "name": "Login to the compititot 3 account",
            "result": {
              "status": "passed",
              "duration": 20156000000
            }
          },
          {
            "arguments": [],
            "keyword": "When ",
            "line": 142,
            "name": "Accept invitation from compititor 3",
            "result": {
              "status": "passed",
              "duration": 19858000000
            }
          },
          {
            "arguments": [],
            "keyword": "And ",
            "line": 143,
            "name": "Select projects",
            "result": {
              "status": "passed",
              "duration": 7360000000
            }
          },
          {
            "arguments": [],
            "keyword": "Then ",
            "line": 144,
            "name": "Logout to the account",
            "result": {
              "status": "passed",
              "duration": 3304000000
            }
          }
        ]
      },
      {
        "id": "event;admin-start-event-round",
        "keyword": "Scenario",
        "line": 147,
        "name": "Admin start event round",
        "tags": [
          {
            "name": "@TEST_CH-1288",
            "line": 146
          }
        ],
        "type": "scenario",
        "steps": [
          {
            "arguments": [],
            "keyword": "Given ",
            "line": 148,
            "name": "Login to the Rebelbase portal",
            "result": {
              "status": "passed",
              "duration": 13774000000
            }
          },
          {
            "arguments": [],
            "keyword": "When ",
            "line": 149,
            "name": "Go to event details",
            "result": {
              "status": "failed",
              "error_message": "AssertionError: Timed out retrying after 100000ms: Expected to find element: `//button[contains(text(),'All My Events')]`, but never found it.\n    at Context.eval (https://app.dev.rebelbase.co/__cypress/tests?p=cypress\\integration\\cucumber-test\\Events.feature:1956:6)\n    at Context.resolveAndRunStepDefinition (https://app.dev.rebelbase.co/__cypress/tests?p=cypress\\integration\\cucumber-test\\Events.feature:14911:29)\n    at Context.eval (https://app.dev.rebelbase.co/__cypress/tests?p=cypress\\integration\\cucumber-test\\Events.feature:14232:35)"
            }
          },
          {
            "arguments": [],
            "keyword": "And ",
            "line": 150,
            "name": "Start round for the event",
            "result": {
              "status": "skipped"
            }
          },
          {
            "arguments": [],
            "keyword": "Then ",
            "line": 151,
            "name": "Logout to the account",
            "result": {
              "status": "skipped"
            }
          }
        ]
      },
      {
        "id": "event;judge-1-score-project",
        "keyword": "Scenario",
        "line": 154,
        "name": "Judge 1 score project",
        "tags": [
          {
            "name": "@TEST_CH-1289",
            "line": 153
          }
        ],
        "type": "scenario",
        "steps": [
          {
            "arguments": [],
            "keyword": "Given ",
            "line": 155,
            "name": "Login to the judge 1 account",
            "result": {
              "status": "passed",
              "duration": 48110000000
            }
          },
          {
            "arguments": [],
            "keyword": "When ",
            "line": 156,
            "name": "Go to the hub event page",
            "result": {
              "status": "passed",
              "duration": 13591000000
            }
          },
          {
            "arguments": [],
            "keyword": "And ",
            "line": 157,
            "name": "Score one project",
            "result": {
              "status": "failed",
              "error_message": "AssertionError: Timed out retrying after 100000ms: Expected to find element: `.btn-wrap > .btn-main`, but never found it.\n    at Context.eval (https://app.dev.rebelbase.co/__cypress/tests?p=cypress\\integration\\cucumber-test\\Events.feature:1993:6)\n    at Context.resolveAndRunStepDefinition (https://app.dev.rebelbase.co/__cypress/tests?p=cypress\\integration\\cucumber-test\\Events.feature:14911:29)\n    at Context.eval (https://app.dev.rebelbase.co/__cypress/tests?p=cypress\\integration\\cucumber-test\\Events.feature:14232:35)"
            }
          },
          {
            "arguments": [],
            "keyword": "And ",
            "line": 158,
            "name": "Score second project",
            "result": {
              "status": "skipped"
            }
          },
          {
            "arguments": [],
            "keyword": "Then ",
            "line": 159,
            "name": "Logout to the judge 1 account",
            "result": {
              "status": "skipped"
            }
          }
        ]
      },
      {
        "id": "event;judge-2-score-event",
        "keyword": "Scenario",
        "line": 162,
        "name": "Judge 2 score event",
        "tags": [
          {
            "name": "@TEST_CH-1290",
            "line": 161
          }
        ],
        "type": "scenario",
        "steps": [
          {
            "arguments": [],
            "keyword": "Given ",
            "line": 163,
            "name": "Login to the judge 2 account",
            "result": {
              "status": "passed",
              "duration": 15086000000
            }
          },
          {
            "arguments": [],
            "keyword": "When ",
            "line": 164,
            "name": "Go to the event page",
            "result": {
              "status": "passed",
              "duration": 18939000000
            }
          },
          {
            "arguments": [],
            "keyword": "And ",
            "line": 165,
            "name": "Score first event",
            "result": {
              "status": "failed",
              "error_message": "AssertionError: Timed out retrying after 100000ms: Expected to find element: `.btn-wrap > .btn-main`, but never found it.\n    at Context.eval (https://app.dev.rebelbase.co/__cypress/tests?p=cypress\\integration\\cucumber-test\\Events.feature:2065:6)\n    at Context.resolveAndRunStepDefinition (https://app.dev.rebelbase.co/__cypress/tests?p=cypress\\integration\\cucumber-test\\Events.feature:14911:29)\n    at Context.eval (https://app.dev.rebelbase.co/__cypress/tests?p=cypress\\integration\\cucumber-test\\Events.feature:14232:35)"
            }
          },
          {
            "arguments": [],
            "keyword": "And ",
            "line": 166,
            "name": "scoring second event",
            "result": {
              "status": "skipped"
            }
          },
          {
            "arguments": [],
            "keyword": "Then ",
            "line": 167,
            "name": "Logout to the account",
            "result": {
              "status": "skipped"
            }
          }
        ]
      },
      {
        "id": "event;judge-3-score-event",
        "keyword": "Scenario",
        "line": 170,
        "name": "Judge 3 score event",
        "tags": [
          {
            "name": "@TEST_CH-1291",
            "line": 169
          }
        ],
        "type": "scenario",
        "steps": [
          {
            "arguments": [],
            "keyword": "Given ",
            "line": 171,
            "name": "Login to the judge 3 account",
            "result": {
              "status": "passed",
              "duration": 24269000000
            }
          },
          {
            "arguments": [],
            "keyword": "When ",
            "line": 172,
            "name": "Go to event page details",
            "result": {
              "status": "passed",
              "duration": 13095000000
            }
          },
          {
            "arguments": [],
            "keyword": "And ",
            "line": 173,
            "name": "Scored first event",
            "result": {
              "status": "failed",
              "error_message": "AssertionError: Timed out retrying after 100000ms: Expected to find element: `.btn-wrap > .btn-main`, but never found it.\n    at Context.eval (https://app.dev.rebelbase.co/__cypress/tests?p=cypress\\integration\\cucumber-test\\Events.feature:2139:6)\n    at Context.resolveAndRunStepDefinition (https://app.dev.rebelbase.co/__cypress/tests?p=cypress\\integration\\cucumber-test\\Events.feature:14911:29)\n    at Context.eval (https://app.dev.rebelbase.co/__cypress/tests?p=cypress\\integration\\cucumber-test\\Events.feature:14232:35)"
            }
          },
          {
            "arguments": [],
            "keyword": "And ",
            "line": 174,
            "name": "score second event",
            "result": {
              "status": "skipped"
            }
          },
          {
            "arguments": [],
            "keyword": "Then ",
            "line": 175,
            "name": "Logout to the account",
            "result": {
              "status": "skipped"
            }
          }
        ]
      },
      {
        "id": "event;admin-close-event-round-and-publish-score-and-winner",
        "keyword": "Scenario",
        "line": 178,
        "name": "admin close event round and publish score and winner",
        "tags": [
          {
            "name": "@TEST_CH-1292",
            "line": 177
          }
        ],
        "type": "scenario",
        "steps": [
          {
            "arguments": [],
            "keyword": "Given ",
            "line": 179,
            "name": "Login to the rebel base",
            "result": {
              "status": "passed",
              "duration": 42527000000
            }
          },
          {
            "arguments": [],
            "keyword": "When ",
            "line": 180,
            "name": "Go to the hub page event",
            "result": {
              "status": "passed",
              "duration": 15108000000
            }
          },
          {
            "arguments": [],
            "keyword": "And ",
            "line": 181,
            "name": "Close round",
            "result": {
              "status": "failed",
              "error_message": "AssertionError: Timed out retrying after 100000ms: Expected to find element: `//button[contains(text(),'close this round')]`, but never found it.\n    at Context.eval (https://app.dev.rebelbase.co/__cypress/tests?p=cypress\\integration\\cucumber-test\\Events.feature:2212:6)\n    at Context.resolveAndRunStepDefinition (https://app.dev.rebelbase.co/__cypress/tests?p=cypress\\integration\\cucumber-test\\Events.feature:14911:29)\n    at Context.eval (https://app.dev.rebelbase.co/__cypress/tests?p=cypress\\integration\\cucumber-test\\Events.feature:14232:35)"
            }
          },
          {
            "arguments": [],
            "keyword": "And ",
            "line": 182,
            "name": "Award winner",
            "result": {
              "status": "skipped"
            }
          },
          {
            "arguments": [],
            "keyword": "Then ",
            "line": 183,
            "name": "Logout to the account",
            "result": {
              "status": "skipped"
            }
          }
        ]
      },
      {
        "id": "event;event-update-notification",
        "keyword": "Scenario",
        "line": 186,
        "name": "Event Update Notification",
        "tags": [
          {
            "name": "@TEST_CH-1293",
            "line": 185
          }
        ],
        "type": "scenario",
        "steps": [
          {
            "arguments": [],
            "keyword": "Given ",
            "line": 187,
            "name": "Event Detail update and Event Description update",
            "result": {
              "status": "passed",
              "duration": 2250000000
            }
          },
          {
            "arguments": [],
            "keyword": "When ",
            "line": 188,
            "name": "Details for Event Name have been updated",
            "result": {
              "status": "passed",
              "duration": 3000000
            }
          },
          {
            "arguments": [],
            "keyword": "And ",
            "line": 189,
            "name": "The location for Event Name has been updated",
            "result": {
              "status": "passed",
              "duration": 2000000
            }
          },
          {
            "arguments": [],
            "keyword": "And ",
            "line": 190,
            "name": "The date and location for Event Name have been updated",
            "result": {
              "status": "passed",
              "duration": 2000000
            }
          },
          {
            "arguments": [],
            "keyword": "And ",
            "line": 191,
            "name": "The details and date for Event Name have been updated",
            "result": {
              "status": "passed",
              "duration": 4000000
            }
          },
          {
            "arguments": [],
            "keyword": "Then ",
            "line": 192,
            "name": "The details, location, and event type for Event Name have been updated",
            "result": {
              "status": "passed",
              "duration": 2000000
            }
          }
        ]
      },
      {
        "id": "event;accept-event-invitation-from-web-application",
        "keyword": "Scenario",
        "line": 194,
        "name": "Accept event invitation from web application",
        "tags": [],
        "type": "scenario",
        "steps": [
          {
            "arguments": [],
            "keyword": "Given ",
            "line": 195,
            "name": "Navigate rebel base and login",
            "result": {
              "status": "passed",
              "duration": 16341000000
            }
          },
          {
            "arguments": [],
            "keyword": "When ",
            "line": 196,
            "name": "Visit event page",
            "result": {
              "status": "passed",
              "duration": 44819000000
            }
          },
          {
            "arguments": [],
            "keyword": "And ",
            "line": 197,
            "name": "Create event for web application",
            "result": {
              "status": "passed",
              "duration": 43241000000
            }
          },
          {
            "arguments": [],
            "keyword": "And ",
            "line": 198,
            "name": "Verify event title and invite member",
            "result": {
              "status": "passed",
              "duration": 20526000000
            }
          },
          {
            "arguments": [],
            "keyword": "Then ",
            "line": 199,
            "name": "Accept event invitation from web application",
            "result": {
              "status": "passed",
              "duration": 38388000000
            }
          }
        ]
      }
    ]
  }
]