[
  {
    "keyword": "Feature",
    "name": "Hub Activity",
    "line": 1,
    "id": "hub-activity",
    "tags": [],
    "uri": "HubActivity.feature",
    "elements": [
      {
        "id": "hub-activity;visit-dev-hub",
        "keyword": "Scenario",
        "line": 3,
        "name": "Visit Dev Hub",
        "tags": [
          {
            "name": "@TEST_CH-772",
            "line": 2
          }
        ],
        "type": "scenario",
        "steps": [
          {
            "arguments": [],
            "keyword": "Given ",
            "line": 4,
            "name": "Verify profile and cookies",
            "result": {
              "status": "skipped"
            }
          },
          {
            "arguments": [],
            "keyword": "When ",
            "line": 5,
            "name": "Go to the Activity page",
            "result": {
              "status": "skipped"
            }
          },
          {
            "arguments": [],
            "keyword": "And ",
            "line": 6,
            "name": "Close the notification",
            "result": {
              "status": "skipped"
            }
          },
          {
            "arguments": [],
            "keyword": "Then ",
            "line": 7,
            "name": "Verify Dev Hub",
            "result": {
              "status": "skipped"
            }
          }
        ]
      },
      {
        "id": "hub-activity;edit-hub-description",
        "keyword": "Scenario",
        "line": 9,
        "name": "Edit Hub Description",
        "tags": [
          {
            "name": "@TEST_CH-773",
            "line": 8
          }
        ],
        "type": "scenario",
        "steps": [
          {
            "arguments": [],
            "keyword": "Given ",
            "line": 10,
            "name": "Verify profile page and cookies",
            "result": {
              "status": "skipped"
            }
          },
          {
            "arguments": [],
            "keyword": "When ",
            "line": 11,
            "name": "Go to Activity page",
            "result": {
              "status": "skipped"
            }
          },
          {
            "arguments": [],
            "keyword": "And ",
            "line": 12,
            "name": "Change hub title",
            "result": {
              "status": "skipped"
            }
          },
          {
            "arguments": [],
            "keyword": "Then ",
            "line": 13,
            "name": "Change hub description",
            "result": {
              "status": "skipped"
            }
          }
        ]
      },
      {
        "id": "hub-activity;make-announcement",
        "keyword": "Scenario",
        "line": 22,
        "name": "Make announcement",
        "tags": [
          {
            "name": "@TEST_CH-775",
            "line": 21
          }
        ],
        "type": "scenario",
        "steps": [
          {
            "arguments": [],
            "keyword": "Given ",
            "line": 23,
            "name": "Verify profile page and cookies",
            "result": {
              "status": "skipped"
            }
          },
          {
            "arguments": [],
            "keyword": "When ",
            "line": 24,
            "name": "Go to Activity pages",
            "result": {
              "status": "skipped"
            }
          },
          {
            "arguments": [],
            "keyword": "Then ",
            "line": 25,
            "name": "Make Announcement",
            "result": {
              "status": "skipped"
            }
          }
        ]
      },
      {
        "id": "hub-activity;edit-announcement",
        "keyword": "Scenario",
        "line": 27,
        "name": "Edit announcement",
        "tags": [
          {
            "name": "@TEST_CH-776",
            "line": 26
          }
        ],
        "type": "scenario",
        "steps": [
          {
            "arguments": [],
            "keyword": "Given ",
            "line": 28,
            "name": "Verify profile page and cookies",
            "result": {
              "status": "skipped"
            }
          },
          {
            "arguments": [],
            "keyword": "When ",
            "line": 29,
            "name": "Visit Activity page",
            "result": {
              "status": "skipped"
            }
          },
          {
            "arguments": [],
            "keyword": "And ",
            "line": 30,
            "name": "Cancel announcement after edit",
            "result": {
              "status": "skipped"
            }
          },
          {
            "arguments": [],
            "keyword": "Then ",
            "line": 31,
            "name": "Save announcement after edit",
            "result": {
              "status": "skipped"
            }
          }
        ]
      },
      {
        "id": "hub-activity;unstick-announcement",
        "keyword": "Scenario",
        "line": 33,
        "name": "Unstick announcement",
        "tags": [
          {
            "name": "@TEST_CH-777",
            "line": 32
          }
        ],
        "type": "scenario",
        "steps": [
          {
            "arguments": [],
            "keyword": "Given ",
            "line": 34,
            "name": "Verify profile page and cookies",
            "result": {
              "status": "skipped"
            }
          },
          {
            "arguments": [],
            "keyword": "When ",
            "line": 35,
            "name": "Redirect to Activity page",
            "result": {
              "status": "skipped"
            }
          },
          {
            "arguments": [],
            "keyword": "Then ",
            "line": 36,
            "name": "Make announcement unsticky",
            "result": {
              "status": "skipped"
            }
          }
        ]
      },
      {
        "id": "hub-activity;make-announcement-sticky",
        "keyword": "Scenario",
        "line": 38,
        "name": "Make announcement sticky",
        "tags": [
          {
            "name": "@TEST_CH-778",
            "line": 37
          }
        ],
        "type": "scenario",
        "steps": [
          {
            "arguments": [],
            "keyword": "Given ",
            "line": 39,
            "name": "Verify profile page and cookies",
            "result": {
              "status": "skipped"
            }
          },
          {
            "arguments": [],
            "keyword": "When ",
            "line": 40,
            "name": "Go to Activity pages",
            "result": {
              "status": "skipped"
            }
          },
          {
            "arguments": [],
            "keyword": "Then ",
            "line": 41,
            "name": "Make announcement sticky",
            "result": {
              "status": "skipped"
            }
          }
        ]
      },
      {
        "id": "hub-activity;delete-announcement",
        "keyword": "Scenario",
        "line": 43,
        "name": "Delete announcement",
        "tags": [
          {
            "name": "@TEST_CH-779",
            "line": 42
          }
        ],
        "type": "scenario",
        "steps": [
          {
            "arguments": [],
            "keyword": "Given ",
            "line": 44,
            "name": "Verify profile page and cookies",
            "result": {
              "status": "skipped"
            }
          },
          {
            "arguments": [],
            "keyword": "When ",
            "line": 45,
            "name": "Go to Activity page",
            "result": {
              "status": "skipped"
            }
          },
          {
            "arguments": [],
            "keyword": "And ",
            "line": 46,
            "name": "Verify announcement not deleted",
            "result": {
              "status": "skipped"
            }
          },
          {
            "arguments": [],
            "keyword": "Then ",
            "line": 47,
            "name": "Delete announcement",
            "result": {
              "status": "skipped"
            }
          }
        ]
      },
      {
        "id": "hub-activity;create-a-post",
        "keyword": "Scenario",
        "line": 49,
        "name": "Create a Post",
        "tags": [
          {
            "name": "@TEST_CH-780",
            "line": 48
          }
        ],
        "type": "scenario",
        "steps": [
          {
            "arguments": [],
            "keyword": "Given ",
            "line": 50,
            "name": "Verify profile page and cookies",
            "result": {
              "status": "skipped"
            }
          },
          {
            "arguments": [],
            "keyword": "When ",
            "line": 51,
            "name": "Go to Activity page",
            "result": {
              "status": "skipped"
            }
          },
          {
            "arguments": [],
            "keyword": "Then ",
            "line": 52,
            "name": "Create post",
            "result": {
              "status": "skipped"
            }
          }
        ]
      },
      {
        "id": "hub-activity;switch-to-post",
        "keyword": "Scenario",
        "line": 54,
        "name": "Switch to Post",
        "tags": [
          {
            "name": "@TEST_CH-781",
            "line": 53
          }
        ],
        "type": "scenario",
        "steps": [
          {
            "arguments": [],
            "keyword": "Given ",
            "line": 55,
            "name": "Verify profile page and cookies",
            "result": {
              "status": "skipped"
            }
          },
          {
            "arguments": [],
            "keyword": "When ",
            "line": 56,
            "name": "Go to Activity page",
            "result": {
              "status": "skipped"
            }
          },
          {
            "arguments": [],
            "keyword": "Then ",
            "line": 57,
            "name": "Go to post page",
            "result": {
              "status": "skipped"
            }
          }
        ]
      },
      {
        "id": "hub-activity;edit-post",
        "keyword": "Scenario",
        "line": 59,
        "name": "Edit post",
        "tags": [
          {
            "name": "@TEST_CH-782",
            "line": 58
          }
        ],
        "type": "scenario",
        "steps": [
          {
            "arguments": [],
            "keyword": "Given ",
            "line": 60,
            "name": "Verify profile page and cookies",
            "result": {
              "status": "skipped"
            }
          },
          {
            "arguments": [],
            "keyword": "When ",
            "line": 61,
            "name": "Go to Activity page",
            "result": {
              "status": "skipped"
            }
          },
          {
            "arguments": [],
            "keyword": "And ",
            "line": 62,
            "name": "Verify post is not edit",
            "result": {
              "status": "skipped"
            }
          },
          {
            "arguments": [],
            "keyword": "Then ",
            "line": 63,
            "name": "Edit post",
            "result": {
              "status": "skipped"
            }
          }
        ]
      },
      {
        "id": "hub-activity;delete-post",
        "keyword": "Scenario",
        "line": 65,
        "name": "Delete post",
        "tags": [
          {
            "name": "@TEST_CH-783",
            "line": 64
          }
        ],
        "type": "scenario",
        "steps": [
          {
            "arguments": [],
            "keyword": "Given ",
            "line": 66,
            "name": "Verify profile page and cookies",
            "result": {
              "status": "skipped"
            }
          },
          {
            "arguments": [],
            "keyword": "When ",
            "line": 67,
            "name": "Go to Activity page",
            "result": {
              "status": "skipped"
            }
          },
          {
            "arguments": [],
            "keyword": "And ",
            "line": 68,
            "name": "Verify post is not deleted",
            "result": {
              "status": "skipped"
            }
          },
          {
            "arguments": [],
            "keyword": "Then ",
            "line": 69,
            "name": "Delete post",
            "result": {
              "status": "skipped"
            }
          }
        ]
      },
      {
        "id": "hub-activity;ask-a-question",
        "keyword": "Scenario",
        "line": 71,
        "name": "Ask a question",
        "tags": [
          {
            "name": "@TEST_CH-784",
            "line": 70
          }
        ],
        "type": "scenario",
        "steps": [
          {
            "arguments": [],
            "keyword": "Given ",
            "line": 72,
            "name": "Verify profile page and cookies",
            "result": {
              "status": "skipped"
            }
          },
          {
            "arguments": [],
            "keyword": "When ",
            "line": 73,
            "name": "Go to Activity page",
            "result": {
              "status": "skipped"
            }
          },
          {
            "arguments": [],
            "keyword": "Then ",
            "line": 74,
            "name": "Ask a question",
            "result": {
              "status": "skipped"
            }
          }
        ]
      },
      {
        "id": "hub-activity;edit-a-question",
        "keyword": "Scenario",
        "line": 76,
        "name": "Edit a question",
        "tags": [
          {
            "name": "@TEST_CH-785",
            "line": 75
          }
        ],
        "type": "scenario",
        "steps": [
          {
            "arguments": [],
            "keyword": "Given ",
            "line": 77,
            "name": "Verify profile page and cookies",
            "result": {
              "status": "skipped"
            }
          },
          {
            "arguments": [],
            "keyword": "When ",
            "line": 78,
            "name": "Go to Activity page",
            "result": {
              "status": "skipped"
            }
          },
          {
            "arguments": [],
            "keyword": "And ",
            "line": 79,
            "name": "Check cancel edit",
            "result": {
              "status": "skipped"
            }
          },
          {
            "arguments": [],
            "keyword": "Then ",
            "line": 80,
            "name": "Edit a question",
            "result": {
              "status": "skipped"
            }
          }
        ]
      },
      {
        "id": "hub-activity;redirect-to-question-page",
        "keyword": "Scenario",
        "line": 82,
        "name": "Redirect to question page",
        "tags": [
          {
            "name": "@TEST_CH-786",
            "line": 81
          }
        ],
        "type": "scenario",
        "steps": [
          {
            "arguments": [],
            "keyword": "Given ",
            "line": 83,
            "name": "Verify profile page and cookies",
            "result": {
              "status": "skipped"
            }
          },
          {
            "arguments": [],
            "keyword": "When ",
            "line": 84,
            "name": "Go to Activity page",
            "result": {
              "status": "skipped"
            }
          },
          {
            "arguments": [],
            "keyword": "Then ",
            "line": 85,
            "name": "Go to Question page",
            "result": {
              "status": "skipped"
            }
          }
        ]
      },
      {
        "id": "hub-activity;add-answer",
        "keyword": "Scenario",
        "line": 87,
        "name": "Add answer",
        "tags": [
          {
            "name": "@TEST_CH-787",
            "line": 86
          }
        ],
        "type": "scenario",
        "steps": [
          {
            "arguments": [],
            "keyword": "Given ",
            "line": 88,
            "name": "Verify profile page and cookies",
            "result": {
              "status": "skipped"
            }
          },
          {
            "arguments": [],
            "keyword": "When ",
            "line": 89,
            "name": "Go to Activity page",
            "result": {
              "status": "skipped"
            }
          },
          {
            "arguments": [],
            "keyword": "Then ",
            "line": 90,
            "name": "Add answer",
            "result": {
              "status": "skipped"
            }
          }
        ]
      },
      {
        "id": "hub-activity;add-reply-to-answer",
        "keyword": "Scenario",
        "line": 92,
        "name": "Add reply to answer",
        "tags": [
          {
            "name": "@TEST_CH-788",
            "line": 91
          }
        ],
        "type": "scenario",
        "steps": [
          {
            "arguments": [],
            "keyword": "Given ",
            "line": 93,
            "name": "Verify profile page and cookies",
            "result": {
              "status": "skipped"
            }
          },
          {
            "arguments": [],
            "keyword": "When ",
            "line": 94,
            "name": "Go to Activity page",
            "result": {
              "status": "skipped"
            }
          },
          {
            "arguments": [],
            "keyword": "And ",
            "line": 95,
            "name": "Reply to answer",
            "result": {
              "status": "skipped"
            }
          },
          {
            "arguments": [],
            "keyword": "Then ",
            "line": 96,
            "name": "Add more reply to answer",
            "result": {
              "status": "skipped"
            }
          }
        ]
      },
      {
        "id": "hub-activity;delete-reply",
        "keyword": "Scenario",
        "line": 98,
        "name": "Delete reply",
        "tags": [
          {
            "name": "@TEST_CH-789",
            "line": 97
          }
        ],
        "type": "scenario",
        "steps": [
          {
            "arguments": [],
            "keyword": "Given ",
            "line": 99,
            "name": "Verify profile page and cookies",
            "result": {
              "status": "skipped"
            }
          },
          {
            "arguments": [],
            "keyword": "When ",
            "line": 100,
            "name": "Go to Activity page",
            "result": {
              "status": "skipped"
            }
          },
          {
            "arguments": [],
            "keyword": "Then ",
            "line": 101,
            "name": "Delete Replay",
            "result": {
              "status": "skipped"
            }
          }
        ]
      },
      {
        "id": "hub-activity;add-more-answer",
        "keyword": "Scenario",
        "line": 103,
        "name": "Add more answer",
        "tags": [
          {
            "name": "@TEST_CH-790",
            "line": 102
          }
        ],
        "type": "scenario",
        "steps": [
          {
            "arguments": [],
            "keyword": "Given ",
            "line": 104,
            "name": "Verify profile page and cookies",
            "result": {
              "status": "skipped"
            }
          },
          {
            "arguments": [],
            "keyword": "When ",
            "line": 105,
            "name": "Go to Activity page",
            "result": {
              "status": "skipped"
            }
          },
          {
            "arguments": [],
            "keyword": "Then ",
            "line": 106,
            "name": "Add more answer",
            "result": {
              "status": "skipped"
            }
          }
        ]
      },
      {
        "id": "hub-activity;give-upvote-to-answer",
        "keyword": "Scenario",
        "line": 108,
        "name": "Give upvote to answer",
        "tags": [
          {
            "name": "@TEST_CH-791",
            "line": 107
          }
        ],
        "type": "scenario",
        "steps": [
          {
            "arguments": [],
            "keyword": "Given ",
            "line": 109,
            "name": "Verify profile page and cookies",
            "result": {
              "status": "skipped"
            }
          },
          {
            "arguments": [],
            "keyword": "When ",
            "line": 110,
            "name": "Go to Activity page",
            "result": {
              "status": "skipped"
            }
          },
          {
            "arguments": [],
            "keyword": "Then ",
            "line": 111,
            "name": "Upvote answer",
            "result": {
              "status": "skipped"
            }
          }
        ]
      },
      {
        "id": "hub-activity;qanda-create-reply-delete",
        "keyword": "Scenario",
        "line": 113,
        "name": "QandA create reply delete",
        "tags": [
          {
            "name": "@TEST_CH-1294",
            "line": 112
          }
        ],
        "type": "scenario",
        "steps": [
          {
            "arguments": [],
            "keyword": "Given ",
            "line": 114,
            "name": "Verify profile page and cookies",
            "result": {
              "status": "skipped"
            }
          },
          {
            "arguments": [],
            "keyword": "When ",
            "line": 115,
            "name": "Go to Activity page",
            "result": {
              "status": "skipped"
            }
          },
          {
            "arguments": [],
            "keyword": "And ",
            "line": 116,
            "name": "Ask question",
            "result": {
              "status": "skipped"
            }
          },
          {
            "arguments": [],
            "keyword": "And ",
            "line": 117,
            "name": "Answer question",
            "result": {
              "status": "skipped"
            }
          },
          {
            "arguments": [],
            "keyword": "And ",
            "line": 118,
            "name": "Reply answer",
            "result": {
              "status": "skipped"
            }
          },
          {
            "arguments": [],
            "keyword": "And ",
            "line": 119,
            "name": "Delete reply from question",
            "result": {
              "status": "skipped"
            }
          },
          {
            "arguments": [],
            "keyword": "And ",
            "line": 120,
            "name": "Delete answer from question",
            "result": {
              "status": "skipped"
            }
          },
          {
            "arguments": [],
            "keyword": "Then ",
            "line": 121,
            "name": "Delete Question",
            "result": {
              "status": "skipped"
            }
          }
        ]
      },
      {
        "id": "hub-activity;create-offer-reply-and-delete",
        "keyword": "Scenario",
        "line": 123,
        "name": "Create offer reply and delete",
        "tags": [
          {
            "name": "@TEST_CH-763",
            "line": 122
          }
        ],
        "type": "scenario",
        "steps": [
          {
            "arguments": [],
            "keyword": "Given ",
            "line": 124,
            "name": "Verify profile page and cookies",
            "result": {
              "status": "skipped"
            }
          },
          {
            "arguments": [],
            "keyword": "When ",
            "line": 125,
            "name": "Go to Activity page",
            "result": {
              "status": "skipped"
            }
          },
          {
            "arguments": [],
            "keyword": "And ",
            "line": 126,
            "name": "Create offer",
            "result": {
              "status": "skipped"
            }
          },
          {
            "arguments": [],
            "keyword": "And ",
            "line": 127,
            "name": "Reply to offer",
            "result": {
              "status": "skipped"
            }
          },
          {
            "arguments": [],
            "keyword": "And ",
            "line": 128,
            "name": "Give Kudos and edit offer",
            "result": {
              "status": "skipped"
            }
          },
          {
            "arguments": [],
            "keyword": "Then ",
            "line": 129,
            "name": "Delete Offer",
            "result": {
              "status": "skipped"
            }
          }
        ]
      },
      {
        "id": "hub-activity;check-announcement-notification-on-web-application",
        "keyword": "Scenario",
        "line": 138,
        "name": "Check announcement notification on web application",
        "tags": [],
        "type": "scenario",
        "steps": [
          {
            "arguments": [],
            "keyword": "Given ",
            "line": 139,
            "name": "Verify profile page and cookies",
            "result": {
              "status": "skipped"
            }
          },
          {
            "arguments": [],
            "keyword": "When ",
            "line": 140,
            "name": "Go to Activity page",
            "result": {
              "status": "skipped"
            }
          },
          {
            "arguments": [],
            "keyword": "And ",
            "line": 141,
            "name": "Make announcement for web application",
            "result": {
              "status": "skipped"
            }
          },
          {
            "arguments": [],
            "keyword": "And ",
            "line": 142,
            "name": "Login and give kudos to announcment",
            "result": {
              "status": "skipped"
            }
          },
          {
            "arguments": [],
            "keyword": "Then ",
            "line": 143,
            "name": "Check activity notification for announcement",
            "result": {
              "status": "skipped"
            }
          }
        ]
      },
      {
        "id": "hub-activity;check-q+a-notification-on-web-application",
        "keyword": "Scenario",
        "line": 145,
        "name": "Check Q+A notification on web application",
        "tags": [],
        "type": "scenario",
        "steps": [
          {
            "arguments": [],
            "keyword": "Given ",
            "line": 146,
            "name": "Verify profile page and cookies",
            "result": {
              "status": "skipped"
            }
          },
          {
            "arguments": [],
            "keyword": "When ",
            "line": 147,
            "name": "Go to Activity page",
            "result": {
              "status": "skipped"
            }
          },
          {
            "arguments": [],
            "keyword": "And ",
            "line": 148,
            "name": "Make question for web application",
            "result": {
              "status": "skipped"
            }
          },
          {
            "arguments": [],
            "keyword": "And ",
            "line": 149,
            "name": "Login and give kudos to question",
            "result": {
              "status": "skipped"
            }
          },
          {
            "arguments": [],
            "keyword": "Then ",
            "line": 150,
            "name": "Check activity notification for question",
            "result": {
              "status": "skipped"
            }
          }
        ]
      },
      {
        "id": "hub-activity;check-idea-notification-on-web-application",
        "keyword": "Scenario",
        "line": 152,
        "name": "Check idea notification on web application",
        "tags": [],
        "type": "scenario",
        "steps": [
          {
            "arguments": [],
            "keyword": "Given ",
            "line": 153,
            "name": "Verify profile page and cookies",
            "result": {
              "status": "skipped"
            }
          },
          {
            "arguments": [],
            "keyword": "When ",
            "line": 154,
            "name": "Go to Activity page",
            "result": {
              "status": "skipped"
            }
          },
          {
            "arguments": [],
            "keyword": "And ",
            "line": 155,
            "name": "Make idea for web application",
            "result": {
              "status": "skipped"
            }
          },
          {
            "arguments": [],
            "keyword": "And ",
            "line": 156,
            "name": "Login and give kudos to idea",
            "result": {
              "status": "skipped"
            }
          },
          {
            "arguments": [],
            "keyword": "Then ",
            "line": 157,
            "name": "Check activity notification for idea",
            "result": {
              "status": "skipped"
            }
          }
        ]
      },
      {
        "id": "hub-activity;check-offer-notification-on-web-application",
        "keyword": "Scenario",
        "line": 159,
        "name": "Check offer notification on web application",
        "tags": [],
        "type": "scenario",
        "steps": [
          {
            "arguments": [],
            "keyword": "Given ",
            "line": 160,
            "name": "Verify profile page and cookies",
            "result": {
              "status": "skipped"
            }
          },
          {
            "arguments": [],
            "keyword": "When ",
            "line": 161,
            "name": "Go to Activity page",
            "result": {
              "status": "skipped"
            }
          },
          {
            "arguments": [],
            "keyword": "And ",
            "line": 162,
            "name": "Make offer for web application",
            "result": {
              "status": "skipped"
            }
          },
          {
            "arguments": [],
            "keyword": "And ",
            "line": 163,
            "name": "Login and give kudos to Offer",
            "result": {
              "status": "skipped"
            }
          },
          {
            "arguments": [],
            "keyword": "Then ",
            "line": 164,
            "name": "Check activity notification for Offer",
            "result": {
              "status": "skipped"
            }
          }
        ]
      },
      {
        "id": "hub-activity;check-read-more-button-if-post-have-long-text",
        "keyword": "Scenario",
        "line": 166,
        "name": "Check read more button if post have long text",
        "tags": [],
        "type": "scenario",
        "steps": [
          {
            "arguments": [],
            "keyword": "Given ",
            "line": 167,
            "name": "Verify profile page and cookies",
            "result": {
              "status": "skipped"
            }
          },
          {
            "arguments": [],
            "keyword": "When ",
            "line": 168,
            "name": "Go to Activity page",
            "result": {
              "status": "skipped"
            }
          },
          {
            "arguments": [],
            "keyword": "And ",
            "line": 169,
            "name": "Make offer for read more button",
            "result": {
              "status": "skipped"
            }
          }
        ]
      },
      {
        "id": "hub-activity;check-expand-button-for-offer,-announcement,-and-post",
        "keyword": "Scenario",
        "line": 171,
        "name": "Check expand button for offer, announcement, and post",
        "tags": [
          {
            "name": "@focus",
            "line": 170
          }
        ],
        "type": "scenario",
        "steps": [
          {
            "arguments": [],
            "keyword": "Given ",
            "line": 172,
            "name": "Verify profile page and cookies",
            "result": {
              "status": "passed",
              "duration": 10814000000
            }
          },
          {
            "arguments": [],
            "keyword": "When ",
            "line": 173,
            "name": "Go to Activity page",
            "result": {
              "status": "passed",
              "duration": 89001000000
            }
          },
          {
            "arguments": [],
            "keyword": "And ",
            "line": 174,
            "name": "Check expand button for announcement",
            "result": {
              "status": "passed",
              "duration": 12000000000
            }
          },
          {
            "arguments": [],
            "keyword": "And ",
            "line": 175,
            "name": "Check expand button for post",
            "result": {
              "status": "passed",
              "duration": 10832000000
            }
          },
          {
            "arguments": [],
            "keyword": "Then ",
            "line": 176,
            "name": "Check expand button for offer",
            "result": {
              "status": "passed",
              "duration": 10849000000
            }
          }
        ]
      }
    ]
  }
]