[
  {
    "keyword": "Feature",
    "name": "Hub Group",
    "line": 1,
    "id": "hub-group",
    "tags": [],
    "uri": "HubGroups.feature",
    "elements": [
      {
        "id": "hub-group;group-overview-member",
        "keyword": "Scenario",
        "line": 3,
        "name": "Group Overview member",
        "tags": [
          {
            "name": "@TEST_CH-870",
            "line": 2
          }
        ],
        "type": "scenario",
        "steps": [
          {
            "arguments": [],
            "keyword": "Given ",
            "line": 4,
            "name": "Login using username1 email",
            "result": {
              "status": "skipped"
            }
          },
          {
            "arguments": [],
            "keyword": "When ",
            "line": 5,
            "name": "Verify profile URL and user token",
            "result": {
              "status": "skipped"
            }
          },
          {
            "arguments": [],
            "keyword": "And ",
            "line": 6,
            "name": "Visit Group page",
            "result": {
              "status": "skipped"
            }
          },
          {
            "arguments": [],
            "keyword": "Then ",
            "line": 7,
            "name": "Verify past created groups is exist",
            "result": {
              "status": "skipped"
            }
          }
        ]
      },
      {
        "id": "hub-group;checking-group-with-no-schedule-members-login",
        "keyword": "Scenario",
        "line": 9,
        "name": "Checking group with no schedule members login",
        "tags": [
          {
            "name": "@TEST_CH-871",
            "line": 8
          }
        ],
        "type": "scenario",
        "steps": [
          {
            "arguments": [],
            "keyword": "Given ",
            "line": 10,
            "name": "Login using username2 email",
            "result": {
              "status": "skipped"
            }
          },
          {
            "arguments": [],
            "keyword": "When ",
            "line": 11,
            "name": "Verify profile URL and user login token",
            "result": {
              "status": "skipped"
            }
          },
          {
            "arguments": [],
            "keyword": "And ",
            "line": 12,
            "name": "Visit Group page",
            "result": {
              "status": "skipped"
            }
          },
          {
            "arguments": [],
            "keyword": "Then ",
            "line": 13,
            "name": "Check group schedule",
            "result": {
              "status": "skipped"
            }
          }
        ]
      },
      {
        "id": "hub-group;create-group-with-schedule",
        "keyword": "Scenario",
        "line": 15,
        "name": "Create group with schedule",
        "tags": [
          {
            "name": "@TEST_CH-827",
            "line": 14
          }
        ],
        "type": "scenario",
        "steps": [
          {
            "arguments": [],
            "keyword": "Given ",
            "line": 16,
            "name": "Login using username email",
            "result": {
              "status": "skipped"
            }
          },
          {
            "arguments": [],
            "keyword": "When ",
            "line": 17,
            "name": "Visit Group screen",
            "result": {
              "status": "skipped"
            }
          },
          {
            "arguments": [],
            "keyword": "And ",
            "line": 18,
            "name": "Add group",
            "result": {
              "status": "skipped"
            }
          },
          {
            "arguments": [],
            "keyword": "And ",
            "line": 19,
            "name": "Verify created group",
            "result": {
              "status": "skipped"
            }
          },
          {
            "arguments": [],
            "keyword": "And ",
            "line": 20,
            "name": "Redirect to group page",
            "result": {
              "status": "skipped"
            }
          },
          {
            "arguments": [],
            "keyword": "Then ",
            "line": 21,
            "name": "Search created group and delete it",
            "result": {
              "status": "skipped"
            }
          }
        ]
      },
      {
        "id": "hub-group;checking-group-with-schedule-members-login",
        "keyword": "Scenario",
        "line": 23,
        "name": "Checking group with schedule members login",
        "tags": [
          {
            "name": "@TEST_CH-872",
            "line": 22
          }
        ],
        "type": "scenario",
        "steps": [
          {
            "arguments": [],
            "keyword": "Given ",
            "line": 24,
            "name": "Login using eventMember email",
            "result": {
              "status": "skipped"
            }
          },
          {
            "arguments": [],
            "keyword": "When ",
            "line": 25,
            "name": "Verify profile and token",
            "result": {
              "status": "skipped"
            }
          },
          {
            "arguments": [],
            "keyword": "And ",
            "line": 26,
            "name": "Go to group page",
            "result": {
              "status": "skipped"
            }
          },
          {
            "arguments": [],
            "keyword": "Then ",
            "line": 27,
            "name": "Verify exist group",
            "result": {
              "status": "skipped"
            }
          }
        ]
      },
      {
        "id": "hub-group;group-overview-from-admin",
        "keyword": "Scenario",
        "line": 29,
        "name": "Group Overview from Admin",
        "tags": [
          {
            "name": "@TEST_CH-873",
            "line": 28
          }
        ],
        "type": "scenario",
        "steps": [
          {
            "arguments": [],
            "keyword": "Given ",
            "line": 30,
            "name": "Login to the username email",
            "result": {
              "status": "skipped"
            }
          },
          {
            "arguments": [],
            "keyword": "When ",
            "line": 31,
            "name": "Verify profile and login user token",
            "result": {
              "status": "skipped"
            }
          },
          {
            "arguments": [],
            "keyword": "And ",
            "line": 32,
            "name": "Jump to group page",
            "result": {
              "status": "skipped"
            }
          },
          {
            "arguments": [],
            "keyword": "Then ",
            "line": 33,
            "name": "Verify add group button is visible",
            "result": {
              "status": "skipped"
            }
          }
        ]
      },
      {
        "id": "hub-group;check-group-without-schedule-from-admin",
        "keyword": "Scenario",
        "line": 35,
        "name": "Check Group without Schedule from Admin",
        "tags": [
          {
            "name": "@TEST_CH-874",
            "line": 34
          }
        ],
        "type": "scenario",
        "steps": [
          {
            "arguments": [],
            "keyword": "Given ",
            "line": 36,
            "name": "Login to rebel base portal",
            "result": {
              "status": "skipped"
            }
          },
          {
            "arguments": [],
            "keyword": "When ",
            "line": 37,
            "name": "Verify profile, user token",
            "result": {
              "status": "skipped"
            }
          },
          {
            "arguments": [],
            "keyword": "And ",
            "line": 38,
            "name": "Navigate to group page",
            "result": {
              "status": "skipped"
            }
          },
          {
            "arguments": [],
            "keyword": "And ",
            "line": 39,
            "name": "Verify create group button is visible",
            "result": {
              "status": "skipped"
            }
          },
          {
            "arguments": [],
            "keyword": "Then ",
            "line": 40,
            "name": "Redirect to test dev group",
            "result": {
              "status": "skipped"
            }
          }
        ]
      },
      {
        "id": "hub-group;group-with-schedule-[admin]",
        "keyword": "Scenario",
        "line": 42,
        "name": "Group with Schedule [Admin]",
        "tags": [
          {
            "name": "@TEST_CH-829",
            "line": 41
          }
        ],
        "type": "scenario",
        "steps": [
          {
            "arguments": [],
            "keyword": "Given ",
            "line": 43,
            "name": "Login to rebelbase",
            "result": {
              "status": "skipped"
            }
          },
          {
            "arguments": [],
            "keyword": "When ",
            "line": 44,
            "name": "Verify loggedin user token and profile url",
            "result": {
              "status": "skipped"
            }
          },
          {
            "arguments": [],
            "keyword": "And ",
            "line": 45,
            "name": "Visite to group page",
            "result": {
              "status": "skipped"
            }
          },
          {
            "arguments": [],
            "keyword": "And ",
            "line": 46,
            "name": "Verify plush button is visible",
            "result": {
              "status": "skipped"
            }
          },
          {
            "arguments": [],
            "keyword": "Then ",
            "line": 47,
            "name": "Redirect to the test dev group",
            "result": {
              "status": "skipped"
            }
          }
        ]
      },
      {
        "id": "hub-group;invite-new-user-to-hub-from-group-and-create-and-add-project-to-group",
        "keyword": "Scenario",
        "line": 49,
        "name": "Invite new user to hub from group and create and add project to group",
        "tags": [
          {
            "name": "@TEST_CH-1295",
            "line": 48
          }
        ],
        "type": "scenario",
        "steps": [
          {
            "arguments": [],
            "keyword": "Given ",
            "line": 50,
            "name": "Access rebelbase portal",
            "result": {
              "status": "skipped"
            }
          },
          {
            "arguments": [],
            "keyword": "When ",
            "line": 51,
            "name": "Redirect to group page for devhub",
            "result": {
              "status": "skipped"
            }
          },
          {
            "arguments": [],
            "keyword": "And ",
            "line": 52,
            "name": "Go to test dev group",
            "result": {
              "status": "skipped"
            }
          },
          {
            "arguments": [],
            "keyword": "And ",
            "line": 53,
            "name": "Add member to the group",
            "result": {
              "status": "skipped"
            }
          },
          {
            "arguments": [],
            "keyword": "And ",
            "line": 54,
            "name": "Logout to the account",
            "result": {
              "status": "skipped"
            }
          },
          {
            "arguments": [],
            "keyword": "And ",
            "line": 55,
            "name": "Signup new user",
            "result": {
              "status": "skipped"
            }
          },
          {
            "arguments": [],
            "keyword": "Then ",
            "line": 56,
            "name": "Accept invitation",
            "result": {
              "status": "skipped"
            }
          }
        ]
      },
      {
        "id": "hub-group;duplicate-group-name",
        "keyword": "Scenario",
        "line": 58,
        "name": "Duplicate group name",
        "tags": [
          {
            "name": "@TEST_CH-1296",
            "line": 57
          }
        ],
        "type": "scenario",
        "steps": [
          {
            "arguments": [],
            "keyword": "Given ",
            "line": 59,
            "name": "Intercept section blueprint api call",
            "result": {
              "status": "skipped"
            }
          },
          {
            "arguments": [],
            "keyword": "When ",
            "line": 60,
            "name": "Login the rebelbase portal",
            "result": {
              "status": "skipped"
            }
          },
          {
            "arguments": [],
            "keyword": "And ",
            "line": 61,
            "name": "Verify api response",
            "result": {
              "status": "skipped"
            }
          },
          {
            "arguments": [],
            "keyword": "And ",
            "line": 62,
            "name": "Redirected to group page",
            "result": {
              "status": "skipped"
            }
          },
          {
            "arguments": [],
            "keyword": "And ",
            "line": 63,
            "name": "Creating group",
            "result": {
              "status": "skipped"
            }
          },
          {
            "arguments": [],
            "keyword": "Then ",
            "line": 64,
            "name": "Verify alert message",
            "result": {
              "status": "skipped"
            }
          }
        ]
      },
      {
        "id": "hub-group;add-builder-schedule",
        "keyword": "Scenario",
        "line": 66,
        "name": "Add builder schedule",
        "tags": [
          {
            "name": "@TEST_CH-1297",
            "line": 65
          }
        ],
        "type": "scenario",
        "steps": [
          {
            "arguments": [],
            "keyword": "Given ",
            "line": 67,
            "name": "Get access on rebelbase portal",
            "result": {
              "status": "skipped"
            }
          },
          {
            "arguments": [],
            "keyword": "When ",
            "line": 68,
            "name": "Visit DevHub group page",
            "result": {
              "status": "skipped"
            }
          },
          {
            "arguments": [],
            "keyword": "And ",
            "line": 69,
            "name": "Go to group and set schedule",
            "result": {
              "status": "skipped"
            }
          },
          {
            "arguments": [],
            "keyword": "Then ",
            "line": 70,
            "name": "Verify schedule is save",
            "result": {
              "status": "skipped"
            }
          }
        ]
      },
      {
        "id": "hub-group;add-search-and-delete-member-from-group",
        "keyword": "Scenario",
        "line": 72,
        "name": "Add search and delete member from group",
        "tags": [
          {
            "name": "@TEST_CH-1298",
            "line": 71
          },
          {
            "name": "@focus",
            "line": 71
          }
        ],
        "type": "scenario",
        "steps": [
          {
            "arguments": [],
            "keyword": "Given ",
            "line": 73,
            "name": "Access to the rebelbase",
            "result": {
              "status": "passed",
              "duration": 61189000000
            }
          },
          {
            "arguments": [],
            "keyword": "When ",
            "line": 74,
            "name": "Navigate group page",
            "result": {
              "status": "passed",
              "duration": 5300000000
            }
          },
          {
            "arguments": [],
            "keyword": "And ",
            "line": 75,
            "name": "Go to group details page and delete member",
            "result": {
              "status": "failed",
              "error_message": "AssertionError: Timed out retrying after 100000ms: Expected to find element: `.MuiAlert-message`, but never found it.\n    at Context.eval (https://app.dev.rebelbase.co/__cypress/tests?p=cypress\\integration\\cucumber-test\\HubGroups.feature:1508:70)\n    at Context.resolveAndRunStepDefinition (https://app.dev.rebelbase.co/__cypress/tests?p=cypress\\integration\\cucumber-test\\HubGroups.feature:14492:29)\n    at Context.eval (https://app.dev.rebelbase.co/__cypress/tests?p=cypress\\integration\\cucumber-test\\HubGroups.feature:13813:35)"
            }
          },
          {
            "arguments": [],
            "keyword": "And ",
            "line": 76,
            "name": "Adding member to the group",
            "result": {
              "status": "skipped"
            }
          },
          {
            "arguments": [],
            "keyword": "Then ",
            "line": 77,
            "name": "Deleting member from group",
            "result": {
              "status": "skipped"
            }
          }
        ]
      },
      {
        "id": "hub-group;add-delete-manager-in-group",
        "keyword": "Scenario",
        "line": 79,
        "name": "Add delete manager in group",
        "tags": [
          {
            "name": "@TEST_CH-822",
            "line": 78
          }
        ],
        "type": "scenario",
        "steps": [
          {
            "arguments": [],
            "keyword": "Given ",
            "line": 80,
            "name": "Getting access on the rebelbase portal",
            "result": {
              "status": "skipped"
            }
          },
          {
            "arguments": [],
            "keyword": "When ",
            "line": 81,
            "name": "Jumped to group page",
            "result": {
              "status": "skipped"
            }
          },
          {
            "arguments": [],
            "keyword": "And ",
            "line": 82,
            "name": "Add new groups",
            "result": {
              "status": "skipped"
            }
          },
          {
            "arguments": [],
            "keyword": "And ",
            "line": 83,
            "name": "Verifing created group",
            "result": {
              "status": "skipped"
            }
          },
          {
            "arguments": [],
            "keyword": "And ",
            "line": 84,
            "name": "Redirect to created group page",
            "result": {
              "status": "skipped"
            }
          },
          {
            "arguments": [],
            "keyword": "And ",
            "line": 85,
            "name": "Add manager in group",
            "result": {
              "status": "skipped"
            }
          },
          {
            "arguments": [],
            "keyword": "Then ",
            "line": 86,
            "name": "Delete manager from group",
            "result": {
              "status": "skipped"
            }
          }
        ]
      },
      {
        "id": "hub-group;invite-to-user-who-is-not-part-of-group",
        "keyword": "Scenario",
        "line": 88,
        "name": "Invite to user who is not part of group",
        "tags": [
          {
            "name": "@TEST_CH-819",
            "line": 87
          }
        ],
        "type": "scenario",
        "steps": [
          {
            "arguments": [],
            "keyword": "Given ",
            "line": 89,
            "name": "Logged in to the rebelbase portal",
            "result": {
              "status": "skipped"
            }
          },
          {
            "arguments": [],
            "keyword": "When ",
            "line": 90,
            "name": "Redirect to group page from DevHub",
            "result": {
              "status": "skipped"
            }
          },
          {
            "arguments": [],
            "keyword": "And ",
            "line": 91,
            "name": "Adding group",
            "result": {
              "status": "skipped"
            }
          },
          {
            "arguments": [],
            "keyword": "Then ",
            "line": 92,
            "name": "Checking for duplicate group name",
            "result": {
              "status": "skipped"
            }
          }
        ]
      },
      {
        "id": "hub-group;deactivate-group",
        "keyword": "Scenario",
        "line": 94,
        "name": "Deactivate group",
        "tags": [
          {
            "name": "@TEST_CH-823",
            "line": 93
          }
        ],
        "type": "scenario",
        "steps": [
          {
            "arguments": [],
            "keyword": "Given ",
            "line": 95,
            "name": "Get access Rebelbase portal",
            "result": {
              "status": "skipped"
            }
          },
          {
            "arguments": [],
            "keyword": "When ",
            "line": 96,
            "name": "Redirect the group page",
            "result": {
              "status": "skipped"
            }
          },
          {
            "arguments": [],
            "keyword": "And ",
            "line": 97,
            "name": "Searching for group",
            "result": {
              "status": "skipped"
            }
          },
          {
            "arguments": [],
            "keyword": "Then ",
            "line": 98,
            "name": "Deactivate group",
            "result": {
              "status": "skipped"
            }
          }
        ]
      },
      {
        "id": "hub-group;delete-group",
        "keyword": "Scenario",
        "line": 100,
        "name": "Delete Group",
        "tags": [
          {
            "name": "@TEST_CH-1299",
            "line": 99
          }
        ],
        "type": "scenario",
        "steps": [
          {
            "arguments": [],
            "keyword": "Given ",
            "line": 101,
            "name": "Username login to the rebelbase portal",
            "result": {
              "status": "skipped"
            }
          },
          {
            "arguments": [],
            "keyword": "When ",
            "line": 102,
            "name": "Visit directly to group page",
            "result": {
              "status": "skipped"
            }
          },
          {
            "arguments": [],
            "keyword": "And ",
            "line": 103,
            "name": "Search for group",
            "result": {
              "status": "skipped"
            }
          },
          {
            "arguments": [],
            "keyword": "Then ",
            "line": 104,
            "name": "Delete group",
            "result": {
              "status": "skipped"
            }
          }
        ]
      },
      {
        "id": "hub-group;create-group-with-members-from-different-hubs-and-groups-and-events",
        "keyword": "Scenario",
        "line": 106,
        "name": "create group with members from different hubs and GROUPS and events",
        "tags": [],
        "type": "scenario",
        "steps": [
          {
            "arguments": [],
            "keyword": "Given ",
            "line": 107,
            "name": "Login to account",
            "result": {
              "status": "skipped"
            }
          },
          {
            "arguments": [],
            "keyword": "When ",
            "line": 108,
            "name": "Visit Group pages",
            "result": {
              "status": "skipped"
            }
          },
          {
            "arguments": [],
            "keyword": "And ",
            "line": 109,
            "name": "Adding new groups",
            "result": {
              "status": "skipped"
            }
          },
          {
            "arguments": [],
            "keyword": "And ",
            "line": 110,
            "name": "Verify group is created successfully",
            "result": {
              "status": "skipped"
            }
          },
          {
            "arguments": [],
            "keyword": "And ",
            "line": 111,
            "name": "Adding members from different hubs and GROUPS and events",
            "result": {
              "status": "skipped"
            }
          },
          {
            "arguments": [],
            "keyword": "Then ",
            "line": 112,
            "name": "Delete group after member added successfully",
            "result": {
              "status": "skipped"
            }
          }
        ]
      },
      {
        "id": "hub-group;invite-user-and-check-invitation-on-web-application",
        "keyword": "Scenario",
        "line": 114,
        "name": "Invite user and check invitation on web application",
        "tags": [],
        "type": "scenario",
        "steps": [
          {
            "arguments": [],
            "keyword": "Given ",
            "line": 115,
            "name": "Login using hubuser email",
            "result": {
              "status": "skipped"
            }
          },
          {
            "arguments": [],
            "keyword": "When ",
            "line": 116,
            "name": "User is on group page",
            "result": {
              "status": "skipped"
            }
          },
          {
            "arguments": [],
            "keyword": "And ",
            "line": 117,
            "name": "Create group and verify is created successfully",
            "result": {
              "status": "skipped"
            }
          },
          {
            "arguments": [],
            "keyword": "And ",
            "line": 118,
            "name": "Send invitation to user from group",
            "result": {
              "status": "skipped"
            }
          },
          {
            "arguments": [],
            "keyword": "Then ",
            "line": 119,
            "name": "Check invitation from web Application",
            "result": {
              "status": "skipped"
            }
          }
        ]
      },
      {
        "id": "hub-group;verify-the-user-is-logged-in-to-admin-account",
        "keyword": "Scenario",
        "line": 121,
        "name": "Verify the user is logged in to admin account",
        "tags": [],
        "type": "scenario",
        "steps": [
          {
            "arguments": [],
            "keyword": "Given ",
            "line": 122,
            "name": "Login to hub admin account",
            "result": {
              "status": "skipped"
            }
          },
          {
            "arguments": [],
            "keyword": "When ",
            "line": 123,
            "name": "Navigate to member page",
            "result": {
              "status": "skipped"
            }
          },
          {
            "arguments": [],
            "keyword": "Then ",
            "line": 124,
            "name": "Verify user is hub admin",
            "result": {
              "status": "skipped"
            }
          }
        ]
      },
      {
        "id": "hub-group;verify-the-user-is-logged-in-to-member-account",
        "keyword": "Scenario",
        "line": 126,
        "name": "Verify the user is logged in to member account",
        "tags": [],
        "type": "scenario",
        "steps": [
          {
            "arguments": [],
            "keyword": "Given ",
            "line": 127,
            "name": "Login to hub member account",
            "result": {
              "status": "skipped"
            }
          },
          {
            "arguments": [],
            "keyword": "When ",
            "line": 128,
            "name": "Navigate to member page for member account",
            "result": {
              "status": "skipped"
            }
          },
          {
            "arguments": [],
            "keyword": "Then ",
            "line": 129,
            "name": "Verify user is member",
            "result": {
              "status": "skipped"
            }
          }
        ]
      },
      {
        "id": "hub-group;verify-unsuccessful-invitation-validation-if-multiple-email-are-there",
        "keyword": "Scenario",
        "line": 131,
        "name": "Verify unsuccessful invitation validation if multiple email are there",
        "tags": [],
        "type": "scenario",
        "steps": [
          {
            "arguments": [],
            "keyword": "Given ",
            "line": 132,
            "name": "Login to hub admin account",
            "result": {
              "status": "skipped"
            }
          },
          {
            "arguments": [],
            "keyword": "When ",
            "line": 133,
            "name": "Navigate to member page for admin account",
            "result": {
              "status": "skipped"
            }
          },
          {
            "arguments": [],
            "keyword": "Then ",
            "line": 134,
            "name": "Verify unsuccessful invitation validation if multiple email are there",
            "result": {
              "status": "skipped"
            }
          }
        ]
      },
      {
        "id": "hub-group;verify-user-is-automatically-added-to-the-dev-hub-and-group",
        "keyword": "Scenario",
        "line": 136,
        "name": "Verify user is automatically added to the Dev hub and group",
        "tags": [],
        "type": "scenario",
        "steps": [
          {
            "arguments": [],
            "keyword": "Given ",
            "line": 137,
            "name": "Login to hub admin account",
            "result": {
              "status": "skipped"
            }
          },
          {
            "arguments": [],
            "keyword": "When ",
            "line": 138,
            "name": "Navigate to Group page for admin account",
            "result": {
              "status": "skipped"
            }
          },
          {
            "arguments": [],
            "keyword": "And ",
            "line": 139,
            "name": "Create group and Invite new user to the group",
            "result": {
              "status": "skipped"
            }
          },
          {
            "arguments": [],
            "keyword": "And ",
            "line": 140,
            "name": "Verify token from received email",
            "result": {
              "status": "skipped"
            }
          }
        ]
      },
      {
        "id": "hub-group;add-member-to-the-group-if-the-user-already-member-of-the-hub-group",
        "keyword": "Scenario",
        "line": 142,
        "name": "Add member to the group if the user already member of the hub group",
        "tags": [],
        "type": "scenario",
        "steps": [
          {
            "arguments": [],
            "keyword": "Given ",
            "line": 143,
            "name": "Login to hub admin account",
            "result": {
              "status": "skipped"
            }
          },
          {
            "arguments": [],
            "keyword": "When ",
            "line": 144,
            "name": "Navigate to Group page for admin account",
            "result": {
              "status": "skipped"
            }
          },
          {
            "arguments": [],
            "keyword": "And ",
            "line": 145,
            "name": "Create group and add member to the group",
            "result": {
              "status": "skipped"
            }
          }
        ]
      },
      {
        "id": "hub-group;verify-project-tab",
        "keyword": "Scenario",
        "line": 147,
        "name": "Verify project tab",
        "tags": [
          {
            "name": "@focus",
            "line": 146
          }
        ],
        "type": "scenario",
        "steps": [
          {
            "arguments": [],
            "keyword": "Given ",
            "line": 148,
            "name": "Login to Rebelbase portal and navigate to group page",
            "result": {
              "status": "failed",
              "error_message": "CypressError: `cy.type()` failed because it targeted a disabled element.\n\nThe element typed into was:\n\n  > <input name=\"email\" type=\"email\" value=\"\" class=\" error\">\n\nEnsure the element does not have an attribute named `disabled` before typing into it.\n    at https://app.dev.rebelbase.co/__cypress/runner/cypress_runner.js:152261:86\nFrom previous event:\n    at onReady (https://app.dev.rebelbase.co/__cypress/runner/cypress_runner.js:152253:14)\n    at runAllChecks (https://app.dev.rebelbase.co/__cypress/runner/cypress_runner.js:147736:14)\n    at retryActionability (https://app.dev.rebelbase.co/__cypress/runner/cypress_runner.js:147745:16)\nFrom previous event:\n    at whenStable (https://app.dev.rebelbase.co/__cypress/runner/cypress_runner.js:166930:65)\n    at https://app.dev.rebelbase.co/__cypress/runner/cypress_runner.js:166385:14\nFrom previous event:\n    at $Cy.retry (https://app.dev.rebelbase.co/__cypress/runner/cypress_runner.js:166365:76)\n    at retryActionability (https://app.dev.rebelbase.co/__cypress/runner/cypress_runner.js:147748:19)\n    at https://app.dev.rebelbase.co/__cypress/runner/cypress_runner.js:147752:12\nFrom previous event:\n    at Object.verify (https://app.dev.rebelbase.co/__cypress/runner/cypress_runner.js:147657:61)\n    at handleFocused (https://app.dev.rebelbase.co/__cypress/runner/cypress_runner.js:152224:77)\n    at type (https://app.dev.rebelbase.co/__cypress/runner/cypress_runner.js:152284:12)\n    at originalFn (https://app.dev.rebelbase.co/__cypress/runner/cypress_runner.js:170716:28)\n    at overridden.fn (https://app.dev.rebelbase.co/__cypress/runner/cypress_runner.js:170723:19)\n    at Context.<anonymous> (https://app.dev.rebelbase.co/__cypress/runner/cypress_runner.js:171662:19)\nFrom Your Spec Code:\n    at Context.eval (https://app.dev.rebelbase.co/__cypress/tests?p=cypress\\support\\e2e.js:28:33)"
            }
          },
          {
            "arguments": [],
            "keyword": "When ",
            "line": 149,
            "name": "Searching for existing group",
            "result": {
              "status": "skipped"
            }
          },
          {
            "arguments": [],
            "keyword": "And ",
            "line": 150,
            "name": "Verify project is appears when the user search using project name and member name",
            "result": {
              "status": "skipped"
            }
          },
          {
            "arguments": [],
            "keyword": "And ",
            "line": 151,
            "name": "Verify default sortby is selected",
            "result": {
              "status": "skipped"
            }
          }
        ]
      }
    ]
  }
]