[
  {
    "keyword": "Feature",
    "name": "Hub members different filters",
    "line": 1,
    "id": "hub-members-different-filters",
    "tags": [],
    "uri": "HubMemberFilter.feature",
    "elements": [
      {
        "id": "hub-members-different-filters;verify-hub-admin-is-visible",
        "keyword": "Scenario",
        "line": 3,
        "name": "Verify hub admin is visible",
        "tags": [],
        "type": "scenario",
        "steps": [
          {
            "arguments": [],
            "keyword": "Given ",
            "line": 4,
            "name": "Login to the portal",
            "result": {
              "status": "skipped"
            }
          },
          {
            "arguments": [],
            "keyword": "When ",
            "line": 5,
            "name": "Redirect to Hub group member page",
            "result": {
              "status": "skipped"
            }
          },
          {
            "arguments": [],
            "keyword": "And ",
            "line": 6,
            "name": "Verify member page",
            "result": {
              "status": "skipped"
            }
          },
          {
            "arguments": [],
            "keyword": "Then ",
            "line": 7,
            "name": "Verify Hub admin is visible",
            "result": {
              "status": "skipped"
            }
          }
        ]
      },
      {
        "id": "hub-members-different-filters;verify-hub-admin-is-show-when-owners-and-admin-is-selected",
        "keyword": "Scenario",
        "line": 9,
        "name": "Verify Hub admin is show when Owners and admin is selected",
        "tags": [],
        "type": "scenario",
        "steps": [
          {
            "arguments": [],
            "keyword": "Given ",
            "line": 10,
            "name": "Login to the Rebelbase portal",
            "result": {
              "status": "skipped"
            }
          },
          {
            "arguments": [],
            "keyword": "When ",
            "line": 11,
            "name": "Go to Hub group member page",
            "result": {
              "status": "skipped"
            }
          },
          {
            "arguments": [],
            "keyword": "And ",
            "line": 12,
            "name": "Verify member page is from Hub",
            "result": {
              "status": "skipped"
            }
          },
          {
            "arguments": [],
            "keyword": "And ",
            "line": 13,
            "name": "Verify Hub admin is present",
            "result": {
              "status": "skipped"
            }
          },
          {
            "arguments": [],
            "keyword": "Then ",
            "line": 14,
            "name": "Verify member is display when Owners and admin is selected",
            "result": {
              "status": "skipped"
            }
          }
        ]
      },
      {
        "id": "hub-members-different-filters;verify-hub-admin-is-not-show-when-member's-only-is-selected",
        "keyword": "Scenario",
        "line": 16,
        "name": "Verify Hub admin is not show when Member's only is selected",
        "tags": [],
        "type": "scenario",
        "steps": [
          {
            "arguments": [],
            "keyword": "Given ",
            "line": 17,
            "name": "Login to Rebelbase portal",
            "result": {
              "status": "skipped"
            }
          },
          {
            "arguments": [],
            "keyword": "When ",
            "line": 18,
            "name": "Go to member page",
            "result": {
              "status": "skipped"
            }
          },
          {
            "arguments": [],
            "keyword": "And ",
            "line": 19,
            "name": "Verify member page",
            "result": {
              "status": "skipped"
            }
          },
          {
            "arguments": [],
            "keyword": "And ",
            "line": 20,
            "name": "Verify Hub is present",
            "result": {
              "status": "skipped"
            }
          },
          {
            "arguments": [],
            "keyword": "Then ",
            "line": 21,
            "name": "Verify Hub admin is not display when Member only is selected",
            "result": {
              "status": "skipped"
            }
          }
        ]
      },
      {
        "id": "hub-members-different-filters;verify-pending-invitation",
        "keyword": "Scenario",
        "line": 23,
        "name": "Verify pending invitation",
        "tags": [],
        "type": "scenario",
        "steps": [
          {
            "arguments": [],
            "keyword": "Given ",
            "line": 24,
            "name": "Login to Rebelbase portal",
            "result": {
              "status": "skipped"
            }
          },
          {
            "arguments": [],
            "keyword": "When ",
            "line": 25,
            "name": "Go to member page",
            "result": {
              "status": "skipped"
            }
          },
          {
            "arguments": [],
            "keyword": "Then ",
            "line": 26,
            "name": "Verify pending invitation",
            "result": {
              "status": "skipped"
            }
          }
        ]
      },
      {
        "id": "hub-members-different-filters;verify-default-show-all-short-option-is-selected",
        "keyword": "Scenario",
        "line": 28,
        "name": "Verify default show all short option is selected",
        "tags": [],
        "type": "scenario",
        "steps": [
          {
            "arguments": [],
            "keyword": "Given ",
            "line": 29,
            "name": "Login to Rebelbase portal",
            "result": {
              "status": "skipped"
            }
          },
          {
            "arguments": [],
            "keyword": "When ",
            "line": 30,
            "name": "Go to member page",
            "result": {
              "status": "skipped"
            }
          },
          {
            "arguments": [],
            "keyword": "Then ",
            "line": 31,
            "name": "Verify default show all short option is selected",
            "result": {
              "status": "skipped"
            }
          }
        ]
      },
      {
        "id": "hub-members-different-filters;resend-all-invitation",
        "keyword": "Scenario",
        "line": 33,
        "name": "Resend all invitation",
        "tags": [],
        "type": "scenario",
        "steps": [
          {
            "arguments": [],
            "keyword": "Given ",
            "line": 34,
            "name": "Login to Rebelbase portal",
            "result": {
              "status": "skipped"
            }
          },
          {
            "arguments": [],
            "keyword": "When ",
            "line": 35,
            "name": "Go to member page",
            "result": {
              "status": "skipped"
            }
          },
          {
            "arguments": [],
            "keyword": "Then ",
            "line": 36,
            "name": "Verify resend all has been sent",
            "result": {
              "status": "skipped"
            }
          }
        ]
      },
      {
        "id": "hub-members-different-filters;resend-single-invitation",
        "keyword": "Scenario",
        "line": 38,
        "name": "Resend single invitation",
        "tags": [],
        "type": "scenario",
        "steps": [
          {
            "arguments": [],
            "keyword": "Given ",
            "line": 39,
            "name": "Login to Rebelbase portal",
            "result": {
              "status": "skipped"
            }
          },
          {
            "arguments": [],
            "keyword": "When ",
            "line": 40,
            "name": "Go to member page",
            "result": {
              "status": "skipped"
            }
          },
          {
            "arguments": [],
            "keyword": "Then ",
            "line": 41,
            "name": "Verify resend single invitation has been sent",
            "result": {
              "status": "skipped"
            }
          }
        ]
      },
      {
        "id": "hub-members-different-filters;delete-pending-invitation",
        "keyword": "Scenario",
        "line": 43,
        "name": "Delete pending invitation",
        "tags": [],
        "type": "scenario",
        "steps": [
          {
            "arguments": [],
            "keyword": "Given ",
            "line": 44,
            "name": "Login to Rebelbase portal",
            "result": {
              "status": "skipped"
            }
          },
          {
            "arguments": [],
            "keyword": "When ",
            "line": 45,
            "name": "Go to member page",
            "result": {
              "status": "skipped"
            }
          },
          {
            "arguments": [],
            "keyword": "And ",
            "line": 46,
            "name": "Send invitation",
            "result": {
              "status": "skipped"
            }
          },
          {
            "arguments": [],
            "keyword": "Then ",
            "line": 47,
            "name": "Delete pending invitation",
            "result": {
              "status": "skipped"
            }
          }
        ]
      },
      {
        "id": "hub-members-different-filters;verify-placeholder-should-be-decapitalized",
        "keyword": "Scenario",
        "line": 50,
        "name": "Verify placeholder should be decapitalized",
        "tags": [
          {
            "name": "@focus",
            "line": 49
          }
        ],
        "type": "scenario",
        "steps": [
          {
            "arguments": [],
            "keyword": "Given ",
            "line": 51,
            "name": "Login to Rebelbase portal",
            "result": {
              "status": "passed",
              "duration": 50301000000
            }
          },
          {
            "arguments": [],
            "keyword": "When ",
            "line": 52,
            "name": "Go to member page",
            "result": {
              "status": "passed",
              "duration": 5192000000
            }
          },
          {
            "arguments": [],
            "keyword": "And ",
            "line": 53,
            "name": "Verify button and placeholder text",
            "result": {
              "status": "passed",
              "duration": 878000000
            }
          },
          {
            "arguments": [],
            "keyword": "Then ",
            "line": 54,
            "name": "Verify button and placeholder text in spanish version",
            "result": {
              "status": "passed",
              "duration": 11048000000
            }
          }
        ]
      }
    ]
  }
]