[
  {
    "keyword": "Feature",
    "name": "Login",
    "line": 1,
    "id": "login",
    "tags": [],
    "uri": "Login.feature",
    "elements": [
      {
        "id": "login;email-is-missing",
        "keyword": "Scenario",
        "line": 3,
        "name": "Email is missing",
        "tags": [
          {
            "name": "@TEST_CH-1301",
            "line": 2
          }
        ],
        "type": "scenario",
        "steps": [
          {
            "arguments": [],
            "keyword": "Given ",
            "line": 4,
            "name": "Visit rebelbase portal",
            "result": {
              "status": "passed",
              "duration": 5863000000
            }
          },
          {
            "arguments": [],
            "keyword": "When ",
            "line": 5,
            "name": "Enter only password into textbox",
            "result": {
              "status": "passed",
              "duration": 1775000000
            }
          },
          {
            "arguments": [],
            "keyword": "And ",
            "line": 6,
            "name": "Click on login button",
            "result": {
              "status": "passed",
              "duration": 1531000000
            }
          },
          {
            "arguments": [],
            "keyword": "Then ",
            "line": 7,
            "name": "Verify email is missing",
            "result": {
              "status": "passed",
              "duration": 78000000
            }
          }
        ]
      },
      {
        "id": "login;password-is-less-than-6-char",
        "keyword": "Scenario",
        "line": 9,
        "name": "Password is less than 6 char",
        "tags": [
          {
            "name": "@TEST_CH-705",
            "line": 8
          }
        ],
        "type": "scenario",
        "steps": [
          {
            "arguments": [],
            "keyword": "Given ",
            "line": 10,
            "name": "Visit rebelbase portal",
            "result": {
              "status": "passed",
              "duration": 1639000000
            }
          },
          {
            "arguments": [],
            "keyword": "When ",
            "line": 11,
            "name": "Enter only email into textbox",
            "result": {
              "status": "passed",
              "duration": 1977000000
            }
          },
          {
            "arguments": [],
            "keyword": "And ",
            "line": 12,
            "name": "Click on login button",
            "result": {
              "status": "passed",
              "duration": 1514000000
            }
          },
          {
            "arguments": [],
            "keyword": "Then ",
            "line": 13,
            "name": "Verify password validation",
            "result": {
              "status": "passed",
              "duration": 59000000
            }
          }
        ]
      },
      {
        "id": "login;invalid-login-id-or-passwd-details",
        "keyword": "Scenario",
        "line": 15,
        "name": "Invalid login Id or passwd details",
        "tags": [
          {
            "name": "@TEST_CH-706",
            "line": 14
          }
        ],
        "type": "scenario",
        "steps": [
          {
            "arguments": [],
            "keyword": "Given ",
            "line": 16,
            "name": "Visit rebelbase portal",
            "result": {
              "status": "passed",
              "duration": 1632000000
            }
          },
          {
            "arguments": [],
            "keyword": "When ",
            "line": 17,
            "name": "Verify email validation",
            "result": {
              "status": "passed",
              "duration": 5345000000
            }
          },
          {
            "arguments": [],
            "keyword": "Then ",
            "line": 18,
            "name": "Verify email or password validation",
            "result": {
              "status": "passed",
              "duration": 8741000000
            }
          }
        ]
      },
      {
        "id": "login;autofill-email-address-if-exist-in-url",
        "keyword": "Scenario",
        "line": 20,
        "name": "Autofill email address if exist in url",
        "tags": [
          {
            "name": "@TEST_CH-711",
            "line": 19
          }
        ],
        "type": "scenario",
        "steps": [
          {
            "arguments": [],
            "keyword": "Given ",
            "line": 21,
            "name": "Visit url",
            "result": {
              "status": "passed",
              "duration": 1703000000
            }
          },
          {
            "arguments": [],
            "keyword": "When ",
            "line": 22,
            "name": "Verify email textbox value",
            "result": {
              "status": "passed",
              "duration": 16000000
            }
          },
          {
            "arguments": [],
            "keyword": "Then ",
            "line": 23,
            "name": "Verify validation",
            "result": {
              "status": "passed",
              "duration": 17000000
            }
          }
        ]
      },
      {
        "id": "login;should-login-and-redirect-to-profile",
        "keyword": "Scenario",
        "line": 25,
        "name": "Should login and redirect to profile",
        "tags": [],
        "type": "scenario",
        "steps": [
          {
            "arguments": [],
            "keyword": "Given ",
            "line": 26,
            "name": "Login to the rebelbase portal",
            "result": {
              "status": "passed",
              "duration": 8919000000
            }
          },
          {
            "arguments": [],
            "keyword": "When ",
            "line": 27,
            "name": "Verify profile url",
            "result": {
              "status": "passed",
              "duration": 23000000
            }
          },
          {
            "arguments": [],
            "keyword": "Then ",
            "line": 28,
            "name": "Verify user redirect to the profile page",
            "result": {
              "status": "passed",
              "duration": 23000000
            }
          }
        ]
      },
      {
        "id": "login;log-in,-go-to-profile-then-logout",
        "keyword": "Scenario",
        "line": 30,
        "name": "Log in, go to profile then logout",
        "tags": [
          {
            "name": "@TEST_CH-692",
            "line": 29
          }
        ],
        "type": "scenario",
        "steps": [
          {
            "arguments": [],
            "keyword": "Given ",
            "line": 31,
            "name": "Log in to the rebelbase portal",
            "result": {
              "status": "passed",
              "duration": 8984000000
            }
          },
          {
            "arguments": [],
            "keyword": "When ",
            "line": 32,
            "name": "Confirm we have logged in successfully",
            "result": {
              "status": "passed",
              "duration": 20000000
            }
          },
          {
            "arguments": [],
            "keyword": "Then ",
            "line": 33,
            "name": "Now we can log out and should redirect to the login page",
            "result": {
              "status": "passed",
              "duration": 40654000000
            }
          }
        ]
      },
      {
        "id": "login;log-in-with-different-email-and-try-to-accept-project-invitation-token",
        "keyword": "Scenario",
        "line": 35,
        "name": "Log in with different email and try to accept project invitation token",
        "tags": [],
        "type": "scenario",
        "steps": [
          {
            "arguments": [],
            "keyword": "Given ",
            "line": 36,
            "name": "Visit Rebelbase url with email exist in url",
            "result": {
              "status": "passed",
              "duration": 1691000000
            }
          },
          {
            "arguments": [],
            "keyword": "When ",
            "line": 37,
            "name": "Verify user is not able to accept invitation",
            "result": {
              "status": "passed",
              "duration": 3167000000
            }
          },
          {
            "arguments": [],
            "keyword": "And ",
            "line": 38,
            "name": "Enter password and click on login button",
            "result": {
              "status": "passed",
              "duration": 6567000000
            }
          },
          {
            "arguments": [],
            "keyword": "Then ",
            "line": 39,
            "name": "Verify profile url and invitation expired notification",
            "result": {
              "status": "passed",
              "duration": 6485000000
            }
          }
        ]
      },
      {
        "id": "login;autofill-email-address-if-exist-in-url,-log-in-and-accept-event-invitation",
        "keyword": "Scenario",
        "line": 48,
        "name": "Autofill email address if exist in url, log in and accept event invitation",
        "tags": [
          {
            "name": "@TEST_CH-712",
            "line": 47
          }
        ],
        "type": "scenario",
        "steps": [
          {
            "arguments": [],
            "keyword": "Given ",
            "line": 49,
            "name": "Visit page url with email exist in url",
            "result": {
              "status": "passed",
              "duration": 1731000000
            }
          },
          {
            "arguments": [],
            "keyword": "When ",
            "line": 50,
            "name": "Verify emailid is prefilled",
            "result": {
              "status": "passed",
              "duration": 215000000
            }
          },
          {
            "arguments": [],
            "keyword": "And ",
            "line": 51,
            "name": "Enter password and login to account",
            "result": {
              "status": "passed",
              "duration": 3363000000
            }
          },
          {
            "arguments": [],
            "keyword": "Then ",
            "line": 52,
            "name": "Verify email notification message",
            "result": {
              "status": "passed",
              "duration": 2311000000
            }
          }
        ]
      },
      {
        "id": "login;log-in-with-different-email-and-try-to-accept-event-invitation-token",
        "keyword": "Scenario",
        "line": 54,
        "name": "log in with different email and try to accept event invitation token",
        "tags": [
          {
            "name": "@TEST_CH-695",
            "line": 53
          }
        ],
        "type": "scenario",
        "steps": [
          {
            "arguments": [],
            "keyword": "Given ",
            "line": 55,
            "name": "Login to rebelbase url",
            "result": {
              "status": "passed",
              "duration": 2341000000
            }
          },
          {
            "arguments": [],
            "keyword": "When ",
            "line": 56,
            "name": "Enter different email and try to login",
            "result": {
              "status": "passed",
              "duration": 8486000000
            }
          },
          {
            "arguments": [],
            "keyword": "And ",
            "line": 57,
            "name": "Verify url from profile",
            "result": {
              "status": "passed",
              "duration": 8432000000
            }
          },
          {
            "arguments": [],
            "keyword": "Then ",
            "line": 58,
            "name": "Should invitation expired notification",
            "result": {
              "status": "passed",
              "duration": 8782000000
            }
          }
        ]
      },
      {
        "id": "login;log-in-with-invalid-event-invitation-token",
        "keyword": "Scenario",
        "line": 60,
        "name": "log in with invalid event invitation token",
        "tags": [
          {
            "name": "@TEST_CH-698",
            "line": 59
          }
        ],
        "type": "scenario",
        "steps": [
          {
            "arguments": [],
            "keyword": "Given ",
            "line": 61,
            "name": "Visit with existed email in url",
            "result": {
              "status": "passed",
              "duration": 1670000000
            }
          },
          {
            "arguments": [],
            "keyword": "When ",
            "line": 62,
            "name": "Enter username, password and login",
            "result": {
              "status": "passed",
              "duration": 10255000000
            }
          },
          {
            "arguments": [],
            "keyword": "Then ",
            "line": 63,
            "name": "Should show invitation has expired notification",
            "result": {
              "status": "passed",
              "duration": 8037000000
            }
          }
        ]
      },
      {
        "id": "login;log-in-with-different-email-and-try-to-accept-hub-invitation-token",
        "keyword": "Scenario",
        "line": 65,
        "name": "log in with different email and try to accept hub invitation token",
        "tags": [
          {
            "name": "@TEST_CH-702",
            "line": 64
          }
        ],
        "type": "scenario",
        "steps": [
          {
            "arguments": [],
            "keyword": "Given ",
            "line": 66,
            "name": "Visit rebel base portal",
            "result": {
              "status": "passed",
              "duration": 1741000000
            }
          },
          {
            "arguments": [],
            "keyword": "When ",
            "line": 67,
            "name": "Should show You will not be able to accept the invitation using this email address.",
            "result": {
              "status": "passed",
              "duration": 8299000000
            }
          },
          {
            "arguments": [],
            "keyword": "And ",
            "line": 68,
            "name": "Verify user profile url",
            "result": {
              "status": "passed",
              "duration": 4385000000
            }
          },
          {
            "arguments": [],
            "keyword": "Then ",
            "line": 69,
            "name": "Should shows invitation has expired in the notification",
            "result": {
              "status": "passed",
              "duration": 5770000000
            }
          }
        ]
      },
      {
        "id": "login;show-popup-message-to-complete-tell-us-,until-tell-us-is-complete",
        "keyword": "Scenario",
        "line": 77,
        "name": "Show popup message to complete tell-us ,until tell-us is complete",
        "tags": [
          {
            "name": "@TEST_CH-707",
            "line": 76
          }
        ],
        "type": "scenario",
        "steps": [
          {
            "arguments": [],
            "keyword": "Given ",
            "line": 78,
            "name": "Visit RebelBase URL",
            "result": {
              "status": "passed",
              "duration": 3046000000
            }
          },
          {
            "arguments": [],
            "keyword": "When ",
            "line": 79,
            "name": "Sign-up new user account",
            "result": {
              "status": "passed",
              "duration": 22275000000
            }
          },
          {
            "arguments": [],
            "keyword": "And ",
            "line": 80,
            "name": "Should redirect to profile page",
            "result": {
              "status": "passed",
              "duration": 617000000
            }
          },
          {
            "arguments": [],
            "keyword": "And ",
            "line": 81,
            "name": "Logout from the account",
            "result": {
              "status": "passed",
              "duration": 4069000000
            }
          },
          {
            "arguments": [],
            "keyword": "And ",
            "line": 82,
            "name": "Login to the same account",
            "result": {
              "status": "passed",
              "duration": 9877000000
            }
          },
          {
            "arguments": [],
            "keyword": "Then ",
            "line": 83,
            "name": "Should show tell-up about yourself",
            "result": {
              "status": "passed",
              "duration": 10452000000
            }
          }
        ]
      },
      {
        "id": "login;fails-to-access-protected-resource",
        "keyword": "Scenario",
        "line": 85,
        "name": "Fails to access protected resource",
        "tags": [],
        "type": "scenario",
        "steps": [
          {
            "arguments": [],
            "keyword": "Given ",
            "line": 86,
            "name": "Make API request verify response",
            "result": {
              "status": "passed",
              "duration": 1956000000
            }
          }
        ]
      },
      {
        "id": "login;autofill-email-address-if-exist-in-url,-existing-user-log-in-and-accept-invitation",
        "keyword": "Scenario",
        "line": 88,
        "name": "Autofill email address if exist in url, existing user log in and accept invitation",
        "tags": [],
        "type": "scenario",
        "steps": [
          {
            "arguments": [],
            "keyword": "Given ",
            "line": 89,
            "name": "Login into rebelbase account",
            "result": {
              "status": "passed",
              "duration": 8299000000
            }
          },
          {
            "arguments": [],
            "keyword": "When ",
            "line": 90,
            "name": "Invite team member",
            "result": {
              "status": "passed",
              "duration": 49003000000
            }
          },
          {
            "arguments": [],
            "keyword": "And ",
            "line": 91,
            "name": "Logout from account",
            "result": {
              "status": "passed",
              "duration": 3112000000
            }
          },
          {
            "arguments": [],
            "keyword": "And ",
            "line": 92,
            "name": "Verify token is received",
            "result": {
              "status": "failed",
              "error_message": "AssertionError: Expected to find at least one email, but none were found!: expected 0 to be at least 1\n    at Context.eval (https://app.dev.rebelbase.co/__cypress/tests?p=cypress\\integration\\cucumber-test\\Login.feature:1458:12)"
            }
          },
          {
            "arguments": [],
            "keyword": "Then ",
            "line": 93,
            "name": "Accept project invitation",
            "result": {
              "status": "skipped"
            }
          }
        ]
      },
      {
        "id": "login;project-invitation-from-support-member",
        "keyword": "Scenario",
        "line": 95,
        "name": "Project invitation from support member",
        "tags": [
          {
            "name": "@TEST_CH-745",
            "line": 94
          }
        ],
        "type": "scenario",
        "steps": [
          {
            "arguments": [],
            "keyword": "Given ",
            "line": 96,
            "name": "login to account",
            "result": {
              "status": "passed",
              "duration": 9082000000
            }
          },
          {
            "arguments": [],
            "keyword": "When ",
            "line": 97,
            "name": "Send support member invitation",
            "result": {
              "status": "passed",
              "duration": 54362000000
            }
          },
          {
            "arguments": [],
            "keyword": "And ",
            "line": 98,
            "name": "Verify user token",
            "result": {
              "status": "failed",
              "error_message": "AssertionError: Expected to find at least one email, but none were found!: expected 0 to be at least 1\n    at Context.eval (https://app.dev.rebelbase.co/__cypress/tests?p=cypress\\integration\\cucumber-test\\Login.feature:1511:12)"
            }
          },
          {
            "arguments": [],
            "keyword": "Then ",
            "line": 99,
            "name": "Accept support member invitaion",
            "result": {
              "status": "skipped"
            }
          }
        ]
      },
      {
        "id": "login;autofill-email-address-if-exist-in-url,-log-in-and-accept-hub-invitation-[loginflowtest]",
        "keyword": "Scenario",
        "line": 101,
        "name": "Autofill email address if exist in url, log in and accept hub invitation [loginFlowTest]",
        "tags": [
          {
            "name": "@TEST_CH-1302",
            "line": 100
          }
        ],
        "type": "scenario",
        "steps": [
          {
            "arguments": [],
            "keyword": "Given ",
            "line": 102,
            "name": "Create new user account",
            "result": {
              "status": "failed",
              "error_message": "CypressError: `cy.type()` failed because it targeted a disabled element.\n\nThe element typed into was:\n\n  > <input name=\"confirmPassword\" type=\"password\" maxlength=\"100\" value=\"\" class=\" error\">\n\nEnsure the element does not have an attribute named `disabled` before typing into it.\n    at https://app.dev.rebelbase.co/__cypress/runner/cypress_runner.js:152261:86\nFrom previous event:\n    at onReady (https://app.dev.rebelbase.co/__cypress/runner/cypress_runner.js:152253:14)\n    at runAllChecks (https://app.dev.rebelbase.co/__cypress/runner/cypress_runner.js:147736:14)\n    at retryActionability (https://app.dev.rebelbase.co/__cypress/runner/cypress_runner.js:147745:16)\nFrom previous event:\n    at whenStable (https://app.dev.rebelbase.co/__cypress/runner/cypress_runner.js:166930:65)\n    at https://app.dev.rebelbase.co/__cypress/runner/cypress_runner.js:166385:14\nFrom previous event:\n    at $Cy.retry (https://app.dev.rebelbase.co/__cypress/runner/cypress_runner.js:166365:76)\n    at retryActionability (https://app.dev.rebelbase.co/__cypress/runner/cypress_runner.js:147748:19)\n    at https://app.dev.rebelbase.co/__cypress/runner/cypress_runner.js:147752:12\nFrom previous event:\n    at Object.verify (https://app.dev.rebelbase.co/__cypress/runner/cypress_runner.js:147657:61)\n    at handleFocused (https://app.dev.rebelbase.co/__cypress/runner/cypress_runner.js:152224:77)\n    at type (https://app.dev.rebelbase.co/__cypress/runner/cypress_runner.js:152284:12)\n    at originalFn (https://app.dev.rebelbase.co/__cypress/runner/cypress_runner.js:170716:28)\n    at overridden.fn (https://app.dev.rebelbase.co/__cypress/runner/cypress_runner.js:170723:19)\n    at $Cy.now (https://app.dev.rebelbase.co/__cypress/runner/cypress_runner.js:171748:90)\n    at callTypeCmd (https://app.dev.rebelbase.co/__cypress/runner/cypress_runner.js:152337:19)\n    at clear (https://app.dev.rebelbase.co/__cypress/runner/cypress_runner.js:152397:14)\nFrom previous event:\n    at clear (https://app.dev.rebelbase.co/__cypress/runner/cypress_runner.js:152400:87)\n    at originalFn (https://app.dev.rebelbase.co/__cypress/runner/cypress_runner.js:170716:28)\n    at overridden.fn (https://app.dev.rebelbase.co/__cypress/runner/cypress_runner.js:170723:19)\n    at Context.<anonymous> (https://app.dev.rebelbase.co/__cypress/runner/cypress_runner.js:171662:19)\nFrom Your Spec Code:\n    at Context.eval (https://app.dev.rebelbase.co/__cypress/tests?p=cypress\\integration\\cucumber-test\\Login.feature:1549:78)\n    at Context.resolveAndRunStepDefinition (https://app.dev.rebelbase.co/__cypress/tests?p=cypress\\integration\\cucumber-test\\Login.feature:14241:29)\n    at Context.eval (https://app.dev.rebelbase.co/__cypress/tests?p=cypress\\integration\\cucumber-test\\Login.feature:13562:35)"
            }
          },
          {
            "arguments": [],
            "keyword": "When ",
            "line": 103,
            "name": "Select location for user",
            "result": {
              "status": "skipped"
            }
          },
          {
            "arguments": [],
            "keyword": "Then ",
            "line": 104,
            "name": "Accept new project invitation",
            "result": {
              "status": "skipped"
            }
          }
        ]
      }
    ]
  }
]