[
  {
    "keyword": "Feature",
    "name": "Sign-up test",
    "line": 1,
    "id": "sign-up-test",
    "tags": [],
    "uri": "Signup.feature",
    "elements": [
      {
        "id": "sign-up-test;test-enable-user-to-set-email-interval-in-settings",
        "keyword": "Scenario",
        "line": 3,
        "name": "Test Enable user to set email interval in settings",
        "tags": [],
        "type": "scenario",
        "steps": [
          {
            "arguments": [],
            "keyword": "Given ",
            "line": 4,
            "name": "Login to the rebel base account",
            "result": {
              "status": "skipped"
            }
          },
          {
            "arguments": [],
            "keyword": "When ",
            "line": 5,
            "name": "Go to setting",
            "result": {
              "status": "skipped"
            }
          },
          {
            "arguments": [],
            "keyword": "And ",
            "line": 6,
            "name": "Change My Activity Updates notification",
            "result": {
              "status": "skipped"
            }
          },
          {
            "arguments": [],
            "keyword": "And ",
            "line": 7,
            "name": "Change Hub Activity Updates notification",
            "result": {
              "status": "skipped"
            }
          },
          {
            "arguments": [],
            "keyword": "Then ",
            "line": 8,
            "name": "Logout from account",
            "result": {
              "status": "skipped"
            }
          }
        ]
      },
      {
        "id": "sign-up-test;sign-up-and-try-to-accept-invalid-project-invitation-token",
        "keyword": "Scenario",
        "line": 10,
        "name": "Sign up and try to accept invalid project invitation token",
        "tags": [],
        "type": "scenario",
        "steps": [
          {
            "arguments": [],
            "keyword": "Given ",
            "line": 11,
            "name": "Signup user with token",
            "result": {
              "status": "skipped"
            }
          },
          {
            "arguments": [],
            "keyword": "When ",
            "line": 12,
            "name": "Try to accept invalid project invitation",
            "result": {
              "status": "skipped"
            }
          },
          {
            "arguments": [],
            "keyword": "And ",
            "line": 13,
            "name": "Verify invitation validation",
            "result": {
              "status": "skipped"
            }
          },
          {
            "arguments": [],
            "keyword": "Then ",
            "line": 14,
            "name": "Logout from account",
            "result": {
              "status": "skipped"
            }
          }
        ]
      },
      {
        "id": "sign-up-test;sign-up-and-try-to-accept-invalid-event-invitation-token",
        "keyword": "Scenario",
        "line": 16,
        "name": "Sign up and try to accept invalid event invitation token",
        "tags": [],
        "type": "scenario",
        "steps": [
          {
            "arguments": [],
            "keyword": "Given ",
            "line": 17,
            "name": "Login to the rebelbase portal",
            "result": {
              "status": "skipped"
            }
          },
          {
            "arguments": [],
            "keyword": "When ",
            "line": 18,
            "name": "Verify profile and cookies",
            "result": {
              "status": "skipped"
            }
          },
          {
            "arguments": [],
            "keyword": "And ",
            "line": 19,
            "name": "Go to event page and send event invitation",
            "result": {
              "status": "skipped"
            }
          },
          {
            "arguments": [],
            "keyword": "And ",
            "line": 20,
            "name": "Sign up user with token",
            "result": {
              "status": "skipped"
            }
          },
          {
            "arguments": [],
            "keyword": "And ",
            "line": 21,
            "name": "Try to accept invalid project invitation",
            "result": {
              "status": "skipped"
            }
          },
          {
            "arguments": [],
            "keyword": "And ",
            "line": 22,
            "name": "Verify invitation validation",
            "result": {
              "status": "skipped"
            }
          },
          {
            "arguments": [],
            "keyword": "Then ",
            "line": 23,
            "name": "Logout from account",
            "result": {
              "status": "skipped"
            }
          }
        ]
      },
      {
        "id": "sign-up-test;sign-up-and-try-to-accept-invalid-hub-invitation-token-using-link",
        "keyword": "Scenario",
        "line": 25,
        "name": "Sign up and try to accept invalid hub invitation token using link",
        "tags": [],
        "type": "scenario",
        "steps": [
          {
            "arguments": [],
            "keyword": "Given ",
            "line": 26,
            "name": "Sign up user",
            "result": {
              "status": "skipped"
            }
          },
          {
            "arguments": [],
            "keyword": "When ",
            "line": 27,
            "name": "Send invitation",
            "result": {
              "status": "skipped"
            }
          },
          {
            "arguments": [],
            "keyword": "Then ",
            "line": 28,
            "name": "Verify invitation send",
            "result": {
              "status": "skipped"
            }
          }
        ]
      },
      {
        "id": "sign-up-test;autofill-email-address-if-exist-in-url-and-show-warning-if-user-edit-email-address",
        "keyword": "Scenario",
        "line": 30,
        "name": "Autofill email address if exist in url and show warning if user edit email address",
        "tags": [],
        "type": "scenario",
        "steps": [
          {
            "arguments": [],
            "keyword": "Given ",
            "line": 31,
            "name": "Visit autofill email address",
            "result": {
              "status": "skipped"
            }
          },
          {
            "arguments": [],
            "keyword": "Then ",
            "line": 32,
            "name": "Verify invitation is valid",
            "result": {
              "status": "skipped"
            }
          }
        ]
      },
      {
        "id": "sign-up-test;tell-us-is-empty",
        "keyword": "Scenario",
        "line": 34,
        "name": "Tell-us is empty",
        "tags": [],
        "type": "scenario",
        "steps": [
          {
            "arguments": [],
            "keyword": "Given ",
            "line": 35,
            "name": "Visit rebalbase portal",
            "result": {
              "status": "skipped"
            }
          },
          {
            "arguments": [],
            "keyword": "When ",
            "line": 36,
            "name": "Sign up new user",
            "result": {
              "status": "skipped"
            }
          },
          {
            "arguments": [],
            "keyword": "Then ",
            "line": 37,
            "name": "Verify tell-us is empty",
            "result": {
              "status": "skipped"
            }
          }
        ]
      },
      {
        "id": "sign-up-test;required-field-is-missing-[signupflowtest]",
        "keyword": "Scenario",
        "line": 39,
        "name": "Required field is missing [SignUpFlowTest]",
        "tags": [],
        "type": "scenario",
        "steps": [
          {
            "arguments": [],
            "keyword": "Given ",
            "line": 40,
            "name": "Verify validation on sign-up user",
            "result": {
              "status": "skipped"
            }
          },
          {
            "arguments": [],
            "keyword": "Then ",
            "line": 41,
            "name": "Verify validation on location model",
            "result": {
              "status": "skipped"
            }
          }
        ]
      },
      {
        "id": "sign-up-test;signup-and-accept-project-invitation-[signupflowtest]",
        "keyword": "Scenario",
        "line": 44,
        "name": "Signup and accept project invitation [SignUpFlowTest]",
        "tags": [],
        "type": "scenario",
        "steps": [
          {
            "arguments": [],
            "keyword": "Given ",
            "line": 45,
            "name": "Send Project invitation",
            "result": {
              "status": "skipped"
            }
          },
          {
            "arguments": [],
            "keyword": "When ",
            "line": 46,
            "name": "Invite member to the team",
            "result": {
              "status": "skipped"
            }
          },
          {
            "arguments": [],
            "keyword": "And ",
            "line": 47,
            "name": "Verify token from gmail",
            "result": {
              "status": "skipped"
            }
          },
          {
            "arguments": [],
            "keyword": "And ",
            "line": 48,
            "name": "Accepiting project invitations",
            "result": {
              "status": "skipped"
            }
          },
          {
            "arguments": [],
            "keyword": "Then ",
            "line": 49,
            "name": "Tell-us about your self",
            "result": {
              "status": "skipped"
            }
          }
        ]
      },
      {
        "id": "sign-up-test;sign-up-with-different-email-and-try-to-accept-project-invitation-token-[signupflowtest]",
        "keyword": "Scenario",
        "line": 52,
        "name": "Sign up with different email and try to accept project invitation token [signUpFlowTest]",
        "tags": [],
        "type": "scenario",
        "steps": [
          {
            "arguments": [],
            "keyword": "Given ",
            "line": 53,
            "name": "Sent invitation",
            "result": {
              "status": "skipped"
            }
          },
          {
            "arguments": [],
            "keyword": "When ",
            "line": 54,
            "name": "Verify gmail token",
            "result": {
              "status": "skipped"
            }
          },
          {
            "arguments": [],
            "keyword": "And ",
            "line": 55,
            "name": "Sign-Up",
            "result": {
              "status": "skipped"
            }
          },
          {
            "arguments": [],
            "keyword": "Then ",
            "line": 56,
            "name": "Tell-us is empty",
            "result": {
              "status": "skipped"
            }
          }
        ]
      },
      {
        "id": "sign-up-test;sign-up-with-different-email-and-try-to-accept-event-invitation-token-[signupflowtest]",
        "keyword": "Scenario",
        "line": 58,
        "name": "Sign up with different email and try to accept event invitation token [signUpFlowTest]",
        "tags": [],
        "type": "scenario",
        "steps": [
          {
            "arguments": [],
            "keyword": "Given ",
            "line": 59,
            "name": "Login and verify user token",
            "result": {
              "status": "skipped"
            }
          },
          {
            "arguments": [],
            "keyword": "When ",
            "line": 60,
            "name": "Invite participate to the event",
            "result": {
              "status": "skipped"
            }
          },
          {
            "arguments": [],
            "keyword": "And ",
            "line": 61,
            "name": "Verify email token is sent",
            "result": {
              "status": "skipped"
            }
          },
          {
            "arguments": [],
            "keyword": "And ",
            "line": 62,
            "name": "Create new user account",
            "result": {
              "status": "skipped"
            }
          },
          {
            "arguments": [],
            "keyword": "Then ",
            "line": 63,
            "name": "Fill tell-uup dailog",
            "result": {
              "status": "skipped"
            }
          }
        ]
      },
      {
        "id": "sign-up-test;sign-up-with-different-email-and-try-to-accept-hub-invitation-token-[signupflowtest]",
        "keyword": "Scenario",
        "line": 72,
        "name": "Sign up with different email and try to accept hub invitation token [signUpFlowTest]",
        "tags": [],
        "type": "scenario",
        "steps": [
          {
            "arguments": [],
            "keyword": "Given ",
            "line": 73,
            "name": "New user sign-up",
            "result": {
              "status": "skipped"
            }
          },
          {
            "arguments": [],
            "keyword": "When ",
            "line": 74,
            "name": "Fill-up tell-us dailog",
            "result": {
              "status": "skipped"
            }
          },
          {
            "arguments": [],
            "keyword": "And ",
            "line": 75,
            "name": "login using created user email",
            "result": {
              "status": "skipped"
            }
          },
          {
            "arguments": [],
            "keyword": "And ",
            "line": 76,
            "name": "Sent invitation to user",
            "result": {
              "status": "skipped"
            }
          },
          {
            "arguments": [],
            "keyword": "Then ",
            "line": 77,
            "name": "Verify invitation token",
            "result": {
              "status": "skipped"
            }
          }
        ]
      },
      {
        "id": "sign-up-test;autofill-email-address-if-exist-in-url-[signupflowtest]",
        "keyword": "Scenario",
        "line": 79,
        "name": "Autofill email address if exist in url [SignUpFlowTest]",
        "tags": [],
        "type": "scenario",
        "steps": [
          {
            "arguments": [],
            "keyword": "Given ",
            "line": 80,
            "name": "Verify email is auto filled into textbox",
            "result": {
              "status": "skipped"
            }
          }
        ]
      },
      {
        "id": "sign-up-test;new-user-signup-and-accept-hub-invitation-[hub]",
        "keyword": "Scenario",
        "line": 82,
        "name": "new user signup and accept hub invitation [Hub]",
        "tags": [],
        "type": "scenario",
        "steps": [
          {
            "arguments": [],
            "keyword": "Given ",
            "line": 83,
            "name": "Sign Up New user",
            "result": {
              "status": "skipped"
            }
          },
          {
            "arguments": [],
            "keyword": "When ",
            "line": 84,
            "name": "Send Invitation To New user",
            "result": {
              "status": "skipped"
            }
          },
          {
            "arguments": [],
            "keyword": "And ",
            "line": 85,
            "name": "Verify user token in the email",
            "result": {
              "status": "skipped"
            }
          },
          {
            "arguments": [],
            "keyword": "And ",
            "line": 86,
            "name": "Create New User Accounts",
            "result": {
              "status": "skipped"
            }
          },
          {
            "arguments": [],
            "keyword": "Then ",
            "line": 87,
            "name": "Set location for created user",
            "result": {
              "status": "skipped"
            }
          }
        ]
      },
      {
        "id": "sign-up-test;new-user-signup-and-accept-event-invitation-[signupflowtest]",
        "keyword": "Scenario",
        "line": 89,
        "name": "new user signup and accept event invitation [signUpFlowTest]",
        "tags": [],
        "type": "scenario",
        "steps": [
          {
            "arguments": [],
            "keyword": "Given ",
            "line": 90,
            "name": "login for Invite participant",
            "result": {
              "status": "skipped"
            }
          },
          {
            "arguments": [],
            "keyword": "When ",
            "line": 91,
            "name": "Invite Participant",
            "result": {
              "status": "skipped"
            }
          },
          {
            "arguments": [],
            "keyword": "And ",
            "line": 92,
            "name": "Verify token from sended email",
            "result": {
              "status": "skipped"
            }
          },
          {
            "arguments": [],
            "keyword": "And ",
            "line": 93,
            "name": "Creating new user account",
            "result": {
              "status": "skipped"
            }
          },
          {
            "arguments": [],
            "keyword": "Then ",
            "line": 94,
            "name": "Accept invitation for created user",
            "result": {
              "status": "skipped"
            }
          }
        ]
      },
      {
        "id": "sign-up-test;forget-password",
        "keyword": "Scenario",
        "line": 96,
        "name": "forget password",
        "tags": [
          {
            "name": "@focus",
            "line": 95
          }
        ],
        "type": "scenario",
        "steps": [
          {
            "arguments": [],
            "keyword": "Given ",
            "line": 97,
            "name": "forget password",
            "result": {
              "status": "passed",
              "duration": 46256000000
            }
          },
          {
            "arguments": [],
            "keyword": "Then ",
            "line": 98,
            "name": "Verify forgot password mail is send",
            "result": {
              "status": "failed",
              "error_message": "CypressError: `cy.origin()` requires the last argument to be a function. You passed: ``\n    at Validator.validate (https://app.dev.rebelbase.co/__cypress/runner/cypress_runner.js:164109:76)\n    at Context.origin (https://app.dev.rebelbase.co/__cypress/runner/cypress_runner.js:163757:17)\nFrom Your Spec Code:\n    at Context.eval (https://app.dev.rebelbase.co/__cypress/tests?p=cypress\\integration\\cucumber-test\\Signup.feature:937:12)"
            }
          }
        ]
      }
    ]
  }
]