[
  {
    "keyword": "Feature",
    "name": "SmokeTest Feature",
    "line": 1,
    "id": "smoketest-feature",
    "tags": [],
    "uri": "SmokeTest.feature",
    "elements": [
      {
        "id": "smoketest-feature;login-to-app-rebelbase",
        "keyword": "Scenario",
        "line": 11,
        "name": "Login to app rebelbase",
        "tags": [
          {
            "name": "@smoketest",
            "line": 2
          },
          {
            "name": "@TEST_CH-839",
            "line": 3
          }
        ],
        "type": "scenario",
        "steps": [
          {
            "arguments": [],
            "keyword": "Given ",
            "line": 5,
            "name": "User is at the login page",
            "result": {
              "status": "passed",
              "duration": 8725000000
            }
          },
          {
            "arguments": [],
            "keyword": "When ",
            "line": 6,
            "name": "User enters username as 'testhubadmin@rebelbase.co' and password as 'testtest'",
            "result": {
              "status": "passed",
              "duration": 3795000000
            }
          },
          {
            "arguments": [],
            "keyword": "And ",
            "line": 7,
            "name": "User clicks on login button",
            "result": {
              "status": "passed",
              "duration": 1620000000
            }
          },
          {
            "arguments": [],
            "keyword": "Then ",
            "line": 8,
            "name": "User is able to successfully login to the Website",
            "result": {
              "status": "passed",
              "duration": 38000000
            }
          }
        ]
      },
      {
        "id": "smoketest-feature;create-project",
        "keyword": "Scenario",
        "line": 14,
        "name": "create project",
        "tags": [
          {
            "name": "@smoketest",
            "line": 12
          },
          {
            "name": "@TEST_CH-840",
            "line": 13
          }
        ],
        "type": "scenario",
        "steps": [
          {
            "arguments": [],
            "keyword": "Given ",
            "line": 15,
            "name": "User is logged in",
            "result": {
              "status": "passed",
              "duration": 14771000000
            }
          },
          {
            "arguments": [],
            "keyword": "When ",
            "line": 16,
            "name": "clicked on + button project and add details",
            "result": {
              "status": "passed",
              "duration": 95593000000
            }
          },
          {
            "arguments": [],
            "keyword": "And ",
            "line": 17,
            "name": "User clicks on create project button",
            "result": {
              "status": "passed",
              "duration": 2228000000
            }
          },
          {
            "arguments": [],
            "keyword": "Then ",
            "line": 18,
            "name": "User is able to successfully create project",
            "result": {
              "status": "passed",
              "duration": 61533000000
            }
          }
        ]
      },
      {
        "id": "smoketest-feature;create-group",
        "keyword": "Scenario",
        "line": 21,
        "name": "create group",
        "tags": [
          {
            "name": "@TEST_CH-841",
            "line": 20
          }
        ],
        "type": "scenario",
        "steps": [
          {
            "arguments": [],
            "keyword": "Given ",
            "line": 22,
            "name": "admin User is logged in",
            "result": {
              "status": "passed",
              "duration": 14056000000
            }
          },
          {
            "arguments": [],
            "keyword": "When ",
            "line": 23,
            "name": "clicked on + button and add details",
            "result": {
              "status": "passed",
              "duration": 57268000000
            }
          },
          {
            "arguments": [],
            "keyword": "And ",
            "line": 24,
            "name": "User clicks on create group button",
            "result": {
              "status": "passed",
              "duration": 1541000000
            }
          },
          {
            "arguments": [],
            "keyword": "Then ",
            "line": 25,
            "name": "User is able to successfully create group",
            "result": {
              "status": "passed",
              "duration": 82326000000
            }
          }
        ]
      },
      {
        "id": "smoketest-feature;add-activity",
        "keyword": "Scenario",
        "line": 28,
        "name": "add activity",
        "tags": [
          {
            "name": "@TEST_CH-842",
            "line": 27
          }
        ],
        "type": "scenario",
        "steps": [
          {
            "arguments": [],
            "keyword": "Given ",
            "line": 29,
            "name": "User is logged in",
            "result": {
              "status": "passed",
              "duration": 10068000000
            }
          },
          {
            "arguments": [],
            "keyword": "When ",
            "line": 30,
            "name": "clicked on add activity button and add details",
            "result": {
              "status": "passed",
              "duration": 55580000000
            }
          },
          {
            "arguments": [],
            "keyword": "And ",
            "line": 31,
            "name": "User clicks on post button",
            "result": {
              "status": "passed",
              "duration": 2122000000
            }
          },
          {
            "arguments": [],
            "keyword": "Then ",
            "line": 32,
            "name": "User is able to create post",
            "result": {
              "status": "passed",
              "duration": 1539000000
            }
          }
        ]
      },
      {
        "id": "smoketest-feature;create-event",
        "keyword": "Scenario",
        "line": 35,
        "name": "create event",
        "tags": [
          {
            "name": "@TEST_CH-843",
            "line": 34
          }
        ],
        "type": "scenario",
        "steps": [
          {
            "arguments": [],
            "keyword": "Given ",
            "line": 36,
            "name": "User is logged in",
            "result": {
              "status": "passed",
              "duration": 10993000000
            }
          },
          {
            "arguments": [],
            "keyword": "When ",
            "line": 37,
            "name": "clicked on new event button and add details",
            "result": {
              "status": "passed",
              "duration": 79161000000
            }
          },
          {
            "arguments": [],
            "keyword": "And ",
            "line": 38,
            "name": "User clicks on create event button",
            "result": {
              "status": "passed",
              "duration": 1860000000
            }
          },
          {
            "arguments": [],
            "keyword": "Then ",
            "line": 39,
            "name": "User is able to successfully create event",
            "result": {
              "status": "passed",
              "duration": 3072000000
            }
          }
        ]
      },
      {
        "id": "smoketest-feature;signup-application",
        "keyword": "Scenario",
        "line": 42,
        "name": "Signup application",
        "tags": [
          {
            "name": "@TEST_CH-844",
            "line": 41
          }
        ],
        "type": "scenario",
        "steps": [
          {
            "arguments": [],
            "keyword": "Given ",
            "line": 43,
            "name": "User is on signup page",
            "result": {
              "status": "passed",
              "duration": 4573000000
            }
          },
          {
            "arguments": [],
            "keyword": "When ",
            "line": 44,
            "name": "clicked on signup button  and add details",
            "result": {
              "status": "passed",
              "duration": 20821000000
            }
          },
          {
            "arguments": [],
            "keyword": "And ",
            "line": 45,
            "name": "User clicks on signup button",
            "result": {
              "status": "passed",
              "duration": 1515000000
            }
          },
          {
            "arguments": [],
            "keyword": "Then ",
            "line": 46,
            "name": "new User is able to sign up successfully",
            "result": {
              "status": "passed",
              "duration": 12862000000
            }
          }
        ]
      }
    ]
  }
]