[
  {
    "keyword": "Feature",
    "name": "Brain Section",
    "line": 1,
    "id": "brain-section",
    "tags": [],
    "uri": "Brain.feature",
    "elements": [
      {
        "id": "brain-section;send-hub-invitation-from-brain-page-,delete-invitation-and-resend-invitation-to-user",
        "keyword": "Scenario",
        "line": 3,
        "name": "Send hub invitation from brain page ,delete invitation and resend invitation to user",
        "tags": [],
        "type": "scenario",
        "steps": [
          {
            "arguments": [],
            "keyword": "Given ",
            "line": 4,
            "name": "I access the brain section page",
            "result": {
              "status": "passed",
              "duration": 34026000000
            }
          },
          {
            "arguments": [],
            "keyword": "When ",
            "line": 5,
            "name": "I send hub invitation from brain page",
            "result": {
              "status": "passed",
              "duration": 10970000000
            }
          },
          {
            "arguments": [],
            "keyword": "And ",
            "line": 6,
            "name": "Send nudge and delete invitation",
            "result": {
              "status": "passed",
              "duration": 11478000000
            }
          },
          {
            "arguments": [],
            "keyword": "And ",
            "line": 7,
            "name": "Reend invitation",
            "result": {
              "status": "passed",
              "duration": 11172000000
            }
          },
          {
            "arguments": [],
            "keyword": "And ",
            "line": 8,
            "name": "Resend nudge",
            "result": {
              "status": "passed",
              "duration": 4680000000
            }
          }
        ]
      },
      {
        "id": "brain-section;navigate-through-the-links-using-loops",
        "keyword": "Scenario",
        "line": 10,
        "name": "Navigate through the links using loops",
        "tags": [],
        "type": "scenario",
        "steps": [
          {
            "arguments": [],
            "keyword": "Given ",
            "line": 11,
            "name": "I access the brain section page",
            "result": {
              "status": "passed",
              "duration": 22229000000
            }
          },
          {
            "arguments": [],
            "keyword": "When ",
            "line": 12,
            "name": "Close Notification",
            "result": {
              "status": "passed",
              "duration": 11101000000
            }
          },
          {
            "arguments": [],
            "keyword": "And ",
            "line": 13,
            "name": "Nevigate to RebelBase Hub 101",
            "result": {
              "status": "passed",
              "duration": 3199000000
            }
          },
          {
            "arguments": [],
            "keyword": "And ",
            "line": 14,
            "name": "Nevigate to Projects + Builders",
            "result": {
              "status": "passed",
              "duration": 275000000
            }
          },
          {
            "arguments": [],
            "keyword": "And ",
            "line": 15,
            "name": "Nevigate to Collaboration",
            "result": {
              "status": "passed",
              "duration": 281000000
            }
          },
          {
            "arguments": [],
            "keyword": "And ",
            "line": 16,
            "name": "Nevigate to Invite to Your Hub",
            "result": {
              "status": "passed",
              "duration": 253000000
            }
          },
          {
            "arguments": [],
            "keyword": "And ",
            "line": 17,
            "name": "Nevigate to Groups",
            "result": {
              "status": "passed",
              "duration": 263000000
            }
          },
          {
            "arguments": [],
            "keyword": "And ",
            "line": 18,
            "name": "Nevigate to Events",
            "result": {
              "status": "passed",
              "duration": 290000000
            }
          }
        ]
      }
    ]
  }
]