[
  {
    "keyword": "Feature",
    "name": "Brain Section",
    "line": 1,
    "id": "brain-section",
    "tags": [],
    "uri": "Brain.feature",
    "elements": [
      {
        "id": "brain-section;navigate-through-the-links-using-loops",
        "keyword": "Scenario",
        "line": 12,
        "name": "Navigate through the links using loops",
        "tags": [
          {
            "name": "@TEST_CH-866",
            "line": 11
          }
        ],
        "type": "scenario",
        "steps": [
          {
            "arguments": [],
            "keyword": "Given ",
            "line": 13,
            "name": "I access the brain section page",
            "result": {
              "status": "passed",
              "duration": 5697000000
            }
          },
          {
            "arguments": [],
            "keyword": "When ",
            "line": 14,
            "name": "Close Notification",
            "result": {
              "status": "passed",
              "duration": 5162000000
            }
          },
          {
            "arguments": [],
            "keyword": "And ",
            "line": 15,
            "name": "Nevigate to RebelBase Hub 101",
            "result": {
              "status": "passed",
              "duration": 12193000000
            }
          },
          {
            "arguments": [],
            "keyword": "And ",
            "line": 16,
            "name": "Nevigate to Projects + Builders",
            "result": {
              "status": "failed",
              "duration": 30000000,
              "error_message": "CypressError: `cy.request()` requires a `url`. You did not provide a `url`.\n    at Context.request (https://app.dev.rebelbase.co/__cypress/runner/cypress_runner.js:158230:78)\nFrom Your Spec Code:\n    at Context.eval (https://app.dev.rebelbase.co/__cypress/tests?p=cypress\\integration\\cucumber-test\\Brain.feature:1351:8)"
            }
          },
          {
            "arguments": [],
            "keyword": "And ",
            "line": 17,
            "name": "Nevigate to Collaboration",
            "result": {
              "status": "skipped"
            }
          },
          {
            "arguments": [],
            "keyword": "And ",
            "line": 18,
            "name": "Nevigate to Invite to Your Hub",
            "result": {
              "status": "skipped"
            }
          },
          {
            "arguments": [],
            "keyword": "And ",
            "line": 19,
            "name": "Nevigate to Groups",
            "result": {
              "status": "skipped"
            }
          },
          {
            "arguments": [],
            "keyword": "And ",
            "line": 20,
            "name": "Nevigate to Events",
            "result": {
              "status": "skipped"
            }
          }
        ]
      }
    ]
  }
]