[
  {
    "keyword": "Feature",
    "name": "Brain Section",
    "line": 1,
    "id": "brain-section",
    "tags": [],
    "uri": "Brain.feature",
    "elements": [
      {
        "id": "brain-section;send-hub-invitation-from-brain-page-,delete-invitation-and-resend-invitation-to-user",
        "keyword": "Scenario",
        "line": 3,
        "name": "Send hub invitation from brain page ,delete invitation and resend invitation to user",
        "tags": [],
        "type": "scenario",
        "steps": [
          {
            "arguments": [],
            "keyword": "Given ",
            "line": 4,
            "name": "I access the brain section page",
            "result": {
              "status": "failed",
              "duration": 118000000,
              "error_message": "CypressError: `cy.session()` requires enabling the `experimentalSessionAndOrigin` flag.\n    at throwIfNoSessionSupport (https://app.dev.rebelbase.co/__cypress/runner/cypress_runner.js:166081:76)\n    at Context.session (https://app.dev.rebelbase.co/__cypress/runner/cypress_runner.js:166107:7)\nFrom Your Spec Code:\n    at Context.eval (https://app.dev.rebelbase.co/__cypress/tests?p=cypress\\support\\index.js:58:6)"
            }
          },
          {
            "arguments": [],
            "keyword": "When ",
            "line": 5,
            "name": "I send hub invitation from brain page",
            "result": {
              "status": "skipped"
            }
          },
          {
            "arguments": [],
            "keyword": "And ",
            "line": 6,
            "name": "Send nudge and delete invitation",
            "result": {
              "status": "skipped"
            }
          },
          {
            "arguments": [],
            "keyword": "And ",
            "line": 7,
            "name": "Reend invitation",
            "result": {
              "status": "skipped"
            }
          },
          {
            "arguments": [],
            "keyword": "And ",
            "line": 8,
            "name": "Resend nudge",
            "result": {
              "status": "skipped"
            }
          }
        ]
      },
      {
        "id": "brain-section;navigate-through-the-links-using-loops",
        "keyword": "Scenario",
        "line": 10,
        "name": "Navigate through the links using loops",
        "tags": [],
        "type": "scenario",
        "steps": [
          {
            "arguments": [],
            "keyword": "Given ",
            "line": 11,
            "name": "I access the brain section page",
            "result": {
              "status": "failed",
              "error_message": "CypressError: `cy.session()` requires enabling the `experimentalSessionAndOrigin` flag.\n    at throwIfNoSessionSupport (https://app.dev.rebelbase.co/__cypress/runner/cypress_runner.js:166081:76)\n    at Context.session (https://app.dev.rebelbase.co/__cypress/runner/cypress_runner.js:166107:7)\nFrom Your Spec Code:\n    at Context.eval (https://app.dev.rebelbase.co/__cypress/tests?p=cypress\\support\\index.js:58:6)"
            }
          },
          {
            "arguments": [],
            "keyword": "When ",
            "line": 12,
            "name": "Close Notification",
            "result": {
              "status": "skipped"
            }
          },
          {
            "arguments": [],
            "keyword": "And ",
            "line": 13,
            "name": "Nevigate to RebelBase Hub 101",
            "result": {
              "status": "skipped"
            }
          },
          {
            "arguments": [],
            "keyword": "And ",
            "line": 14,
            "name": "Nevigate to Projects + Builders",
            "result": {
              "status": "skipped"
            }
          },
          {
            "arguments": [],
            "keyword": "And ",
            "line": 15,
            "name": "Nevigate to Collaboration",
            "result": {
              "status": "skipped"
            }
          },
          {
            "arguments": [],
            "keyword": "And ",
            "line": 16,
            "name": "Nevigate to Invite to Your Hub",
            "result": {
              "status": "skipped"
            }
          },
          {
            "arguments": [],
            "keyword": "And ",
            "line": 17,
            "name": "Nevigate to Groups",
            "result": {
              "status": "skipped"
            }
          },
          {
            "arguments": [],
            "keyword": "And ",
            "line": 18,
            "name": "Nevigate to Events",
            "result": {
              "status": "skipped"
            }
          }
        ]
      }
    ]
  }
]