[
  {
    "keyword": "Feature",
    "name": "Builders",
    "line": 1,
    "id": "builders",
    "tags": [],
    "uri": "Builder.feature",
    "elements": [
      {
        "id": "builders;empty-builder's-answer-[builder'sanswer]",
        "keyword": "Scenario",
        "line": 3,
        "name": "Empty builder's answer [Builder'sAnswer]",
        "tags": [],
        "type": "scenario",
        "steps": [
          {
            "arguments": [],
            "keyword": "Given ",
            "line": 4,
            "name": "Visit builder answer page",
            "result": {
              "status": "passed",
              "duration": 30395000000
            }
          },
          {
            "arguments": [],
            "keyword": "When ",
            "line": 5,
            "name": "Close the notification",
            "result": {
              "status": "passed",
              "duration": 1526000000
            }
          },
          {
            "arguments": [],
            "keyword": "Then ",
            "line": 6,
            "name": "Find paragraph from answer",
            "result": {
              "status": "passed",
              "duration": 60000000
            }
          }
        ]
      },
      {
        "id": "builders;save-builder's-answer-with-some-random-text-[builder'sanswer]",
        "keyword": "Scenario",
        "line": 13,
        "name": "Save builder's answer with some random text [Builder'sAnswer]",
        "tags": [],
        "type": "scenario",
        "steps": [
          {
            "arguments": [],
            "keyword": "Given ",
            "line": 14,
            "name": "Visit builder answer page",
            "result": {
              "status": "passed",
              "duration": 29046000000
            }
          },
          {
            "arguments": [],
            "keyword": "When ",
            "line": 15,
            "name": "Close the notification",
            "result": {
              "status": "passed",
              "duration": 1521000000
            }
          },
          {
            "arguments": [],
            "keyword": "And ",
            "line": 16,
            "name": "Enter builder answer with random text",
            "result": {
              "status": "passed",
              "duration": 8335000000
            }
          },
          {
            "arguments": [],
            "keyword": "Then ",
            "line": 17,
            "name": "Click on the save + next button",
            "result": {
              "status": "passed",
              "duration": 5327000000
            }
          }
        ]
      },
      {
        "id": "builders;try-to-close-browser-without-saving-answer-[builder'sanswer]",
        "keyword": "Scenario",
        "line": 25,
        "name": "try to close browser without saving answer [Builder'sAnswer]",
        "tags": [],
        "type": "scenario",
        "steps": [
          {
            "arguments": [],
            "keyword": "Given ",
            "line": 26,
            "name": "Visit builder topic 5 answer page",
            "result": {
              "status": "passed",
              "duration": 53300000000
            }
          },
          {
            "arguments": [],
            "keyword": "When ",
            "line": 27,
            "name": "Close the notification",
            "result": {
              "status": "passed",
              "duration": 1532000000
            }
          },
          {
            "arguments": [],
            "keyword": "And ",
            "line": 28,
            "name": "Enter builder answer with random text",
            "result": {
              "status": "passed",
              "duration": 22207000000
            }
          },
          {
            "arguments": [],
            "keyword": "And ",
            "line": 29,
            "name": "Enter video link",
            "result": {
              "status": "passed",
              "duration": 5405000000
            }
          },
          {
            "arguments": [],
            "keyword": "And ",
            "line": 30,
            "name": "Save answer and verify location",
            "result": {
              "status": "passed",
              "duration": 2537000000
            }
          },
          {
            "arguments": [],
            "keyword": "Then ",
            "line": 31,
            "name": "Verify Notification text",
            "result": {
              "status": "passed",
              "duration": 1535000000
            }
          }
        ]
      },
      {
        "id": "builders;go-to-review-and-publish-section-after-savng-answer-[builder'sanswer]",
        "keyword": "Scenario",
        "line": 33,
        "name": "Go to review and publish section after savng answer [Builder'sAnswer]",
        "tags": [],
        "type": "scenario",
        "steps": [
          {
            "arguments": [],
            "keyword": "Given ",
            "line": 34,
            "name": "Visit builder topic 44 answer page",
            "result": {
              "status": "passed",
              "duration": 32463000000
            }
          },
          {
            "arguments": [],
            "keyword": "When ",
            "line": 35,
            "name": "Close the notification",
            "result": {
              "status": "passed",
              "duration": 1521000000
            }
          },
          {
            "arguments": [],
            "keyword": "And ",
            "line": 36,
            "name": "Enter random answer",
            "result": {
              "status": "passed",
              "duration": 9936000000
            }
          },
          {
            "arguments": [],
            "keyword": "And ",
            "line": 37,
            "name": "Save the answer",
            "result": {
              "status": "passed",
              "duration": 3105000000
            }
          },
          {
            "arguments": [],
            "keyword": "And ",
            "line": 38,
            "name": "Publish answer",
            "result": {
              "status": "passed",
              "duration": 3094000000
            }
          },
          {
            "arguments": [],
            "keyword": "Then ",
            "line": 39,
            "name": "Verify project path",
            "result": {
              "status": "passed",
              "duration": 3127000000
            }
          }
        ]
      },
      {
        "id": "builders;should-show-save-answers-warning-message-when-moving-from-builder-answer-page-during-answering-questions",
        "keyword": "Scenario",
        "line": 41,
        "name": "should show save answers warning message when moving from builder answer page during answering questions",
        "tags": [],
        "type": "scenario",
        "steps": [
          {
            "arguments": [],
            "keyword": "Given ",
            "line": 42,
            "name": "Visit the rebelbase portal",
            "result": {
              "status": "passed",
              "duration": 6176000000
            }
          },
          {
            "arguments": [],
            "keyword": "When ",
            "line": 43,
            "name": "Verify page is loaded successfully",
            "result": {
              "status": "passed",
              "duration": 11216000000
            }
          },
          {
            "arguments": [],
            "keyword": "And ",
            "line": 44,
            "name": "Close the notification",
            "result": {
              "status": "passed",
              "duration": 9223000000
            }
          },
          {
            "arguments": [],
            "keyword": "And ",
            "line": 45,
            "name": "Go to the builder page",
            "result": {
              "status": "passed",
              "duration": 8532000000
            }
          },
          {
            "arguments": [],
            "keyword": "And ",
            "line": 46,
            "name": "Go to answer page",
            "result": {
              "status": "failed",
              "error_message": "AssertionError: Timed out retrying after 100000ms: Expected to find element: `(//h4[contains(text(),'Solution')])[1]`, but never found it.\n    at Context.eval (https://app.dev.rebelbase.co/__cypress/tests?p=cypress\\integration\\cucumber-test\\Builder.feature:202:6)\n    at Context.resolveAndRunStepDefinition (https://app.dev.rebelbase.co/__cypress/tests?p=cypress\\integration\\cucumber-test\\Builder.feature:12828:29)\n    at Context.eval (https://app.dev.rebelbase.co/__cypress/tests?p=cypress\\integration\\cucumber-test\\Builder.feature:12149:35)"
            }
          },
          {
            "arguments": [],
            "keyword": "And ",
            "line": 47,
            "name": "Go to direct answer page",
            "result": {
              "status": "skipped"
            }
          },
          {
            "arguments": [],
            "keyword": "And ",
            "line": 48,
            "name": "Enter video url ans save answer",
            "result": {
              "status": "skipped"
            }
          },
          {
            "arguments": [],
            "keyword": "And ",
            "line": 49,
            "name": "Enter Image url and save answer",
            "result": {
              "status": "skipped"
            }
          },
          {
            "arguments": [],
            "keyword": "Then ",
            "line": 50,
            "name": "Enter answer and save it",
            "result": {
              "status": "skipped"
            }
          }
        ]
      },
      {
        "id": "builders;change-track-on-builder-page->-it-should-change-builders-types",
        "keyword": "Scenario",
        "line": 52,
        "name": "change track on builder page > it should change builders types",
        "tags": [],
        "type": "scenario",
        "steps": [
          {
            "arguments": [],
            "keyword": "Given ",
            "line": 53,
            "name": "Visit builder page on rebelbase portal",
            "result": {
              "status": "passed",
              "duration": 9430000000
            }
          },
          {
            "arguments": [],
            "keyword": "When ",
            "line": 54,
            "name": "Verify builder page is loaded",
            "result": {
              "status": "passed",
              "duration": 5708000000
            }
          },
          {
            "arguments": [],
            "keyword": "And ",
            "line": 55,
            "name": "Close the notification",
            "result": {
              "status": "passed",
              "duration": 17388000000
            }
          },
          {
            "arguments": [],
            "keyword": "And ",
            "line": 56,
            "name": "Switch track from builder page",
            "result": {
              "status": "failed",
              "error_message": "AssertionError: Timed out retrying after 100000ms: Expected to find element: `.change-btn`, but never found it.\n    at Context.eval (https://app.dev.rebelbase.co/__cypress/tests?p=cypress\\integration\\cucumber-test\\Builder.feature:280:6)\n    at Context.resolveAndRunStepDefinition (https://app.dev.rebelbase.co/__cypress/tests?p=cypress\\integration\\cucumber-test\\Builder.feature:12828:29)\n    at Context.eval (https://app.dev.rebelbase.co/__cypress/tests?p=cypress\\integration\\cucumber-test\\Builder.feature:12149:35)"
            }
          },
          {
            "arguments": [],
            "keyword": "Then ",
            "line": 57,
            "name": "Verify next track",
            "result": {
              "status": "skipped"
            }
          }
        ]
      },
      {
        "id": "builders;change-track-on-project-builder-page-and-complete-one-type-of-builder-answers",
        "keyword": "Scenario",
        "line": 59,
        "name": "change track on project builder page and complete one type of builder answers",
        "tags": [],
        "type": "scenario",
        "steps": [
          {
            "arguments": [],
            "keyword": "Given ",
            "line": 60,
            "name": "Visit builder page on rebel base portal",
            "result": {
              "status": "passed",
              "duration": 30070000000
            }
          },
          {
            "arguments": [],
            "keyword": "When ",
            "line": 61,
            "name": "Go to project builder page",
            "result": {
              "status": "passed",
              "duration": 10936000000
            }
          },
          {
            "arguments": [],
            "keyword": "And ",
            "line": 62,
            "name": "Change project track",
            "result": {
              "status": "failed",
              "error_message": "AssertionError: Timed out retrying after 100000ms: Expected to find element: `//button[text()=\"switch tracks\"]`, but never found it.\n    at Context.eval (https://app.dev.rebelbase.co/__cypress/tests?p=cypress\\integration\\cucumber-test\\Builder.feature:300:6)\n    at Context.resolveAndRunStepDefinition (https://app.dev.rebelbase.co/__cypress/tests?p=cypress\\integration\\cucumber-test\\Builder.feature:12828:29)\n    at Context.eval (https://app.dev.rebelbase.co/__cypress/tests?p=cypress\\integration\\cucumber-test\\Builder.feature:12149:35)"
            }
          },
          {
            "arguments": [],
            "keyword": "And ",
            "line": 63,
            "name": "Complete answer one type of answer",
            "result": {
              "status": "skipped"
            }
          },
          {
            "arguments": [],
            "keyword": "And ",
            "line": 64,
            "name": "Go to review and publish page and publish answer",
            "result": {
              "status": "skipped"
            }
          },
          {
            "arguments": [],
            "keyword": "And ",
            "line": 65,
            "name": "Re check answer",
            "result": {
              "status": "skipped"
            }
          },
          {
            "arguments": [],
            "keyword": "Then ",
            "line": 66,
            "name": "Re publish the answer",
            "result": {
              "status": "skipped"
            }
          }
        ]
      }
    ]
  }
]