[
  {
    "keyword": "Feature",
    "name": "Builders",
    "line": 1,
    "id": "builders",
    "tags": [],
    "uri": "Builder.feature",
    "elements": [
      {
        "id": "builders;change-track-on-builder-page->-it-should-change-builders-types",
        "keyword": "Scenario",
        "line": 58,
        "name": "change track on builder page > it should change builders types",
        "tags": [],
        "type": "scenario",
        "steps": [
          {
            "arguments": [],
            "keyword": "Given ",
            "line": 59,
            "name": "Visit builder page on rebelbase portal",
            "result": {
              "status": "passed",
              "duration": 9094000000
            }
          },
          {
            "arguments": [],
            "keyword": "When ",
            "line": 60,
            "name": "Verify builder page is loaded",
            "result": {
              "status": "passed",
              "duration": 1428000000
            }
          },
          {
            "arguments": [],
            "keyword": "And ",
            "line": 61,
            "name": "Close the notification",
            "result": {
              "status": "passed",
              "duration": 9841000000
            }
          },
          {
            "arguments": [],
            "keyword": "And ",
            "line": 62,
            "name": "Switch track from builder page",
            "result": {
              "status": "passed",
              "duration": 4588000000
            }
          },
          {
            "arguments": [],
            "keyword": "Then ",
            "line": 63,
            "name": "Verify next track",
            "result": {
              "status": "passed",
              "duration": 4756000000
            }
          }
        ]
      }
    ]
  }
]