[
  {
    "keyword": "Feature",
    "name": "Builders",
    "line": 1,
    "id": "builders",
    "tags": [],
    "uri": "Builder.feature",
    "elements": [
      {
        "id": "builders;empty-builder's-answer-[builder'sanswer]",
        "keyword": "Scenario",
        "line": 3,
        "name": "Empty builder's answer [Builder'sAnswer]",
        "tags": [],
        "type": "scenario",
        "steps": [
          {
            "arguments": [],
            "keyword": "Given ",
            "line": 4,
            "name": "Visit builder answer page",
            "result": {
              "status": "passed",
              "duration": 13420000000
            }
          },
          {
            "arguments": [],
            "keyword": "When ",
            "line": 5,
            "name": "Close the notification",
            "result": {
              "status": "passed",
              "duration": 6582000000
            }
          },
          {
            "arguments": [],
            "keyword": "Then ",
            "line": 6,
            "name": "Find paragraph from answer",
            "result": {
              "status": "passed",
              "duration": 3139000000
            }
          }
        ]
      },
      {
        "id": "builders;save-builder's-answer-with-some-random-text",
        "keyword": "Scenario",
        "line": 14,
        "name": "Save builder's answer with some random text",
        "tags": [
          {
            "name": "@TEST_CH-749",
            "line": 13
          }
        ],
        "type": "scenario",
        "steps": [
          {
            "arguments": [],
            "keyword": "Given ",
            "line": 15,
            "name": "Visit builder answer page",
            "result": {
              "status": "passed",
              "duration": 14224000000
            }
          },
          {
            "arguments": [],
            "keyword": "When ",
            "line": 16,
            "name": "Close the notification",
            "result": {
              "status": "passed",
              "duration": 2966000000
            }
          },
          {
            "arguments": [],
            "keyword": "And ",
            "line": 17,
            "name": "Enter builder answer with random text",
            "result": {
              "status": "passed",
              "duration": 18987000000
            }
          },
          {
            "arguments": [],
            "keyword": "Then ",
            "line": 18,
            "name": "Click on the save + next button",
            "result": {
              "status": "passed",
              "duration": 5553000000
            }
          }
        ]
      },
      {
        "id": "builders;try-to-redirect-to-some-other-page-without-saving-answer",
        "keyword": "Scenario",
        "line": 21,
        "name": "try to redirect to some other page without saving answer",
        "tags": [
          {
            "name": "@TEST_CH-750",
            "line": 20
          }
        ],
        "type": "scenario",
        "steps": [
          {
            "arguments": [],
            "keyword": "Given ",
            "line": 22,
            "name": "Visit builder topic 4 answer page",
            "result": {
              "status": "passed",
              "duration": 8620000000
            }
          },
          {
            "arguments": [],
            "keyword": "When ",
            "line": 23,
            "name": "Close the notification",
            "result": {
              "status": "passed",
              "duration": 4166000000
            }
          },
          {
            "arguments": [],
            "keyword": "And ",
            "line": 24,
            "name": "Enter builder answer with random text",
            "result": {
              "status": "passed",
              "duration": 18308000000
            }
          },
          {
            "arguments": [],
            "keyword": "Then ",
            "line": 25,
            "name": "Click on MyEvent from side bar",
            "result": {
              "status": "passed",
              "duration": 13963000000
            }
          }
        ]
      },
      {
        "id": "builders;try-to-close-browser-without-saving-answer",
        "keyword": "Scenario",
        "line": 28,
        "name": "try to close browser without saving answer",
        "tags": [
          {
            "name": "@TEST_CH-867",
            "line": 27
          }
        ],
        "type": "scenario",
        "steps": [
          {
            "arguments": [],
            "keyword": "Given ",
            "line": 29,
            "name": "Visit builder topic 5 answer page",
            "result": {
              "status": "passed",
              "duration": 12723000000
            }
          },
          {
            "arguments": [],
            "keyword": "When ",
            "line": 30,
            "name": "Close the notification",
            "result": {
              "status": "passed",
              "duration": 9459000000
            }
          },
          {
            "arguments": [],
            "keyword": "And ",
            "line": 31,
            "name": "Enter builder answer with random text",
            "result": {
              "status": "passed",
              "duration": 13188000000
            }
          },
          {
            "arguments": [],
            "keyword": "And ",
            "line": 32,
            "name": "Enter video link",
            "result": {
              "status": "passed",
              "duration": 5432000000
            }
          },
          {
            "arguments": [],
            "keyword": "And ",
            "line": 33,
            "name": "Save answer and verify location",
            "result": {
              "status": "passed",
              "duration": 1812000000
            }
          },
          {
            "arguments": [],
            "keyword": "Then ",
            "line": 34,
            "name": "Verify Notification text",
            "result": {
              "status": "passed",
              "duration": 1532000000
            }
          }
        ]
      },
      {
        "id": "builders;go-to-review-and-publish-section-after-saving-answer",
        "keyword": "Scenario",
        "line": 37,
        "name": "Go to review and publish section after saving answer",
        "tags": [
          {
            "name": "@TEST_CH-752",
            "line": 36
          }
        ],
        "type": "scenario",
        "steps": [
          {
            "arguments": [],
            "keyword": "Given ",
            "line": 38,
            "name": "Visit builder topic 44 answer page",
            "result": {
              "status": "passed",
              "duration": 7763000000
            }
          },
          {
            "arguments": [],
            "keyword": "When ",
            "line": 39,
            "name": "Close the notification",
            "result": {
              "status": "passed",
              "duration": 7757000000
            }
          },
          {
            "arguments": [],
            "keyword": "And ",
            "line": 40,
            "name": "Enter random answer",
            "result": {
              "status": "passed",
              "duration": 15232000000
            }
          },
          {
            "arguments": [],
            "keyword": "And ",
            "line": 41,
            "name": "Save the answer",
            "result": {
              "status": "passed",
              "duration": 3203000000
            }
          },
          {
            "arguments": [],
            "keyword": "And ",
            "line": 42,
            "name": "Publish answer",
            "result": {
              "status": "passed",
              "duration": 3114000000
            }
          },
          {
            "arguments": [],
            "keyword": "Then ",
            "line": 43,
            "name": "Verify project path",
            "result": {
              "status": "passed",
              "duration": 3801000000
            }
          }
        ]
      },
      {
        "id": "builders;should-show-save-answers-warning-message-when-moving-from-builder-answer-page-during-answering-questions",
        "keyword": "Scenario",
        "line": 46,
        "name": "should show save answers warning message when moving from builder answer page during answering questions",
        "tags": [
          {
            "name": "@TEST_CH-758",
            "line": 45
          }
        ],
        "type": "scenario",
        "steps": [
          {
            "arguments": [],
            "keyword": "Given ",
            "line": 47,
            "name": "Visit the rebelbase portal",
            "result": {
              "status": "passed",
              "duration": 13095000000
            }
          },
          {
            "arguments": [],
            "keyword": "When ",
            "line": 48,
            "name": "Verify page is loaded successfully",
            "result": {
              "status": "passed",
              "duration": 4964000000
            }
          },
          {
            "arguments": [],
            "keyword": "And ",
            "line": 49,
            "name": "Close the notification",
            "result": {
              "status": "passed",
              "duration": 4971000000
            }
          },
          {
            "arguments": [],
            "keyword": "And ",
            "line": 50,
            "name": "Go to the builder page",
            "result": {
              "status": "passed",
              "duration": 2921000000
            }
          },
          {
            "arguments": [],
            "keyword": "And ",
            "line": 51,
            "name": "Go to answer page",
            "result": {
              "status": "passed",
              "duration": 4301000000
            }
          },
          {
            "arguments": [],
            "keyword": "And ",
            "line": 52,
            "name": "Go to direct answer page",
            "result": {
              "status": "passed",
              "duration": 2994000000
            }
          },
          {
            "arguments": [],
            "keyword": "And ",
            "line": 53,
            "name": "Enter video url ans save answer",
            "result": {
              "status": "passed",
              "duration": 43712000000
            }
          },
          {
            "arguments": [],
            "keyword": "And ",
            "line": 54,
            "name": "Enter Image url and save answer",
            "result": {
              "status": "passed",
              "duration": 14201000000
            }
          },
          {
            "arguments": [],
            "keyword": "Then ",
            "line": 55,
            "name": "Enter answer and save it",
            "result": {
              "status": "passed",
              "duration": 25033000000
            }
          }
        ]
      },
      {
        "id": "builders;change-track-on-builder-page->-it-should-change-builders-types",
        "keyword": "Scenario",
        "line": 58,
        "name": "change track on builder page > it should change builders types",
        "tags": [
          {
            "name": "@TEST_CH-754",
            "line": 57
          }
        ],
        "type": "scenario",
        "steps": [
          {
            "arguments": [],
            "keyword": "Given ",
            "line": 59,
            "name": "Visit builder page on rebelbase portal",
            "result": {
              "status": "passed",
              "duration": 7427000000
            }
          },
          {
            "arguments": [],
            "keyword": "When ",
            "line": 60,
            "name": "Verify builder page is loaded",
            "result": {
              "status": "passed",
              "duration": 11460000000
            }
          },
          {
            "arguments": [],
            "keyword": "And ",
            "line": 61,
            "name": "Close the notification",
            "result": {
              "status": "passed",
              "duration": 2978000000
            }
          },
          {
            "arguments": [],
            "keyword": "And ",
            "line": 62,
            "name": "Switch track from builder page",
            "result": {
              "status": "passed",
              "duration": 4601000000
            }
          },
          {
            "arguments": [],
            "keyword": "Then ",
            "line": 63,
            "name": "Verify next track",
            "result": {
              "status": "passed",
              "duration": 6170000000
            }
          }
        ]
      },
      {
        "id": "builders;change-track-on-project-builder-page-and-complete-one-type-of-builder-answers",
        "keyword": "Scenario",
        "line": 66,
        "name": "change track on project builder page and complete one type of builder answers",
        "tags": [
          {
            "name": "@TEST_CH-757",
            "line": 65
          }
        ],
        "type": "scenario",
        "steps": [
          {
            "arguments": [],
            "keyword": "Given ",
            "line": 67,
            "name": "Visit builder page on rebel base portal",
            "result": {
              "status": "passed",
              "duration": 21539000000
            }
          },
          {
            "arguments": [],
            "keyword": "When ",
            "line": 68,
            "name": "Go to project builder page",
            "result": {
              "status": "passed",
              "duration": 3825000000
            }
          },
          {
            "arguments": [],
            "keyword": "And ",
            "line": 69,
            "name": "Change project track",
            "result": {
              "status": "passed",
              "duration": 8464000000
            }
          },
          {
            "arguments": [],
            "keyword": "And ",
            "line": 70,
            "name": "Complete answer one type of answer",
            "result": {
              "status": "failed",
              "error_message": "AssertionError: Timed out retrying after 100000ms: Expected to find element: ` //a[text()=\"Go >\"]`, but never found it.\n    at Context.eval (https://app.dev.rebelbase.co/__cypress/tests?p=cypress\\integration\\cucumber-test\\Builder.feature:1443:6)\n    at Context.resolveAndRunStepDefinition (https://app.dev.rebelbase.co/__cypress/tests?p=cypress\\integration\\cucumber-test\\Builder.feature:14222:29)\n    at Context.eval (https://app.dev.rebelbase.co/__cypress/tests?p=cypress\\integration\\cucumber-test\\Builder.feature:13543:35)"
            }
          },
          {
            "arguments": [],
            "keyword": "And ",
            "line": 71,
            "name": "Go to review and publish page and publish answer",
            "result": {
              "status": "skipped"
            }
          },
          {
            "arguments": [],
            "keyword": "And ",
            "line": 72,
            "name": "Re check answer",
            "result": {
              "status": "skipped"
            }
          },
          {
            "arguments": [],
            "keyword": "Then ",
            "line": 73,
            "name": "Re publish the answer",
            "result": {
              "status": "skipped"
            }
          }
        ]
      },
      {
        "id": "builders;language-change",
        "keyword": "Scenario",
        "line": 75,
        "name": "Language change",
        "tags": [],
        "type": "scenario",
        "steps": [
          {
            "arguments": [],
            "keyword": "Given ",
            "line": 76,
            "name": "Login to the rebelbase portal",
            "result": {
              "status": "passed",
              "duration": 8525000000
            }
          },
          {
            "arguments": [],
            "keyword": "When ",
            "line": 77,
            "name": "Expand language",
            "result": {
              "status": "passed",
              "duration": 17186000000
            }
          },
          {
            "arguments": [],
            "keyword": "Then ",
            "line": 78,
            "name": "Change language and verify menu name",
            "result": {
              "status": "failed",
              "error_message": "AssertionError: Timed out retrying after 100000ms: Expected to find element: `:nth-child(1) > .MuiList-padding > .MuiCollapse-root > .MuiCollapse-wrapper > .MuiCollapse-wrapperInner > .MuiList-root > .nav-menu__link--builders > .MuiListItemText-root > .MuiTypography-root`, but never found it.\n    at Context.eval (https://app.dev.rebelbase.co/__cypress/tests?p=cypress\\integration\\cucumber-test\\Builder.feature:1530:207)\n    at Context.resolveAndRunStepDefinition (https://app.dev.rebelbase.co/__cypress/tests?p=cypress\\integration\\cucumber-test\\Builder.feature:14222:29)\n    at Context.eval (https://app.dev.rebelbase.co/__cypress/tests?p=cypress\\integration\\cucumber-test\\Builder.feature:13543:35)"
            }
          }
        ]
      }
    ]
  }
]