[
  {
    "keyword": "Feature",
    "name": "Dev Smoke Test",
    "line": 1,
    "id": "dev-smoke-test",
    "tags": [],
    "uri": "DevSmokeTest.feature",
    "elements": [
      {
        "id": "dev-smoke-test;login-application",
        "keyword": "Scenario",
        "line": 10,
        "name": "login application",
        "tags": [],
        "type": "scenario",
        "steps": [
          {
            "arguments": [],
            "keyword": "Given ",
            "line": 11,
            "name": "User is logged in",
            "result": {
              "status": "passed",
              "duration": 10163000000
            }
          },
          {
            "arguments": [],
            "keyword": "When ",
            "line": 12,
            "name": "clicked on + button project and add details",
            "result": {
              "status": "passed",
              "duration": 39347000000
            }
          },
          {
            "arguments": [],
            "keyword": "And ",
            "line": 13,
            "name": "User clicks on create project button",
            "result": {
              "status": "passed",
              "duration": 2120000000
            }
          },
          {
            "arguments": [],
            "keyword": "Then ",
            "line": 14,
            "name": "User is able to successfully create project",
            "result": {
              "status": "passed",
              "duration": 30965000000
            }
          }
        ]
      }
    ]
  }
]