[
  {
    "keyword": "Feature",
    "name": "Event",
    "line": 1,
    "id": "event",
    "tags": [],
    "uri": "Events.feature",
    "elements": [
      {
        "id": "event;create-assesment-type-event",
        "keyword": "Scenario",
        "line": 3,
        "name": "Create Assesment type event",
        "tags": [],
        "type": "scenario",
        "steps": [
          {
            "arguments": [],
            "keyword": "Given ",
            "line": 4,
            "name": "Navigate rebelbase and login",
            "result": {
              "status": "skipped"
            }
          },
          {
            "arguments": [],
            "keyword": "When ",
            "line": 5,
            "name": "Visit event page",
            "result": {
              "status": "skipped"
            }
          },
          {
            "arguments": [],
            "keyword": "And ",
            "line": 6,
            "name": "Create Assesment type event",
            "result": {
              "status": "skipped"
            }
          },
          {
            "arguments": [],
            "keyword": "Then ",
            "line": 7,
            "name": "Verify Assesment event title",
            "result": {
              "status": "skipped"
            }
          }
        ]
      },
      {
        "id": "event;create-meet-up-type-event",
        "keyword": "Scenario",
        "line": 9,
        "name": "Create meet-up type event",
        "tags": [],
        "type": "scenario",
        "steps": [
          {
            "arguments": [],
            "keyword": "Given ",
            "line": 10,
            "name": "Navigate rebelbase and login",
            "result": {
              "status": "skipped"
            }
          },
          {
            "arguments": [],
            "keyword": "When ",
            "line": 11,
            "name": "Visit event page",
            "result": {
              "status": "skipped"
            }
          },
          {
            "arguments": [],
            "keyword": "And ",
            "line": 12,
            "name": "Create meet-up type event",
            "result": {
              "status": "skipped"
            }
          },
          {
            "arguments": [],
            "keyword": "Then ",
            "line": 13,
            "name": "Verify meet-up event title",
            "result": {
              "status": "skipped"
            }
          }
        ]
      },
      {
        "id": "event;create-compitition-type-event",
        "keyword": "Scenario",
        "line": 15,
        "name": "Create compitition type event",
        "tags": [],
        "type": "scenario",
        "steps": [
          {
            "arguments": [],
            "keyword": "Given ",
            "line": 16,
            "name": "Navigate rebelbase and login",
            "result": {
              "status": "skipped"
            }
          },
          {
            "arguments": [],
            "keyword": "When ",
            "line": 17,
            "name": "Visit event page",
            "result": {
              "status": "skipped"
            }
          },
          {
            "arguments": [],
            "keyword": "And ",
            "line": 18,
            "name": "Create compitition type event",
            "result": {
              "status": "skipped"
            }
          },
          {
            "arguments": [],
            "keyword": "Then ",
            "line": 19,
            "name": "Verify compitition event title",
            "result": {
              "status": "skipped"
            }
          }
        ]
      },
      {
        "id": "event;event-details-can-be-seen-without-login-to-application",
        "keyword": "Scenario",
        "line": 21,
        "name": "Event details can be seen without login to application",
        "tags": [],
        "type": "scenario",
        "steps": [
          {
            "arguments": [],
            "keyword": "Given ",
            "line": 22,
            "name": "Visit rebelbase event page",
            "result": {
              "status": "skipped"
            }
          },
          {
            "arguments": [],
            "keyword": "When ",
            "line": 23,
            "name": "Verify event title",
            "result": {
              "status": "skipped"
            }
          },
          {
            "arguments": [],
            "keyword": "And ",
            "line": 24,
            "name": "Verify competitor is visible",
            "result": {
              "status": "skipped"
            }
          },
          {
            "arguments": [],
            "keyword": "Then ",
            "line": 25,
            "name": "Verify participants",
            "result": {
              "status": "skipped"
            }
          }
        ]
      },
      {
        "id": "event;create-event-and-invite-members",
        "keyword": "Scenario",
        "line": 27,
        "name": "Create event and invite members",
        "tags": [],
        "type": "scenario",
        "steps": [
          {
            "arguments": [],
            "keyword": "Given ",
            "line": 28,
            "name": "Login to rebelbase portal",
            "result": {
              "status": "skipped"
            }
          },
          {
            "arguments": [],
            "keyword": "When ",
            "line": 29,
            "name": "Visit event page",
            "result": {
              "status": "skipped"
            }
          },
          {
            "arguments": [],
            "keyword": "And ",
            "line": 30,
            "name": "Create new event",
            "result": {
              "status": "skipped"
            }
          },
          {
            "arguments": [],
            "keyword": "And ",
            "line": 31,
            "name": "Inviting member to the event",
            "result": {
              "status": "skipped"
            }
          },
          {
            "arguments": [],
            "keyword": "Then ",
            "line": 32,
            "name": "Update event",
            "result": {
              "status": "skipped"
            }
          }
        ]
      },
      {
        "id": "event;add-event-description,-edit-event-details,-add-post,-file-upload",
        "keyword": "Scenario",
        "line": 34,
        "name": "Add event description, Edit event details, Add post, File upload",
        "tags": [],
        "type": "scenario",
        "steps": [
          {
            "arguments": [],
            "keyword": "Given ",
            "line": 35,
            "name": "Login to the rebelbase portal",
            "result": {
              "status": "skipped"
            }
          },
          {
            "arguments": [],
            "keyword": "When ",
            "line": 36,
            "name": "Go to the event page",
            "result": {
              "status": "skipped"
            }
          },
          {
            "arguments": [],
            "keyword": "And ",
            "line": 37,
            "name": "Add event description",
            "result": {
              "status": "skipped"
            }
          },
          {
            "arguments": [],
            "keyword": "And ",
            "line": 38,
            "name": "Add sponsor and upload file",
            "result": {
              "status": "skipped"
            }
          },
          {
            "arguments": [],
            "keyword": "And ",
            "line": 39,
            "name": "Add post in event",
            "result": {
              "status": "skipped"
            }
          },
          {
            "arguments": [],
            "keyword": "Then ",
            "line": 40,
            "name": "Edit event details",
            "result": {
              "status": "skipped"
            }
          }
        ]
      },
      {
        "id": "event;change-project-is-not-allowed-during-round-is-in-progress",
        "keyword": "Scenario",
        "line": 42,
        "name": "Change project is not allowed during round is in progress",
        "tags": [],
        "type": "scenario",
        "steps": [
          {
            "arguments": [],
            "keyword": "Given ",
            "line": 43,
            "name": "Login to the rebelbase portal",
            "result": {
              "status": "skipped"
            }
          },
          {
            "arguments": [],
            "keyword": "When ",
            "line": 44,
            "name": "Go to the hub event page",
            "result": {
              "status": "skipped"
            }
          },
          {
            "arguments": [],
            "keyword": "And ",
            "line": 45,
            "name": "Check for round is in progress",
            "result": {
              "status": "skipped"
            }
          },
          {
            "arguments": [],
            "keyword": "Then ",
            "line": 46,
            "name": "Select project should not be exist",
            "result": {
              "status": "skipped"
            }
          }
        ]
      },
      {
        "id": "event;judge-can-edit-in-bio-from-event-page",
        "keyword": "Scenario",
        "line": 48,
        "name": "Judge can edit in bio from event page",
        "tags": [],
        "type": "scenario",
        "steps": [
          {
            "arguments": [],
            "keyword": "Given ",
            "line": 49,
            "name": "Login to the rebel base portal",
            "result": {
              "status": "skipped"
            }
          },
          {
            "arguments": [],
            "keyword": "When ",
            "line": 50,
            "name": "Go to the event page",
            "result": {
              "status": "skipped"
            }
          },
          {
            "arguments": [],
            "keyword": "And ",
            "line": 51,
            "name": "Go to event details page",
            "result": {
              "status": "skipped"
            }
          },
          {
            "arguments": [],
            "keyword": "Then ",
            "line": 52,
            "name": "Edit bio from event details page",
            "result": {
              "status": "skipped"
            }
          }
        ]
      },
      {
        "id": "event;judge-accept-invitation-redirect-to-welcome-page",
        "keyword": "Scenario",
        "line": 54,
        "name": "Judge accept invitation redirect to welcome page",
        "tags": [],
        "type": "scenario",
        "steps": [
          {
            "arguments": [],
            "keyword": "Given ",
            "line": 55,
            "name": "Login to the rebelbase portal",
            "result": {
              "status": "skipped"
            }
          },
          {
            "arguments": [],
            "keyword": "When ",
            "line": 56,
            "name": "Go to the hub event page",
            "result": {
              "status": "skipped"
            }
          },
          {
            "arguments": [],
            "keyword": "And ",
            "line": 57,
            "name": "Invite judge to the event",
            "result": {
              "status": "skipped"
            }
          },
          {
            "arguments": [],
            "keyword": "And ",
            "line": 58,
            "name": "Login to the invited user account",
            "result": {
              "status": "skipped"
            }
          },
          {
            "arguments": [],
            "keyword": "Then ",
            "line": 59,
            "name": "Accept invitation and redirect to the welcome page",
            "result": {
              "status": "skipped"
            }
          }
        ]
      },
      {
        "id": "event;compititor-accept-invitation-redirect-to-select-project",
        "keyword": "Scenario",
        "line": 61,
        "name": "Compititor accept invitation redirect to select project",
        "tags": [],
        "type": "scenario",
        "steps": [
          {
            "arguments": [],
            "keyword": "Given ",
            "line": 62,
            "name": "Login rebelbase portal",
            "result": {
              "status": "skipped"
            }
          },
          {
            "arguments": [],
            "keyword": "When ",
            "line": 63,
            "name": "Go to the event page",
            "result": {
              "status": "skipped"
            }
          },
          {
            "arguments": [],
            "keyword": "And ",
            "line": 64,
            "name": "Invite comititor to the event",
            "result": {
              "status": "skipped"
            }
          },
          {
            "arguments": [],
            "keyword": "And ",
            "line": 65,
            "name": "Login to the user account",
            "result": {
              "status": "skipped"
            }
          },
          {
            "arguments": [],
            "keyword": "Then ",
            "line": 66,
            "name": "Accept invitation and redirect to the select project page",
            "result": {
              "status": "skipped"
            }
          }
        ]
      },
      {
        "id": "event;support-accept-invitation-redirect-to-welcome-resource",
        "keyword": "Scenario",
        "line": 68,
        "name": "Support accept invitation redirect to welcome resource",
        "tags": [],
        "type": "scenario",
        "steps": [
          {
            "arguments": [],
            "keyword": "Given ",
            "line": 69,
            "name": "Login to the rebelbase portal",
            "result": {
              "status": "skipped"
            }
          },
          {
            "arguments": [],
            "keyword": "When ",
            "line": 70,
            "name": "Go to event page",
            "result": {
              "status": "skipped"
            }
          },
          {
            "arguments": [],
            "keyword": "And ",
            "line": 71,
            "name": "Invite support to the event",
            "result": {
              "status": "skipped"
            }
          },
          {
            "arguments": [],
            "keyword": "And ",
            "line": 72,
            "name": "Login to the invited user account",
            "result": {
              "status": "skipped"
            }
          },
          {
            "arguments": [],
            "keyword": "Then ",
            "line": 73,
            "name": "Accept invitation and redirect to the welcome resource",
            "result": {
              "status": "skipped"
            }
          }
        ]
      },
      {
        "id": "event;delete-event",
        "keyword": "Scenario",
        "line": 75,
        "name": "Delete Event",
        "tags": [],
        "type": "scenario",
        "steps": [
          {
            "arguments": [],
            "keyword": "Given ",
            "line": 76,
            "name": "Login to the rebelbase portal",
            "result": {
              "status": "skipped"
            }
          },
          {
            "arguments": [],
            "keyword": "When ",
            "line": 77,
            "name": "Go to the event page",
            "result": {
              "status": "skipped"
            }
          },
          {
            "arguments": [],
            "keyword": "And ",
            "line": 78,
            "name": "Invite support to event",
            "result": {
              "status": "skipped"
            }
          },
          {
            "arguments": [],
            "keyword": "Then ",
            "line": 79,
            "name": "Delete Event",
            "result": {
              "status": "skipped"
            }
          }
        ]
      },
      {
        "id": "event;create-event-and-send-invitation",
        "keyword": "Scenario",
        "line": 81,
        "name": "Create event and send invitation",
        "tags": [],
        "type": "scenario",
        "steps": [
          {
            "arguments": [],
            "keyword": "Given ",
            "line": 82,
            "name": "Login to the rebelbase portal",
            "result": {
              "status": "skipped"
            }
          },
          {
            "arguments": [],
            "keyword": "When ",
            "line": 83,
            "name": "Go to the hub event page",
            "result": {
              "status": "skipped"
            }
          },
          {
            "arguments": [],
            "keyword": "And ",
            "line": 84,
            "name": "Create Event",
            "result": {
              "status": "skipped"
            }
          },
          {
            "arguments": [],
            "keyword": "And ",
            "line": 85,
            "name": "Invite users to the event",
            "result": {
              "status": "skipped"
            }
          },
          {
            "arguments": [],
            "keyword": "Then ",
            "line": 86,
            "name": "Logout to the account",
            "result": {
              "status": "skipped"
            }
          }
        ]
      },
      {
        "id": "event;judge-1-accept-event-invitation",
        "keyword": "Scenario",
        "line": 88,
        "name": "Judge 1 accept event invitation",
        "tags": [],
        "type": "scenario",
        "steps": [
          {
            "arguments": [],
            "keyword": "Given ",
            "line": 89,
            "name": "Login to the Judge 1 account",
            "result": {
              "status": "skipped"
            }
          },
          {
            "arguments": [],
            "keyword": "When ",
            "line": 90,
            "name": "Accept invitation",
            "result": {
              "status": "skipped"
            }
          },
          {
            "arguments": [],
            "keyword": "And ",
            "line": 91,
            "name": "Edit bio",
            "result": {
              "status": "skipped"
            }
          },
          {
            "arguments": [],
            "keyword": "Then ",
            "line": 92,
            "name": "Logout to the account",
            "result": {
              "status": "skipped"
            }
          }
        ]
      },
      {
        "id": "event;judge-2-accept-event-invitation",
        "keyword": "Scenario",
        "line": 94,
        "name": "Judge 2 accept event invitation",
        "tags": [],
        "type": "scenario",
        "steps": [
          {
            "arguments": [],
            "keyword": "Given ",
            "line": 95,
            "name": "Login to the Judge 2 account",
            "result": {
              "status": "skipped"
            }
          },
          {
            "arguments": [],
            "keyword": "When ",
            "line": 96,
            "name": "Accept invitation from judge 2",
            "result": {
              "status": "skipped"
            }
          },
          {
            "arguments": [],
            "keyword": "And ",
            "line": 97,
            "name": "Judge 2 edit bio",
            "result": {
              "status": "skipped"
            }
          },
          {
            "arguments": [],
            "keyword": "Then ",
            "line": 98,
            "name": "Logout to the Judge 2 account",
            "result": {
              "status": "skipped"
            }
          }
        ]
      },
      {
        "id": "event;judge-3-accept-event-invitation",
        "keyword": "Scenario",
        "line": 100,
        "name": "Judge 3 accept event invitation",
        "tags": [],
        "type": "scenario",
        "steps": [
          {
            "arguments": [],
            "keyword": "Given ",
            "line": 101,
            "name": "Login to the Judge 3 account",
            "result": {
              "status": "skipped"
            }
          },
          {
            "arguments": [],
            "keyword": "When ",
            "line": 102,
            "name": "Accept invitation",
            "result": {
              "status": "skipped"
            }
          },
          {
            "arguments": [],
            "keyword": "And ",
            "line": 103,
            "name": "Edit bio",
            "result": {
              "status": "skipped"
            }
          },
          {
            "arguments": [],
            "keyword": "Then ",
            "line": 104,
            "name": "Logout to the account",
            "result": {
              "status": "skipped"
            }
          }
        ]
      },
      {
        "id": "event;compititor-1-accept-event-invitation",
        "keyword": "Scenario",
        "line": 106,
        "name": "Compititor 1 accept event invitation",
        "tags": [],
        "type": "scenario",
        "steps": [
          {
            "arguments": [],
            "keyword": "Given ",
            "line": 107,
            "name": "Login to the compititot 1 account",
            "result": {
              "status": "skipped"
            }
          },
          {
            "arguments": [],
            "keyword": "When ",
            "line": 108,
            "name": "Accept invitation",
            "result": {
              "status": "skipped"
            }
          },
          {
            "arguments": [],
            "keyword": "And ",
            "line": 109,
            "name": "Select project",
            "result": {
              "status": "skipped"
            }
          },
          {
            "arguments": [],
            "keyword": "Then ",
            "line": 110,
            "name": "Logout to the account",
            "result": {
              "status": "skipped"
            }
          }
        ]
      },
      {
        "id": "event;change-project-for-event-and-verify",
        "keyword": "Scenario",
        "line": 112,
        "name": "Change project for event and verify",
        "tags": [],
        "type": "scenario",
        "steps": [
          {
            "arguments": [],
            "keyword": "Given ",
            "line": 113,
            "name": "Login to the compititor account",
            "result": {
              "status": "skipped"
            }
          },
          {
            "arguments": [],
            "keyword": "When ",
            "line": 114,
            "name": "Go to my event page",
            "result": {
              "status": "skipped"
            }
          },
          {
            "arguments": [],
            "keyword": "And ",
            "line": 115,
            "name": "Change project",
            "result": {
              "status": "skipped"
            }
          },
          {
            "arguments": [],
            "keyword": "Then ",
            "line": 116,
            "name": "Logout to the account",
            "result": {
              "status": "skipped"
            }
          }
        ]
      },
      {
        "id": "event;compititor-2-accept-event-invitation",
        "keyword": "Scenario",
        "line": 118,
        "name": "Compititor 2 accept event invitation",
        "tags": [],
        "type": "scenario",
        "steps": [
          {
            "arguments": [],
            "keyword": "Given ",
            "line": 119,
            "name": "Login to the compititot 2 account",
            "result": {
              "status": "skipped"
            }
          },
          {
            "arguments": [],
            "keyword": "When ",
            "line": 120,
            "name": "Accept invitation",
            "result": {
              "status": "skipped"
            }
          },
          {
            "arguments": [],
            "keyword": "And ",
            "line": 121,
            "name": "Select project",
            "result": {
              "status": "skipped"
            }
          },
          {
            "arguments": [],
            "keyword": "Then ",
            "line": 122,
            "name": "Logout to the account",
            "result": {
              "status": "skipped"
            }
          }
        ]
      },
      {
        "id": "event;compititor-3-accept-event-invitation",
        "keyword": "Scenario",
        "line": 124,
        "name": "Compititor 3 accept event invitation",
        "tags": [],
        "type": "scenario",
        "steps": [
          {
            "arguments": [],
            "keyword": "Given ",
            "line": 125,
            "name": "Login to the compititot 3 account",
            "result": {
              "status": "skipped"
            }
          },
          {
            "arguments": [],
            "keyword": "When ",
            "line": 126,
            "name": "Accept invitation from compititor 3",
            "result": {
              "status": "skipped"
            }
          },
          {
            "arguments": [],
            "keyword": "And ",
            "line": 127,
            "name": "Select projects",
            "result": {
              "status": "skipped"
            }
          },
          {
            "arguments": [],
            "keyword": "Then ",
            "line": 128,
            "name": "Logout to the account",
            "result": {
              "status": "skipped"
            }
          }
        ]
      },
      {
        "id": "event;admin-start-event-round",
        "keyword": "Scenario",
        "line": 130,
        "name": "Admin start event round",
        "tags": [],
        "type": "scenario",
        "steps": [
          {
            "arguments": [],
            "keyword": "Given ",
            "line": 131,
            "name": "Login to the Rebelbase portal",
            "result": {
              "status": "skipped"
            }
          },
          {
            "arguments": [],
            "keyword": "When ",
            "line": 132,
            "name": "Go to event details",
            "result": {
              "status": "skipped"
            }
          },
          {
            "arguments": [],
            "keyword": "And ",
            "line": 133,
            "name": "Start round for the event",
            "result": {
              "status": "skipped"
            }
          },
          {
            "arguments": [],
            "keyword": "Then ",
            "line": 134,
            "name": "Logout to the account",
            "result": {
              "status": "skipped"
            }
          }
        ]
      },
      {
        "id": "event;judge-1-score-project",
        "keyword": "Scenario",
        "line": 136,
        "name": "Judge 1 score project",
        "tags": [],
        "type": "scenario",
        "steps": [
          {
            "arguments": [],
            "keyword": "Given ",
            "line": 137,
            "name": "Login to the judge 1 account",
            "result": {
              "status": "skipped"
            }
          },
          {
            "arguments": [],
            "keyword": "When ",
            "line": 138,
            "name": "Go to the hub event page",
            "result": {
              "status": "skipped"
            }
          },
          {
            "arguments": [],
            "keyword": "And ",
            "line": 139,
            "name": "Score one project",
            "result": {
              "status": "skipped"
            }
          },
          {
            "arguments": [],
            "keyword": "And ",
            "line": 140,
            "name": "Score second project",
            "result": {
              "status": "skipped"
            }
          },
          {
            "arguments": [],
            "keyword": "Then ",
            "line": 141,
            "name": "Logout to the judge 1 account",
            "result": {
              "status": "skipped"
            }
          }
        ]
      },
      {
        "id": "event;judge-2-score-event",
        "keyword": "Scenario",
        "line": 143,
        "name": "Judge 2 score event",
        "tags": [],
        "type": "scenario",
        "steps": [
          {
            "arguments": [],
            "keyword": "Given ",
            "line": 144,
            "name": "Login to the judge 2 account",
            "result": {
              "status": "skipped"
            }
          },
          {
            "arguments": [],
            "keyword": "When ",
            "line": 145,
            "name": "Go to the event page",
            "result": {
              "status": "skipped"
            }
          },
          {
            "arguments": [],
            "keyword": "And ",
            "line": 146,
            "name": "Score first event",
            "result": {
              "status": "skipped"
            }
          },
          {
            "arguments": [],
            "keyword": "And ",
            "line": 147,
            "name": "scoring second event",
            "result": {
              "status": "skipped"
            }
          },
          {
            "arguments": [],
            "keyword": "Then ",
            "line": 148,
            "name": "Logout to the account",
            "result": {
              "status": "skipped"
            }
          }
        ]
      },
      {
        "id": "event;judge-3-score-event",
        "keyword": "Scenario",
        "line": 150,
        "name": "Judge 3 score event",
        "tags": [],
        "type": "scenario",
        "steps": [
          {
            "arguments": [],
            "keyword": "Given ",
            "line": 151,
            "name": "Login to the judge 3 account",
            "result": {
              "status": "skipped"
            }
          },
          {
            "arguments": [],
            "keyword": "When ",
            "line": 152,
            "name": "Go to event page details",
            "result": {
              "status": "skipped"
            }
          },
          {
            "arguments": [],
            "keyword": "And ",
            "line": 153,
            "name": "Scored first event",
            "result": {
              "status": "skipped"
            }
          },
          {
            "arguments": [],
            "keyword": "And ",
            "line": 154,
            "name": "score second event",
            "result": {
              "status": "skipped"
            }
          },
          {
            "arguments": [],
            "keyword": "Then ",
            "line": 155,
            "name": "Logout to the account",
            "result": {
              "status": "skipped"
            }
          }
        ]
      },
      {
        "id": "event;judge-close-event-round-and-publish-score-and-winner",
        "keyword": "Scenario",
        "line": 157,
        "name": "Judge close event round and publish score and winner",
        "tags": [],
        "type": "scenario",
        "steps": [
          {
            "arguments": [],
            "keyword": "Given ",
            "line": 158,
            "name": "Login to the rebel base",
            "result": {
              "status": "skipped"
            }
          },
          {
            "arguments": [],
            "keyword": "When ",
            "line": 159,
            "name": "Go to the hub page event",
            "result": {
              "status": "skipped"
            }
          },
          {
            "arguments": [],
            "keyword": "And ",
            "line": 160,
            "name": "Close round",
            "result": {
              "status": "skipped"
            }
          },
          {
            "arguments": [],
            "keyword": "And ",
            "line": 161,
            "name": "Award winner",
            "result": {
              "status": "skipped"
            }
          },
          {
            "arguments": [],
            "keyword": "Then ",
            "line": 162,
            "name": "Logout to the account",
            "result": {
              "status": "skipped"
            }
          }
        ]
      },
      {
        "id": "event;event-update-notification",
        "keyword": "Scenario",
        "line": 164,
        "name": "Event Update Notification",
        "tags": [],
        "type": "scenario",
        "steps": [
          {
            "arguments": [],
            "keyword": "Given ",
            "line": 165,
            "name": "Event Detail update and Event Description update",
            "result": {
              "status": "skipped"
            }
          },
          {
            "arguments": [],
            "keyword": "When ",
            "line": 166,
            "name": "Details for Event Name have been updated",
            "result": {
              "status": "skipped"
            }
          },
          {
            "arguments": [],
            "keyword": "And ",
            "line": 167,
            "name": "The location for Event Name has been updated",
            "result": {
              "status": "skipped"
            }
          },
          {
            "arguments": [],
            "keyword": "And ",
            "line": 168,
            "name": "The date and location for Event Name have been updated",
            "result": {
              "status": "skipped"
            }
          },
          {
            "arguments": [],
            "keyword": "And ",
            "line": 169,
            "name": "The details and date for Event Name have been updated",
            "result": {
              "status": "skipped"
            }
          },
          {
            "arguments": [],
            "keyword": "Then ",
            "line": 170,
            "name": "The details, location, and event type for Event Name have been updated",
            "result": {
              "status": "skipped"
            }
          }
        ]
      },
      {
        "id": "event;accept-event-invitation-from-web-application",
        "keyword": "Scenario",
        "line": 173,
        "name": "Accept event invitation from web application",
        "tags": [
          {
            "name": "@focus",
            "line": 172
          }
        ],
        "type": "scenario",
        "steps": [
          {
            "arguments": [],
            "keyword": "Given ",
            "line": 174,
            "name": "Navigate rebel base and login",
            "result": {
              "status": "passed",
              "duration": 9359000000
            }
          },
          {
            "arguments": [],
            "keyword": "When ",
            "line": 175,
            "name": "Visit event page",
            "result": {
              "status": "passed",
              "duration": 30965000000
            }
          },
          {
            "arguments": [],
            "keyword": "And ",
            "line": 176,
            "name": "Create event for web application",
            "result": {
              "status": "passed",
              "duration": 38967000000
            }
          },
          {
            "arguments": [],
            "keyword": "And ",
            "line": 177,
            "name": "Verify event title and invite member",
            "result": {
              "status": "passed",
              "duration": 17803000000
            }
          },
          {
            "arguments": [],
            "keyword": "Then ",
            "line": 178,
            "name": "Accept event invitation from web application",
            "result": {
              "status": "passed",
              "duration": 37180000000
            }
          }
        ]
      }
    ]
  }
]