[
  {
    "keyword": "Feature",
    "name": "Event",
    "line": 1,
    "id": "event",
    "tags": [],
    "uri": "Events.feature",
    "elements": [
      {
        "id": "event;event-details-can-be-seen-without-login-to-application",
        "keyword": "Scenario",
        "line": 3,
        "name": "Event details can be seen without login to application",
        "tags": [],
        "type": "scenario",
        "steps": [
          {
            "arguments": [],
            "keyword": "Given ",
            "line": 4,
            "name": "Visit rebelbase event page",
            "result": {
              "status": "passed",
              "duration": 6471000000
            }
          },
          {
            "arguments": [],
            "keyword": "When ",
            "line": 5,
            "name": "Verify event title",
            "result": {
              "status": "passed",
              "duration": 693000000
            }
          },
          {
            "arguments": [],
            "keyword": "And ",
            "line": 6,
            "name": "Verify competitor is visible",
            "result": {
              "status": "passed",
              "duration": 20000000
            }
          },
          {
            "arguments": [],
            "keyword": "Then ",
            "line": 7,
            "name": "Verify participants",
            "result": {
              "status": "passed",
              "duration": 26000000
            }
          }
        ]
      },
      {
        "id": "event;create-event-and-invite-members",
        "keyword": "Scenario",
        "line": 9,
        "name": "Create event and invite members",
        "tags": [],
        "type": "scenario",
        "steps": [
          {
            "arguments": [],
            "keyword": "Given ",
            "line": 10,
            "name": "Login to rebelbase portal",
            "result": {
              "status": "passed",
              "duration": 8911000000
            }
          },
          {
            "arguments": [],
            "keyword": "When ",
            "line": 11,
            "name": "Visit event page",
            "result": {
              "status": "passed",
              "duration": 23457000000
            }
          },
          {
            "arguments": [],
            "keyword": "And ",
            "line": 12,
            "name": "Create new event",
            "result": {
              "status": "passed",
              "duration": 36839000000
            }
          },
          {
            "arguments": [],
            "keyword": "And ",
            "line": 13,
            "name": "Inviting member to the event",
            "result": {
              "status": "passed",
              "duration": 92427000000
            }
          },
          {
            "arguments": [],
            "keyword": "Then ",
            "line": 14,
            "name": "Update event",
            "result": {
              "status": "passed",
              "duration": 7705000000
            }
          }
        ]
      },
      {
        "id": "event;add-event-description,-edit-event-details,-add-post,-file-upload",
        "keyword": "Scenario",
        "line": 16,
        "name": "Add event description, Edit event details, Add post, File upload",
        "tags": [],
        "type": "scenario",
        "steps": [
          {
            "arguments": [],
            "keyword": "Given ",
            "line": 17,
            "name": "Login to the rebelbase portal",
            "result": {
              "status": "passed",
              "duration": 29246000000
            }
          },
          {
            "arguments": [],
            "keyword": "When ",
            "line": 18,
            "name": "Go to the event page",
            "result": {
              "status": "passed",
              "duration": 4624000000
            }
          },
          {
            "arguments": [],
            "keyword": "And ",
            "line": 19,
            "name": "Add event description",
            "result": {
              "status": "passed",
              "duration": 15727000000
            }
          },
          {
            "arguments": [],
            "keyword": "And ",
            "line": 20,
            "name": "Add sponsor and upload file",
            "result": {
              "status": "passed",
              "duration": 11385000000
            }
          },
          {
            "arguments": [],
            "keyword": "And ",
            "line": 21,
            "name": "Add post in event",
            "result": {
              "status": "passed",
              "duration": 10114000000
            }
          },
          {
            "arguments": [],
            "keyword": "Then ",
            "line": 22,
            "name": "Edit event details",
            "result": {
              "status": "passed",
              "duration": 23512000000
            }
          }
        ]
      },
      {
        "id": "event;change-project-is-not-allowed-during-round-is-in-progress",
        "keyword": "Scenario",
        "line": 24,
        "name": "Change project is not allowed during round is in progress",
        "tags": [],
        "type": "scenario",
        "steps": [
          {
            "arguments": [],
            "keyword": "Given ",
            "line": 25,
            "name": "Login to the rebelbase portal",
            "result": {
              "status": "passed",
              "duration": 28260000000
            }
          },
          {
            "arguments": [],
            "keyword": "When ",
            "line": 26,
            "name": "Go to the hub event page",
            "result": {
              "status": "passed",
              "duration": 4879000000
            }
          },
          {
            "arguments": [],
            "keyword": "And ",
            "line": 27,
            "name": "Check for round is in progress",
            "result": {
              "status": "passed",
              "duration": 10088000000
            }
          },
          {
            "arguments": [],
            "keyword": "Then ",
            "line": 28,
            "name": "Select project should not be exist",
            "result": {
              "status": "passed",
              "duration": 21484000000
            }
          }
        ]
      },
      {
        "id": "event;judge-can-edit-in-bio-from-event-page",
        "keyword": "Scenario",
        "line": 30,
        "name": "Judge can edit in bio from event page",
        "tags": [],
        "type": "scenario",
        "steps": [
          {
            "arguments": [],
            "keyword": "Given ",
            "line": 31,
            "name": "Login to the rebel base portal",
            "result": {
              "status": "passed",
              "duration": 24941000000
            }
          },
          {
            "arguments": [],
            "keyword": "When ",
            "line": 32,
            "name": "Go to the event page",
            "result": {
              "status": "passed",
              "duration": 5561000000
            }
          },
          {
            "arguments": [],
            "keyword": "And ",
            "line": 33,
            "name": "Go to event details page",
            "result": {
              "status": "passed",
              "duration": 4355000000
            }
          },
          {
            "arguments": [],
            "keyword": "Then ",
            "line": 34,
            "name": "Edit bio from event details page",
            "result": {
              "status": "passed",
              "duration": 22275000000
            }
          }
        ]
      },
      {
        "id": "event;judge-accept-invitation-redirect-to-welcome-page",
        "keyword": "Scenario",
        "line": 36,
        "name": "Judge accept invitation redirect to welcome page",
        "tags": [],
        "type": "scenario",
        "steps": [
          {
            "arguments": [],
            "keyword": "Given ",
            "line": 37,
            "name": "Login to the rebelbase portal",
            "result": {
              "status": "passed",
              "duration": 29583000000
            }
          },
          {
            "arguments": [],
            "keyword": "When ",
            "line": 38,
            "name": "Go to the hub event page",
            "result": {
              "status": "passed",
              "duration": 4850000000
            }
          },
          {
            "arguments": [],
            "keyword": "And ",
            "line": 39,
            "name": "Invite judge to the event",
            "result": {
              "status": "passed",
              "duration": 17090000000
            }
          },
          {
            "arguments": [],
            "keyword": "And ",
            "line": 40,
            "name": "Login to the invited user account",
            "result": {
              "status": "passed",
              "duration": 10052000000
            }
          },
          {
            "arguments": [],
            "keyword": "Then ",
            "line": 41,
            "name": "Accept invitation and redirect to the welcome page",
            "result": {
              "status": "passed",
              "duration": 65153000000
            }
          }
        ]
      },
      {
        "id": "event;compititor-accept-invitation-redirect-to-select-project",
        "keyword": "Scenario",
        "line": 43,
        "name": "Compititor accept invitation redirect to select project",
        "tags": [],
        "type": "scenario",
        "steps": [
          {
            "arguments": [],
            "keyword": "Given ",
            "line": 44,
            "name": "Login rebelbase portal",
            "result": {
              "status": "passed",
              "duration": 30927000000
            }
          },
          {
            "arguments": [],
            "keyword": "When ",
            "line": 45,
            "name": "Go to the event page",
            "result": {
              "status": "passed",
              "duration": 4861000000
            }
          },
          {
            "arguments": [],
            "keyword": "And ",
            "line": 46,
            "name": "Invite comititor to the event",
            "result": {
              "status": "passed",
              "duration": 17589000000
            }
          },
          {
            "arguments": [],
            "keyword": "And ",
            "line": 47,
            "name": "Login to the user account",
            "result": {
              "status": "passed",
              "duration": 10164000000
            }
          },
          {
            "arguments": [],
            "keyword": "Then ",
            "line": 48,
            "name": "Accept invitation and redirect to the select project page",
            "result": {
              "status": "passed",
              "duration": 13946000000
            }
          }
        ]
      },
      {
        "id": "event;support-accept-invitation-redirect-to-welcome-resource",
        "keyword": "Scenario",
        "line": 50,
        "name": "Support accept invitation redirect to welcome resource",
        "tags": [],
        "type": "scenario",
        "steps": [
          {
            "arguments": [],
            "keyword": "Given ",
            "line": 51,
            "name": "Login to the rebelbase portal",
            "result": {
              "status": "passed",
              "duration": 28760000000
            }
          },
          {
            "arguments": [],
            "keyword": "When ",
            "line": 52,
            "name": "Go to event page",
            "result": {
              "status": "passed",
              "duration": 4602000000
            }
          },
          {
            "arguments": [],
            "keyword": "And ",
            "line": 53,
            "name": "Invite support to the event",
            "result": {
              "status": "passed",
              "duration": 18671000000
            }
          },
          {
            "arguments": [],
            "keyword": "And ",
            "line": 54,
            "name": "Login to the invited user account",
            "result": {
              "status": "passed",
              "duration": 10030000000
            }
          },
          {
            "arguments": [],
            "keyword": "Then ",
            "line": 55,
            "name": "Accept invitation and redirect to the welcome resource",
            "result": {
              "status": "failed",
              "error_message": "AssertionError: Timed out retrying after 150000ms: Expected to find element: `(//button[text()='accept'])[1]`, but never found it.\n    at Context.eval (https://app.dev.rebelbase.co/__cypress/tests?p=cypress\\integration\\cucumber-test\\Events.feature:347:6)\n    at Context.resolveAndRunStepDefinition (https://app.dev.rebelbase.co/__cypress/tests?p=cypress\\integration\\cucumber-test\\Events.feature:13467:29)\n    at Context.eval (https://app.dev.rebelbase.co/__cypress/tests?p=cypress\\integration\\cucumber-test\\Events.feature:12788:35)"
            }
          }
        ]
      },
      {
        "id": "event;delete-event",
        "keyword": "Scenario",
        "line": 57,
        "name": "Delete Event",
        "tags": [],
        "type": "scenario",
        "steps": [
          {
            "arguments": [],
            "keyword": "Given ",
            "line": 58,
            "name": "Login to the rebelbase portal",
            "result": {
              "status": "passed",
              "duration": 29793000000
            }
          },
          {
            "arguments": [],
            "keyword": "When ",
            "line": 59,
            "name": "Go to the event page",
            "result": {
              "status": "passed",
              "duration": 4618000000
            }
          },
          {
            "arguments": [],
            "keyword": "And ",
            "line": 60,
            "name": "Invite support to event",
            "result": {
              "status": "passed",
              "duration": 7934000000
            }
          },
          {
            "arguments": [],
            "keyword": "Then ",
            "line": 61,
            "name": "Delete Event",
            "result": {
              "status": "passed",
              "duration": 3206000000
            }
          }
        ]
      },
      {
        "id": "event;create-event-and-send-invitation",
        "keyword": "Scenario",
        "line": 63,
        "name": "Create event and send invitation",
        "tags": [],
        "type": "scenario",
        "steps": [
          {
            "arguments": [],
            "keyword": "Given ",
            "line": 64,
            "name": "Login to the rebelbase portal",
            "result": {
              "status": "passed",
              "duration": 29426000000
            }
          },
          {
            "arguments": [],
            "keyword": "When ",
            "line": 65,
            "name": "Go to the hub event page",
            "result": {
              "status": "passed",
              "duration": 4871000000
            }
          },
          {
            "arguments": [],
            "keyword": "And ",
            "line": 66,
            "name": "Create Event",
            "result": {
              "status": "passed",
              "duration": 38278000000
            }
          },
          {
            "arguments": [],
            "keyword": "And ",
            "line": 67,
            "name": "Invite users to the event",
            "result": {
              "status": "passed",
              "duration": 31575000000
            }
          },
          {
            "arguments": [],
            "keyword": "Then ",
            "line": 68,
            "name": "Logout to the account",
            "result": {
              "status": "passed",
              "duration": 3141000000
            }
          }
        ]
      },
      {
        "id": "event;judge-1-accept-event-invitation",
        "keyword": "Scenario",
        "line": 70,
        "name": "Judge 1 accept event invitation",
        "tags": [],
        "type": "scenario",
        "steps": [
          {
            "arguments": [],
            "keyword": "Given ",
            "line": 71,
            "name": "Login to the Judge 1 account",
            "result": {
              "status": "passed",
              "duration": 14346000000
            }
          },
          {
            "arguments": [],
            "keyword": "When ",
            "line": 72,
            "name": "Accept invitation",
            "result": {
              "status": "passed",
              "duration": 21168000000
            }
          },
          {
            "arguments": [],
            "keyword": "And ",
            "line": 73,
            "name": "Edit bio",
            "result": {
              "status": "passed",
              "duration": 9971000000
            }
          },
          {
            "arguments": [],
            "keyword": "Then ",
            "line": 74,
            "name": "Logout to the account",
            "result": {
              "status": "passed",
              "duration": 3137000000
            }
          }
        ]
      },
      {
        "id": "event;judge-2-accept-event-invitation",
        "keyword": "Scenario",
        "line": 76,
        "name": "Judge 2 accept event invitation",
        "tags": [],
        "type": "scenario",
        "steps": [
          {
            "arguments": [],
            "keyword": "Given ",
            "line": 77,
            "name": "Login to the Judge 2 account",
            "result": {
              "status": "passed",
              "duration": 26169000000
            }
          },
          {
            "arguments": [],
            "keyword": "When ",
            "line": 78,
            "name": "Accept invitation from judge 2",
            "result": {
              "status": "passed",
              "duration": 32899000000
            }
          },
          {
            "arguments": [],
            "keyword": "And ",
            "line": 79,
            "name": "Judge 2 edit bio",
            "result": {
              "status": "passed",
              "duration": 13886000000
            }
          },
          {
            "arguments": [],
            "keyword": "Then ",
            "line": 80,
            "name": "Logout to the Judge 2 account",
            "result": {
              "status": "passed",
              "duration": 3132000000
            }
          }
        ]
      },
      {
        "id": "event;judge-3-accept-event-invitation",
        "keyword": "Scenario",
        "line": 82,
        "name": "Judge 3 accept event invitation",
        "tags": [],
        "type": "scenario",
        "steps": [
          {
            "arguments": [],
            "keyword": "Given ",
            "line": 83,
            "name": "Login to the Judge 3 account",
            "result": {
              "status": "passed",
              "duration": 13495000000
            }
          },
          {
            "arguments": [],
            "keyword": "When ",
            "line": 84,
            "name": "Accept invitation",
            "result": {
              "status": "failed",
              "error_message": "CypressError: Timed out retrying after 150050ms: `cy.click()` failed because this element is detached from the DOM.\n\n`<span class=\"notification-dismiss\" style=\"cursor: pointer; font-family: Arial; font-size: 17px; position: absolute; top: 4px; right: 5px; line-height: 15px; background-color: transparent; color: rgb(107, 102, 113); border-radius: 50%; width: 14px; height: 14px; font-weight: bold; text-align: center;\">×</span>`\n\nCypress requires elements be attached in the DOM to interact with them.\n\nThe previous command that ran was:\n\n  > `cy.xpath()`\n\nThis DOM element likely became detached somewhere between the previous and current command.\n\nCommon situations why this happens:\n  - Your JS framework re-rendered asynchronously\n  - Your app code reacted to an event firing and removed the element\n\nYou typically need to re-query for the element or add 'guards' which delay Cypress from running new commands.\n    at $Cy.ensureAttached (https://app.dev.rebelbase.co/__cypress/runner/cypress_runner.js:163936:76)\n    at runAllChecks (https://app.dev.rebelbase.co/__cypress/runner/cypress_runner.js:150536:12)\n    at retryActionability (https://app.dev.rebelbase.co/__cypress/runner/cypress_runner.js:150616:16)\nFrom previous event:\n    at whenStable (https://app.dev.rebelbase.co/__cypress/runner/cypress_runner.js:168808:63)\n    at https://app.dev.rebelbase.co/__cypress/runner/cypress_runner.js:168305:14\nFrom Your Spec Code:\n    at Context.eval (https://app.dev.rebelbase.co/__cypress/tests?p=cypress\\integration\\cucumber-test\\Events.feature:446:72)\n    at Context.resolveAndRunStepDefinition (https://app.dev.rebelbase.co/__cypress/tests?p=cypress\\integration\\cucumber-test\\Events.feature:13467:29)\n    at Context.eval (https://app.dev.rebelbase.co/__cypress/tests?p=cypress\\integration\\cucumber-test\\Events.feature:12788:35)"
            }
          },
          {
            "arguments": [],
            "keyword": "And ",
            "line": 85,
            "name": "Edit bio",
            "result": {
              "status": "skipped"
            }
          },
          {
            "arguments": [],
            "keyword": "Then ",
            "line": 86,
            "name": "Logout to the account",
            "result": {
              "status": "skipped"
            }
          }
        ]
      },
      {
        "id": "event;compititor-1-accept-event-invitation",
        "keyword": "Scenario",
        "line": 88,
        "name": "Compititor 1 accept event invitation",
        "tags": [],
        "type": "scenario",
        "steps": [
          {
            "arguments": [],
            "keyword": "Given ",
            "line": 89,
            "name": "Login to the compititot 1 account",
            "result": {
              "status": "passed",
              "duration": 17533000000
            }
          },
          {
            "arguments": [],
            "keyword": "When ",
            "line": 90,
            "name": "Accept invitation",
            "result": {
              "status": "passed",
              "duration": 23543000000
            }
          },
          {
            "arguments": [],
            "keyword": "And ",
            "line": 91,
            "name": "Select project",
            "result": {
              "status": "passed",
              "duration": 9027000000
            }
          },
          {
            "arguments": [],
            "keyword": "Then ",
            "line": 92,
            "name": "Logout to the account",
            "result": {
              "status": "passed",
              "duration": 3144000000
            }
          }
        ]
      },
      {
        "id": "event;change-project-for-event-and-verify",
        "keyword": "Scenario",
        "line": 94,
        "name": "Change project for event and verify",
        "tags": [],
        "type": "scenario",
        "steps": [
          {
            "arguments": [],
            "keyword": "Given ",
            "line": 95,
            "name": "Login to the compititot account",
            "result": {
              "status": "passed",
              "duration": 14082000000
            }
          },
          {
            "arguments": [],
            "keyword": "When ",
            "line": 96,
            "name": "Go to my event page",
            "result": {
              "status": "failed",
              "error_message": "AssertionError: Timed out retrying after 150000ms: Expected to find content: 'testevent0.7358978181477185' within the element: [ <h3>, 8 more... ] but never did.\n    at Context.eval (https://app.dev.rebelbase.co/__cypress/tests?p=cypress\\integration\\cucumber-test\\Events.feature:563:16)\n    at Context.resolveAndRunStepDefinition (https://app.dev.rebelbase.co/__cypress/tests?p=cypress\\integration\\cucumber-test\\Events.feature:13467:29)\n    at Context.eval (https://app.dev.rebelbase.co/__cypress/tests?p=cypress\\integration\\cucumber-test\\Events.feature:12788:35)"
            }
          },
          {
            "arguments": [],
            "keyword": "And ",
            "line": 97,
            "name": "Change project",
            "result": {
              "status": "skipped"
            }
          },
          {
            "arguments": [],
            "keyword": "Then ",
            "line": 98,
            "name": "Logout to the account",
            "result": {
              "status": "skipped"
            }
          }
        ]
      },
      {
        "id": "event;compititor-2-accept-event-invitation",
        "keyword": "Scenario",
        "line": 100,
        "name": "Compititor 2 accept event invitation",
        "tags": [],
        "type": "scenario",
        "steps": [
          {
            "arguments": [],
            "keyword": "Given ",
            "line": 101,
            "name": "Login to the compititot 2 account",
            "result": {
              "status": "passed",
              "duration": 16627000000
            }
          },
          {
            "arguments": [],
            "keyword": "When ",
            "line": 102,
            "name": "Accept invitation",
            "result": {
              "status": "failed",
              "error_message": "CypressError: Timed out retrying after 150050ms: `cy.click()` failed because this element is detached from the DOM.\n\n`<span class=\"notification-dismiss\" style=\"cursor: pointer; font-family: Arial; font-size: 17px; position: absolute; top: 4px; right: 5px; line-height: 15px; background-color: transparent; color: rgb(107, 102, 113); border-radius: 50%; width: 14px; height: 14px; font-weight: bold; text-align: center;\">×</span>`\n\nCypress requires elements be attached in the DOM to interact with them.\n\nThe previous command that ran was:\n\n  > `cy.xpath()`\n\nThis DOM element likely became detached somewhere between the previous and current command.\n\nCommon situations why this happens:\n  - Your JS framework re-rendered asynchronously\n  - Your app code reacted to an event firing and removed the element\n\nYou typically need to re-query for the element or add 'guards' which delay Cypress from running new commands.\n    at $Cy.ensureAttached (https://app.dev.rebelbase.co/__cypress/runner/cypress_runner.js:163936:76)\n    at runAllChecks (https://app.dev.rebelbase.co/__cypress/runner/cypress_runner.js:150536:12)\n    at retryActionability (https://app.dev.rebelbase.co/__cypress/runner/cypress_runner.js:150616:16)\nFrom previous event:\n    at whenStable (https://app.dev.rebelbase.co/__cypress/runner/cypress_runner.js:168808:63)\n    at https://app.dev.rebelbase.co/__cypress/runner/cypress_runner.js:168305:14\nFrom previous event:\n    at $Cy.retry (https://app.dev.rebelbase.co/__cypress/runner/cypress_runner.js:168285:76)\n    at retryActionability (https://app.dev.rebelbase.co/__cypress/runner/cypress_runner.js:150619:19)\n    at https://app.dev.rebelbase.co/__cypress/runner/cypress_runner.js:150623:12\nFrom previous event:\n    at Object.verify (https://app.dev.rebelbase.co/__cypress/runner/cypress_runner.js:150528:61)\n    at perform (https://app.dev.rebelbase.co/__cypress/runner/cypress_runner.js:152656:77)\nFrom previous event:\n    at mouseAction (https://app.dev.rebelbase.co/__cypress/runner/cypress_runner.js:152694:60)\n    at click (https://app.dev.rebelbase.co/__cypress/runner/cypress_runner.js:152713:14)\n    at originalFn (https://app.dev.rebelbase.co/__cypress/runner/cypress_runner.js:172398:28)\n    at Context.overridden.fn (https://app.dev.rebelbase.co/__cypress/runner/cypress_runner.js:172405:19)\n    at Context.<anonymous> (https://app.dev.rebelbase.co/__cypress/runner/cypress_runner.js:173267:19)\nFrom Your Spec Code:\n    at Context.eval (https://app.dev.rebelbase.co/__cypress/tests?p=cypress\\integration\\cucumber-test\\Events.feature:446:72)\n    at Context.resolveAndRunStepDefinition (https://app.dev.rebelbase.co/__cypress/tests?p=cypress\\integration\\cucumber-test\\Events.feature:13467:29)\n    at Context.eval (https://app.dev.rebelbase.co/__cypress/tests?p=cypress\\integration\\cucumber-test\\Events.feature:12788:35)"
            }
          },
          {
            "arguments": [],
            "keyword": "And ",
            "line": 103,
            "name": "Select project",
            "result": {
              "status": "skipped"
            }
          },
          {
            "arguments": [],
            "keyword": "Then ",
            "line": 104,
            "name": "Logout to the account",
            "result": {
              "status": "skipped"
            }
          }
        ]
      },
      {
        "id": "event;compititor-3-accept-event-invitation",
        "keyword": "Scenario",
        "line": 106,
        "name": "Compititor 3 accept event invitation",
        "tags": [],
        "type": "scenario",
        "steps": [
          {
            "arguments": [],
            "keyword": "Given ",
            "line": 107,
            "name": "Login to the compititot 3 account",
            "result": {
              "status": "passed",
              "duration": 17687000000
            }
          },
          {
            "arguments": [],
            "keyword": "When ",
            "line": 108,
            "name": "Accept invitation from compititor 3",
            "result": {
              "status": "passed",
              "duration": 16724000000
            }
          },
          {
            "arguments": [],
            "keyword": "And ",
            "line": 109,
            "name": "Select projects",
            "result": {
              "status": "passed",
              "duration": 7986000000
            }
          },
          {
            "arguments": [],
            "keyword": "Then ",
            "line": 110,
            "name": "Logout to the account",
            "result": {
              "status": "passed",
              "duration": 3202000000
            }
          }
        ]
      },
      {
        "id": "event;admin-start-event-round",
        "keyword": "Scenario",
        "line": 112,
        "name": "Admin start event round",
        "tags": [],
        "type": "scenario",
        "steps": [
          {
            "arguments": [],
            "keyword": "Given ",
            "line": 113,
            "name": "Login to the Rebelbase portal",
            "result": {
              "status": "passed",
              "duration": 33368000000
            }
          },
          {
            "arguments": [],
            "keyword": "When ",
            "line": 114,
            "name": "Go to event details",
            "result": {
              "status": "failed",
              "error_message": "AssertionError: Timed out retrying after 150000ms: Expected to find content: 'testevent0.7358978181477185' within the element: [ <h3>, 159 more... ] but never did.\n    at Context.eval (https://app.dev.rebelbase.co/__cypress/tests?p=cypress\\integration\\cucumber-test\\Events.feature:650:16)\n    at Context.resolveAndRunStepDefinition (https://app.dev.rebelbase.co/__cypress/tests?p=cypress\\integration\\cucumber-test\\Events.feature:13467:29)\n    at Context.eval (https://app.dev.rebelbase.co/__cypress/tests?p=cypress\\integration\\cucumber-test\\Events.feature:12788:35)"
            }
          },
          {
            "arguments": [],
            "keyword": "And ",
            "line": 115,
            "name": "Start round for the event",
            "result": {
              "status": "skipped"
            }
          },
          {
            "arguments": [],
            "keyword": "Then ",
            "line": 116,
            "name": "Logout to the account",
            "result": {
              "status": "skipped"
            }
          }
        ]
      },
      {
        "id": "event;judge-1-score-project",
        "keyword": "Scenario",
        "line": 118,
        "name": "Judge 1 score project",
        "tags": [],
        "type": "scenario",
        "steps": [
          {
            "arguments": [],
            "keyword": "Given ",
            "line": 119,
            "name": "Login to the judge 1 account",
            "result": {
              "status": "passed",
              "duration": 14924000000
            }
          },
          {
            "arguments": [],
            "keyword": "When ",
            "line": 120,
            "name": "Go to the hub event page",
            "result": {
              "status": "passed",
              "duration": 10131000000
            }
          },
          {
            "arguments": [],
            "keyword": "And ",
            "line": 121,
            "name": "Score one project",
            "result": {
              "status": "failed",
              "error_message": "AssertionError: Timed out retrying after 150000ms: Expected to find content: 'testevent0.7358978181477185' within the element: [ <h3>, 160 more... ] but never did.\n    at Context.eval (https://app.dev.rebelbase.co/__cypress/tests?p=cypress\\integration\\cucumber-test\\Events.feature:684:16)\n    at Context.resolveAndRunStepDefinition (https://app.dev.rebelbase.co/__cypress/tests?p=cypress\\integration\\cucumber-test\\Events.feature:13467:29)\n    at Context.eval (https://app.dev.rebelbase.co/__cypress/tests?p=cypress\\integration\\cucumber-test\\Events.feature:12788:35)"
            }
          },
          {
            "arguments": [],
            "keyword": "And ",
            "line": 122,
            "name": "Score second project",
            "result": {
              "status": "skipped"
            }
          },
          {
            "arguments": [],
            "keyword": "Then ",
            "line": 123,
            "name": "Logout to the judge 1 account",
            "result": {
              "status": "skipped"
            }
          }
        ]
      },
      {
        "id": "event;judge-2-score-event",
        "keyword": "Scenario",
        "line": 125,
        "name": "Judge 2 score event",
        "tags": [],
        "type": "scenario",
        "steps": [
          {
            "arguments": [],
            "keyword": "Given ",
            "line": 126,
            "name": "Login to the judge 2 account",
            "result": {
              "status": "passed",
              "duration": 12157000000
            }
          },
          {
            "arguments": [],
            "keyword": "When ",
            "line": 127,
            "name": "Go to the event page",
            "result": {
              "status": "passed",
              "duration": 20656000000
            }
          },
          {
            "arguments": [],
            "keyword": "And ",
            "line": 128,
            "name": "Score first event",
            "result": {
              "status": "failed",
              "error_message": "AssertionError: Timed out retrying after 150000ms: Expected to find content: 'testevent0.7358978181477185' within the element: [ <h3>, 160 more... ] but never did.\n    at Context.eval (https://app.dev.rebelbase.co/__cypress/tests?p=cypress\\integration\\cucumber-test\\Events.feature:745:16)\n    at Context.resolveAndRunStepDefinition (https://app.dev.rebelbase.co/__cypress/tests?p=cypress\\integration\\cucumber-test\\Events.feature:13467:29)\n    at Context.eval (https://app.dev.rebelbase.co/__cypress/tests?p=cypress\\integration\\cucumber-test\\Events.feature:12788:35)"
            }
          },
          {
            "arguments": [],
            "keyword": "And ",
            "line": 129,
            "name": "scoring second event",
            "result": {
              "status": "skipped"
            }
          },
          {
            "arguments": [],
            "keyword": "Then ",
            "line": 130,
            "name": "Logout to account",
            "result": {
              "status": "skipped"
            }
          }
        ]
      },
      {
        "id": "event;judge-3-score-event",
        "keyword": "Scenario",
        "line": 132,
        "name": "Judge 3 score event",
        "tags": [],
        "type": "scenario",
        "steps": [
          {
            "arguments": [],
            "keyword": "Given ",
            "line": 133,
            "name": "Login to the judge 3 account",
            "result": {
              "status": "passed",
              "duration": 13576000000
            }
          },
          {
            "arguments": [],
            "keyword": "When ",
            "line": 134,
            "name": "Go to event page details",
            "result": {
              "status": "passed",
              "duration": 8923000000
            }
          },
          {
            "arguments": [],
            "keyword": "And ",
            "line": 135,
            "name": "Scored first event",
            "result": {
              "status": "failed",
              "error_message": "AssertionError: Timed out retrying after 150000ms: Expected to find content: 'testevent0.7358978181477185' within the element: [ <h3>, 17 more... ] but never did.\n    at Context.eval (https://app.dev.rebelbase.co/__cypress/tests?p=cypress\\integration\\cucumber-test\\Events.feature:819:16)\n    at Context.resolveAndRunStepDefinition (https://app.dev.rebelbase.co/__cypress/tests?p=cypress\\integration\\cucumber-test\\Events.feature:13467:29)\n    at Context.eval (https://app.dev.rebelbase.co/__cypress/tests?p=cypress\\integration\\cucumber-test\\Events.feature:12788:35)"
            }
          },
          {
            "arguments": [],
            "keyword": "And ",
            "line": 136,
            "name": "score second event",
            "result": {
              "status": "skipped"
            }
          },
          {
            "arguments": [],
            "keyword": "Then ",
            "line": 137,
            "name": "Logout to the account",
            "result": {
              "status": "skipped"
            }
          }
        ]
      },
      {
        "id": "event;judge-close-event-round-and-publish-score-and-winner",
        "keyword": "Scenario",
        "line": 139,
        "name": "Judge close event round and publish score and winner",
        "tags": [],
        "type": "scenario",
        "steps": [
          {
            "arguments": [],
            "keyword": "Given ",
            "line": 140,
            "name": "Login to the rebel base",
            "result": {
              "status": "passed",
              "duration": 40110000000
            }
          },
          {
            "arguments": [],
            "keyword": "When ",
            "line": 141,
            "name": "Go to the hub page event",
            "result": {
              "status": "passed",
              "duration": 4645000000
            }
          },
          {
            "arguments": [],
            "keyword": "And ",
            "line": 142,
            "name": "Close round",
            "result": {
              "status": "failed",
              "error_message": "AssertionError: Timed out retrying after 150000ms: Expected to find content: 'testevent0.7358978181477185' within the element: [ <h3>, 160 more... ] but never did.\n    at Context.eval (https://app.dev.rebelbase.co/__cypress/tests?p=cypress\\integration\\cucumber-test\\Events.feature:888:16)\n    at Context.resolveAndRunStepDefinition (https://app.dev.rebelbase.co/__cypress/tests?p=cypress\\integration\\cucumber-test\\Events.feature:13467:29)\n    at Context.eval (https://app.dev.rebelbase.co/__cypress/tests?p=cypress\\integration\\cucumber-test\\Events.feature:12788:35)"
            }
          },
          {
            "arguments": [],
            "keyword": "And ",
            "line": 143,
            "name": "Award winner",
            "result": {
              "status": "skipped"
            }
          },
          {
            "arguments": [],
            "keyword": "Then ",
            "line": 144,
            "name": "Logout to the account",
            "result": {
              "status": "skipped"
            }
          }
        ]
      },
      {
        "id": "event;event-update-notification",
        "keyword": "Scenario",
        "line": 146,
        "name": "Event Update Notification",
        "tags": [],
        "type": "scenario",
        "steps": [
          {
            "arguments": [],
            "keyword": "Given ",
            "line": 147,
            "name": "Event Detail update and Event Description update",
            "result": {
              "status": "passed",
              "duration": 2238000000
            }
          },
          {
            "arguments": [],
            "keyword": "When ",
            "line": 148,
            "name": "Details for Event Name have been updated",
            "result": {
              "status": "passed",
              "duration": 5000000
            }
          },
          {
            "arguments": [],
            "keyword": "And ",
            "line": 149,
            "name": "The location for Event Name has been updated",
            "result": {
              "status": "passed",
              "duration": 3000000
            }
          },
          {
            "arguments": [],
            "keyword": "And ",
            "line": 150,
            "name": "The date and location for Event Name have been updated",
            "result": {
              "status": "passed",
              "duration": 3000000
            }
          },
          {
            "arguments": [],
            "keyword": "And ",
            "line": 151,
            "name": "The details and date for Event Name have been updated",
            "result": {
              "status": "passed",
              "duration": 4000000
            }
          },
          {
            "arguments": [],
            "keyword": "Then ",
            "line": 152,
            "name": "The details, location, and event type for Event Name have been updated",
            "result": {
              "status": "passed",
              "duration": 3000000
            }
          }
        ]
      }
    ]
  }
]