[
  {
    "keyword": "Feature",
    "name": "Event",
    "line": 1,
    "id": "event",
    "tags": [],
    "uri": "Events.feature",
    "elements": [
      {
        "id": "event;event-details-can-be-seen-without-login-to-application",
        "keyword": "Scenario",
        "line": 3,
        "name": "Event details can be seen without login to application",
        "tags": [
          {
            "name": "@TEST_CH-1279",
            "line": 2
          }
        ],
        "type": "scenario",
        "steps": [
          {
            "arguments": [],
            "keyword": "Given ",
            "line": 4,
            "name": "Visit rebelbase event page",
            "result": {
              "status": "skipped"
            }
          },
          {
            "arguments": [],
            "keyword": "When ",
            "line": 5,
            "name": "Verify event title",
            "result": {
              "status": "skipped"
            }
          },
          {
            "arguments": [],
            "keyword": "And ",
            "line": 6,
            "name": "Verify competitor is visible",
            "result": {
              "status": "skipped"
            }
          },
          {
            "arguments": [],
            "keyword": "Then ",
            "line": 7,
            "name": "Verify participants",
            "result": {
              "status": "skipped"
            }
          }
        ]
      },
      {
        "id": "event;create-assesment-type-event",
        "keyword": "Scenario",
        "line": 9,
        "name": "Create Assesment type event",
        "tags": [],
        "type": "scenario",
        "steps": [
          {
            "arguments": [],
            "keyword": "Given ",
            "line": 10,
            "name": "Navigate rebelbase and login",
            "result": {
              "status": "skipped"
            }
          },
          {
            "arguments": [],
            "keyword": "When ",
            "line": 11,
            "name": "Visit event page",
            "result": {
              "status": "skipped"
            }
          },
          {
            "arguments": [],
            "keyword": "And ",
            "line": 12,
            "name": "Create Assesment type event",
            "result": {
              "status": "skipped"
            }
          },
          {
            "arguments": [],
            "keyword": "Then ",
            "line": 13,
            "name": "Verify Assesment event title",
            "result": {
              "status": "skipped"
            }
          }
        ]
      },
      {
        "id": "event;create-meet-up-type-event",
        "keyword": "Scenario",
        "line": 15,
        "name": "Create meet-up type event",
        "tags": [],
        "type": "scenario",
        "steps": [
          {
            "arguments": [],
            "keyword": "Given ",
            "line": 16,
            "name": "Navigate rebelbase and login",
            "result": {
              "status": "skipped"
            }
          },
          {
            "arguments": [],
            "keyword": "When ",
            "line": 17,
            "name": "Visit event page",
            "result": {
              "status": "skipped"
            }
          },
          {
            "arguments": [],
            "keyword": "And ",
            "line": 18,
            "name": "Create meet-up type event",
            "result": {
              "status": "skipped"
            }
          },
          {
            "arguments": [],
            "keyword": "Then ",
            "line": 19,
            "name": "Verify meet-up event title",
            "result": {
              "status": "skipped"
            }
          }
        ]
      },
      {
        "id": "event;create-compitition-type-event",
        "keyword": "Scenario",
        "line": 21,
        "name": "Create compitition type event",
        "tags": [],
        "type": "scenario",
        "steps": [
          {
            "arguments": [],
            "keyword": "Given ",
            "line": 22,
            "name": "Navigate rebelbase and login",
            "result": {
              "status": "skipped"
            }
          },
          {
            "arguments": [],
            "keyword": "When ",
            "line": 23,
            "name": "Visit event page",
            "result": {
              "status": "skipped"
            }
          },
          {
            "arguments": [],
            "keyword": "And ",
            "line": 24,
            "name": "Create compitition type event",
            "result": {
              "status": "skipped"
            }
          },
          {
            "arguments": [],
            "keyword": "Then ",
            "line": 25,
            "name": "Verify compitition event title",
            "result": {
              "status": "skipped"
            }
          }
        ]
      },
      {
        "id": "event;create-event-and-invite-members",
        "keyword": "Scenario",
        "line": 28,
        "name": "Create event and invite members",
        "tags": [
          {
            "name": "@TEST_CH-868",
            "line": 27
          }
        ],
        "type": "scenario",
        "steps": [
          {
            "arguments": [],
            "keyword": "Given ",
            "line": 29,
            "name": "Login to rebelbase portal",
            "result": {
              "status": "skipped"
            }
          },
          {
            "arguments": [],
            "keyword": "When ",
            "line": 30,
            "name": "Visit event page",
            "result": {
              "status": "skipped"
            }
          },
          {
            "arguments": [],
            "keyword": "And ",
            "line": 31,
            "name": "Create new event",
            "result": {
              "status": "skipped"
            }
          },
          {
            "arguments": [],
            "keyword": "And ",
            "line": 32,
            "name": "Inviting member to the event",
            "result": {
              "status": "skipped"
            }
          },
          {
            "arguments": [],
            "keyword": "Then ",
            "line": 33,
            "name": "Update event",
            "result": {
              "status": "skipped"
            }
          }
        ]
      },
      {
        "id": "event;add-event-description,-edit-event-details,-add-post,-file-upload",
        "keyword": "Scenario",
        "line": 36,
        "name": "Add event description, Edit event details, Add post, File upload",
        "tags": [
          {
            "name": "@TEST_CH-869",
            "line": 35
          }
        ],
        "type": "scenario",
        "steps": [
          {
            "arguments": [],
            "keyword": "Given ",
            "line": 37,
            "name": "Login to the rebelbase portal",
            "result": {
              "status": "skipped"
            }
          },
          {
            "arguments": [],
            "keyword": "When ",
            "line": 38,
            "name": "Go to the event page",
            "result": {
              "status": "skipped"
            }
          },
          {
            "arguments": [],
            "keyword": "And ",
            "line": 39,
            "name": "Add event description",
            "result": {
              "status": "skipped"
            }
          },
          {
            "arguments": [],
            "keyword": "And ",
            "line": 40,
            "name": "Add sponsor and upload file",
            "result": {
              "status": "skipped"
            }
          },
          {
            "arguments": [],
            "keyword": "And ",
            "line": 41,
            "name": "Add post in event",
            "result": {
              "status": "skipped"
            }
          },
          {
            "arguments": [],
            "keyword": "Then ",
            "line": 42,
            "name": "Edit event details",
            "result": {
              "status": "skipped"
            }
          }
        ]
      },
      {
        "id": "event;change-project-is-not-allowed-during-round-is-in-progress",
        "keyword": "Scenario",
        "line": 45,
        "name": "Change project is not allowed during round is in progress",
        "tags": [
          {
            "name": "@TEST_CH-798",
            "line": 44
          }
        ],
        "type": "scenario",
        "steps": [
          {
            "arguments": [],
            "keyword": "Given ",
            "line": 46,
            "name": "Login to the rebelbase portal",
            "result": {
              "status": "skipped"
            }
          },
          {
            "arguments": [],
            "keyword": "When ",
            "line": 47,
            "name": "Go to the hub event page",
            "result": {
              "status": "skipped"
            }
          },
          {
            "arguments": [],
            "keyword": "And ",
            "line": 48,
            "name": "Check for round is in progress",
            "result": {
              "status": "skipped"
            }
          },
          {
            "arguments": [],
            "keyword": "Then ",
            "line": 49,
            "name": "Select project should not be exist",
            "result": {
              "status": "skipped"
            }
          }
        ]
      },
      {
        "id": "event;judge-can-edit-in-bio-from-event-page",
        "keyword": "Scenario",
        "line": 52,
        "name": "Judge can edit in bio from event page",
        "tags": [
          {
            "name": "@TEST_CH-801",
            "line": 51
          }
        ],
        "type": "scenario",
        "steps": [
          {
            "arguments": [],
            "keyword": "Given ",
            "line": 53,
            "name": "Login to the rebel base portal",
            "result": {
              "status": "skipped"
            }
          },
          {
            "arguments": [],
            "keyword": "When ",
            "line": 54,
            "name": "Go to the event page",
            "result": {
              "status": "skipped"
            }
          },
          {
            "arguments": [],
            "keyword": "And ",
            "line": 55,
            "name": "Go to event details page",
            "result": {
              "status": "skipped"
            }
          },
          {
            "arguments": [],
            "keyword": "Then ",
            "line": 56,
            "name": "Edit bio from event details page",
            "result": {
              "status": "skipped"
            }
          }
        ]
      },
      {
        "id": "event;judge-accept-invitation-redirect-to-welcome-page",
        "keyword": "Scenario",
        "line": 59,
        "name": "Judge accept invitation redirect to welcome page",
        "tags": [
          {
            "name": "@TEST_CH-700",
            "line": 58
          }
        ],
        "type": "scenario",
        "steps": [
          {
            "arguments": [],
            "keyword": "Given ",
            "line": 60,
            "name": "Login to the rebelbase portal",
            "result": {
              "status": "skipped"
            }
          },
          {
            "arguments": [],
            "keyword": "When ",
            "line": 61,
            "name": "Go to the hub event page",
            "result": {
              "status": "skipped"
            }
          },
          {
            "arguments": [],
            "keyword": "And ",
            "line": 62,
            "name": "Invite judge to the event",
            "result": {
              "status": "skipped"
            }
          },
          {
            "arguments": [],
            "keyword": "And ",
            "line": 63,
            "name": "Login to the invited user account",
            "result": {
              "status": "skipped"
            }
          },
          {
            "arguments": [],
            "keyword": "Then ",
            "line": 64,
            "name": "Accept invitation and redirect to the welcome page",
            "result": {
              "status": "skipped"
            }
          }
        ]
      },
      {
        "id": "event;compititor-accept-invitation-redirect-to-select-project",
        "keyword": "Scenario",
        "line": 67,
        "name": "Compititor accept invitation redirect to select project",
        "tags": [
          {
            "name": "@TEST_CH-699",
            "line": 66
          }
        ],
        "type": "scenario",
        "steps": [
          {
            "arguments": [],
            "keyword": "Given ",
            "line": 68,
            "name": "Login rebelbase portal",
            "result": {
              "status": "skipped"
            }
          },
          {
            "arguments": [],
            "keyword": "When ",
            "line": 69,
            "name": "Go to the event page",
            "result": {
              "status": "skipped"
            }
          },
          {
            "arguments": [],
            "keyword": "And ",
            "line": 70,
            "name": "Invite comititor to the event",
            "result": {
              "status": "skipped"
            }
          },
          {
            "arguments": [],
            "keyword": "And ",
            "line": 71,
            "name": "Login to the user account",
            "result": {
              "status": "skipped"
            }
          },
          {
            "arguments": [],
            "keyword": "Then ",
            "line": 72,
            "name": "Accept invitation and redirect to the select project page",
            "result": {
              "status": "skipped"
            }
          }
        ]
      },
      {
        "id": "event;support-accept-invitation-redirect-to-welcome-resource",
        "keyword": "Scenario",
        "line": 75,
        "name": "Support accept invitation redirect to welcome resource",
        "tags": [
          {
            "name": "@TEST_CH-701",
            "line": 74
          }
        ],
        "type": "scenario",
        "steps": [
          {
            "arguments": [],
            "keyword": "Given ",
            "line": 76,
            "name": "Login to the rebelbase portal",
            "result": {
              "status": "skipped"
            }
          },
          {
            "arguments": [],
            "keyword": "When ",
            "line": 77,
            "name": "Go to event page",
            "result": {
              "status": "skipped"
            }
          },
          {
            "arguments": [],
            "keyword": "And ",
            "line": 78,
            "name": "Invite support to the event",
            "result": {
              "status": "skipped"
            }
          },
          {
            "arguments": [],
            "keyword": "And ",
            "line": 79,
            "name": "Login to the invited user account",
            "result": {
              "status": "skipped"
            }
          },
          {
            "arguments": [],
            "keyword": "Then ",
            "line": 80,
            "name": "Accept invitation and redirect to the welcome resource",
            "result": {
              "status": "skipped"
            }
          }
        ]
      },
      {
        "id": "event;delete-event",
        "keyword": "Scenario",
        "line": 83,
        "name": "Delete Event",
        "tags": [
          {
            "name": "@TEST_CH-1280",
            "line": 82
          }
        ],
        "type": "scenario",
        "steps": [
          {
            "arguments": [],
            "keyword": "Given ",
            "line": 84,
            "name": "Login to the rebelbase portal",
            "result": {
              "status": "skipped"
            }
          },
          {
            "arguments": [],
            "keyword": "When ",
            "line": 85,
            "name": "Go to the event page",
            "result": {
              "status": "skipped"
            }
          },
          {
            "arguments": [],
            "keyword": "And ",
            "line": 86,
            "name": "Invite support to event",
            "result": {
              "status": "skipped"
            }
          },
          {
            "arguments": [],
            "keyword": "Then ",
            "line": 87,
            "name": "Delete Event",
            "result": {
              "status": "skipped"
            }
          }
        ]
      },
      {
        "id": "event;create-event-and-send-invitation",
        "keyword": "Scenario",
        "line": 90,
        "name": "Create event and send invitation",
        "tags": [
          {
            "name": "@TEST_CH-804",
            "line": 89
          }
        ],
        "type": "scenario",
        "steps": [
          {
            "arguments": [],
            "keyword": "Given ",
            "line": 91,
            "name": "Login to the rebelbase portal",
            "result": {
              "status": "skipped"
            }
          },
          {
            "arguments": [],
            "keyword": "When ",
            "line": 92,
            "name": "Go to the hub event page",
            "result": {
              "status": "skipped"
            }
          },
          {
            "arguments": [],
            "keyword": "And ",
            "line": 93,
            "name": "Create Event",
            "result": {
              "status": "skipped"
            }
          },
          {
            "arguments": [],
            "keyword": "And ",
            "line": 94,
            "name": "Invite users to the event",
            "result": {
              "status": "skipped"
            }
          },
          {
            "arguments": [],
            "keyword": "Then ",
            "line": 95,
            "name": "Logout to the account",
            "result": {
              "status": "skipped"
            }
          }
        ]
      },
      {
        "id": "event;judge-1-accept-event-invitation",
        "keyword": "Scenario",
        "line": 98,
        "name": "Judge 1 accept event invitation",
        "tags": [
          {
            "name": "@TEST_CH-1281",
            "line": 97
          }
        ],
        "type": "scenario",
        "steps": [
          {
            "arguments": [],
            "keyword": "Given ",
            "line": 99,
            "name": "Login to the Judge 1 account",
            "result": {
              "status": "skipped"
            }
          },
          {
            "arguments": [],
            "keyword": "When ",
            "line": 100,
            "name": "Accept invitation",
            "result": {
              "status": "skipped"
            }
          },
          {
            "arguments": [],
            "keyword": "And ",
            "line": 101,
            "name": "Edit bio",
            "result": {
              "status": "skipped"
            }
          },
          {
            "arguments": [],
            "keyword": "Then ",
            "line": 102,
            "name": "Logout to the account",
            "result": {
              "status": "skipped"
            }
          }
        ]
      },
      {
        "id": "event;judge-2-accept-event-invitation",
        "keyword": "Scenario",
        "line": 105,
        "name": "Judge 2 accept event invitation",
        "tags": [
          {
            "name": "@TEST_CH-1282",
            "line": 104
          }
        ],
        "type": "scenario",
        "steps": [
          {
            "arguments": [],
            "keyword": "Given ",
            "line": 106,
            "name": "Login to the Judge 2 account",
            "result": {
              "status": "skipped"
            }
          },
          {
            "arguments": [],
            "keyword": "When ",
            "line": 107,
            "name": "Accept invitation from judge 2",
            "result": {
              "status": "skipped"
            }
          },
          {
            "arguments": [],
            "keyword": "And ",
            "line": 108,
            "name": "Judge 2 edit bio",
            "result": {
              "status": "skipped"
            }
          },
          {
            "arguments": [],
            "keyword": "Then ",
            "line": 109,
            "name": "Logout to the Judge 2 account",
            "result": {
              "status": "skipped"
            }
          }
        ]
      },
      {
        "id": "event;judge-3-accept-event-invitation",
        "keyword": "Scenario",
        "line": 112,
        "name": "Judge 3 accept event invitation",
        "tags": [
          {
            "name": "@TEST_CH-1283",
            "line": 111
          }
        ],
        "type": "scenario",
        "steps": [
          {
            "arguments": [],
            "keyword": "Given ",
            "line": 113,
            "name": "Login to the Judge 3 account",
            "result": {
              "status": "skipped"
            }
          },
          {
            "arguments": [],
            "keyword": "When ",
            "line": 114,
            "name": "Accept invitation",
            "result": {
              "status": "skipped"
            }
          },
          {
            "arguments": [],
            "keyword": "And ",
            "line": 115,
            "name": "Edit bio",
            "result": {
              "status": "skipped"
            }
          },
          {
            "arguments": [],
            "keyword": "Then ",
            "line": 116,
            "name": "Logout to the account",
            "result": {
              "status": "skipped"
            }
          }
        ]
      },
      {
        "id": "event;compititor-1-accept-event-invitation",
        "keyword": "Scenario",
        "line": 119,
        "name": "Compititor 1 accept event invitation",
        "tags": [
          {
            "name": "@TEST_CH-1284",
            "line": 118
          }
        ],
        "type": "scenario",
        "steps": [
          {
            "arguments": [],
            "keyword": "Given ",
            "line": 120,
            "name": "Login to the compititot 1 account",
            "result": {
              "status": "skipped"
            }
          },
          {
            "arguments": [],
            "keyword": "When ",
            "line": 121,
            "name": "Accept invitation",
            "result": {
              "status": "skipped"
            }
          },
          {
            "arguments": [],
            "keyword": "And ",
            "line": 122,
            "name": "Select project",
            "result": {
              "status": "skipped"
            }
          },
          {
            "arguments": [],
            "keyword": "Then ",
            "line": 123,
            "name": "Logout to the account",
            "result": {
              "status": "skipped"
            }
          }
        ]
      },
      {
        "id": "event;change-project-for-event-and-verify",
        "keyword": "Scenario",
        "line": 126,
        "name": "Change project for event and verify",
        "tags": [
          {
            "name": "@TEST_CH-1285",
            "line": 125
          }
        ],
        "type": "scenario",
        "steps": [
          {
            "arguments": [],
            "keyword": "Given ",
            "line": 127,
            "name": "Login to the compititor account",
            "result": {
              "status": "skipped"
            }
          },
          {
            "arguments": [],
            "keyword": "When ",
            "line": 128,
            "name": "Go to my event page",
            "result": {
              "status": "skipped"
            }
          },
          {
            "arguments": [],
            "keyword": "And ",
            "line": 129,
            "name": "Change project",
            "result": {
              "status": "skipped"
            }
          },
          {
            "arguments": [],
            "keyword": "Then ",
            "line": 130,
            "name": "Logout to the account",
            "result": {
              "status": "skipped"
            }
          }
        ]
      },
      {
        "id": "event;compititor-2-accept-event-invitation",
        "keyword": "Scenario",
        "line": 133,
        "name": "Compititor 2 accept event invitation",
        "tags": [
          {
            "name": "@TEST_CH-1286",
            "line": 132
          }
        ],
        "type": "scenario",
        "steps": [
          {
            "arguments": [],
            "keyword": "Given ",
            "line": 134,
            "name": "Login to the compititot 2 account",
            "result": {
              "status": "skipped"
            }
          },
          {
            "arguments": [],
            "keyword": "When ",
            "line": 135,
            "name": "Accept invitation",
            "result": {
              "status": "skipped"
            }
          },
          {
            "arguments": [],
            "keyword": "And ",
            "line": 136,
            "name": "Select project",
            "result": {
              "status": "skipped"
            }
          },
          {
            "arguments": [],
            "keyword": "Then ",
            "line": 137,
            "name": "Logout to the account",
            "result": {
              "status": "skipped"
            }
          }
        ]
      },
      {
        "id": "event;compititor-3-accept-event-invitation",
        "keyword": "Scenario",
        "line": 140,
        "name": "Compititor 3 accept event invitation",
        "tags": [
          {
            "name": "@TEST_CH-1287",
            "line": 139
          }
        ],
        "type": "scenario",
        "steps": [
          {
            "arguments": [],
            "keyword": "Given ",
            "line": 141,
            "name": "Login to the compititot 3 account",
            "result": {
              "status": "skipped"
            }
          },
          {
            "arguments": [],
            "keyword": "When ",
            "line": 142,
            "name": "Accept invitation from compititor 3",
            "result": {
              "status": "skipped"
            }
          },
          {
            "arguments": [],
            "keyword": "And ",
            "line": 143,
            "name": "Select projects",
            "result": {
              "status": "skipped"
            }
          },
          {
            "arguments": [],
            "keyword": "Then ",
            "line": 144,
            "name": "Logout to the account",
            "result": {
              "status": "skipped"
            }
          }
        ]
      },
      {
        "id": "event;admin-start-event-round",
        "keyword": "Scenario",
        "line": 147,
        "name": "Admin start event round",
        "tags": [
          {
            "name": "@TEST_CH-1288",
            "line": 146
          }
        ],
        "type": "scenario",
        "steps": [
          {
            "arguments": [],
            "keyword": "Given ",
            "line": 148,
            "name": "Login to the Rebelbase portal",
            "result": {
              "status": "skipped"
            }
          },
          {
            "arguments": [],
            "keyword": "When ",
            "line": 149,
            "name": "Go to event details",
            "result": {
              "status": "skipped"
            }
          },
          {
            "arguments": [],
            "keyword": "And ",
            "line": 150,
            "name": "Start round for the event",
            "result": {
              "status": "skipped"
            }
          },
          {
            "arguments": [],
            "keyword": "Then ",
            "line": 151,
            "name": "Logout to the account",
            "result": {
              "status": "skipped"
            }
          }
        ]
      },
      {
        "id": "event;judge-1-score-project",
        "keyword": "Scenario",
        "line": 154,
        "name": "Judge 1 score project",
        "tags": [
          {
            "name": "@TEST_CH-1289",
            "line": 153
          }
        ],
        "type": "scenario",
        "steps": [
          {
            "arguments": [],
            "keyword": "Given ",
            "line": 155,
            "name": "Login to the judge 1 account",
            "result": {
              "status": "skipped"
            }
          },
          {
            "arguments": [],
            "keyword": "When ",
            "line": 156,
            "name": "Go to the hub event page",
            "result": {
              "status": "skipped"
            }
          },
          {
            "arguments": [],
            "keyword": "And ",
            "line": 157,
            "name": "Score one project",
            "result": {
              "status": "skipped"
            }
          },
          {
            "arguments": [],
            "keyword": "And ",
            "line": 158,
            "name": "Score second project",
            "result": {
              "status": "skipped"
            }
          },
          {
            "arguments": [],
            "keyword": "Then ",
            "line": 159,
            "name": "Logout to the judge 1 account",
            "result": {
              "status": "skipped"
            }
          }
        ]
      },
      {
        "id": "event;judge-2-score-event",
        "keyword": "Scenario",
        "line": 162,
        "name": "Judge 2 score event",
        "tags": [
          {
            "name": "@TEST_CH-1290",
            "line": 161
          }
        ],
        "type": "scenario",
        "steps": [
          {
            "arguments": [],
            "keyword": "Given ",
            "line": 163,
            "name": "Login to the judge 2 account",
            "result": {
              "status": "skipped"
            }
          },
          {
            "arguments": [],
            "keyword": "When ",
            "line": 164,
            "name": "Go to the event page",
            "result": {
              "status": "skipped"
            }
          },
          {
            "arguments": [],
            "keyword": "And ",
            "line": 165,
            "name": "Score first event",
            "result": {
              "status": "skipped"
            }
          },
          {
            "arguments": [],
            "keyword": "And ",
            "line": 166,
            "name": "scoring second event",
            "result": {
              "status": "skipped"
            }
          },
          {
            "arguments": [],
            "keyword": "Then ",
            "line": 167,
            "name": "Logout to the account",
            "result": {
              "status": "skipped"
            }
          }
        ]
      },
      {
        "id": "event;judge-3-score-event",
        "keyword": "Scenario",
        "line": 170,
        "name": "Judge 3 score event",
        "tags": [
          {
            "name": "@TEST_CH-1291",
            "line": 169
          }
        ],
        "type": "scenario",
        "steps": [
          {
            "arguments": [],
            "keyword": "Given ",
            "line": 171,
            "name": "Login to the judge 3 account",
            "result": {
              "status": "skipped"
            }
          },
          {
            "arguments": [],
            "keyword": "When ",
            "line": 172,
            "name": "Go to event page details",
            "result": {
              "status": "skipped"
            }
          },
          {
            "arguments": [],
            "keyword": "And ",
            "line": 173,
            "name": "Scored first event",
            "result": {
              "status": "skipped"
            }
          },
          {
            "arguments": [],
            "keyword": "And ",
            "line": 174,
            "name": "score second event",
            "result": {
              "status": "skipped"
            }
          },
          {
            "arguments": [],
            "keyword": "Then ",
            "line": 175,
            "name": "Logout to the account",
            "result": {
              "status": "skipped"
            }
          }
        ]
      },
      {
        "id": "event;admin-close-event-round-and-publish-score-and-winner",
        "keyword": "Scenario",
        "line": 178,
        "name": "admin close event round and publish score and winner",
        "tags": [
          {
            "name": "@TEST_CH-1292",
            "line": 177
          }
        ],
        "type": "scenario",
        "steps": [
          {
            "arguments": [],
            "keyword": "Given ",
            "line": 179,
            "name": "Login to the rebel base",
            "result": {
              "status": "skipped"
            }
          },
          {
            "arguments": [],
            "keyword": "When ",
            "line": 180,
            "name": "Go to the hub page event",
            "result": {
              "status": "skipped"
            }
          },
          {
            "arguments": [],
            "keyword": "And ",
            "line": 181,
            "name": "Close round",
            "result": {
              "status": "skipped"
            }
          },
          {
            "arguments": [],
            "keyword": "And ",
            "line": 182,
            "name": "Award winner",
            "result": {
              "status": "skipped"
            }
          },
          {
            "arguments": [],
            "keyword": "Then ",
            "line": 183,
            "name": "Logout to the account",
            "result": {
              "status": "skipped"
            }
          }
        ]
      },
      {
        "id": "event;event-update-notification",
        "keyword": "Scenario",
        "line": 186,
        "name": "Event Update Notification",
        "tags": [
          {
            "name": "@TEST_CH-1293",
            "line": 185
          }
        ],
        "type": "scenario",
        "steps": [
          {
            "arguments": [],
            "keyword": "Given ",
            "line": 187,
            "name": "Event Detail update and Event Description update",
            "result": {
              "status": "skipped"
            }
          },
          {
            "arguments": [],
            "keyword": "When ",
            "line": 188,
            "name": "Details for Event Name have been updated",
            "result": {
              "status": "skipped"
            }
          },
          {
            "arguments": [],
            "keyword": "And ",
            "line": 189,
            "name": "The location for Event Name has been updated",
            "result": {
              "status": "skipped"
            }
          },
          {
            "arguments": [],
            "keyword": "And ",
            "line": 190,
            "name": "The date and location for Event Name have been updated",
            "result": {
              "status": "skipped"
            }
          },
          {
            "arguments": [],
            "keyword": "And ",
            "line": 191,
            "name": "The details and date for Event Name have been updated",
            "result": {
              "status": "skipped"
            }
          },
          {
            "arguments": [],
            "keyword": "Then ",
            "line": 192,
            "name": "The details, location, and event type for Event Name have been updated",
            "result": {
              "status": "skipped"
            }
          }
        ]
      },
      {
        "id": "event;accept-event-invitation-from-web-application",
        "keyword": "Scenario",
        "line": 194,
        "name": "Accept event invitation from web application",
        "tags": [],
        "type": "scenario",
        "steps": [
          {
            "arguments": [],
            "keyword": "Given ",
            "line": 195,
            "name": "Navigate rebel base and login",
            "result": {
              "status": "skipped"
            }
          },
          {
            "arguments": [],
            "keyword": "When ",
            "line": 196,
            "name": "Visit event page",
            "result": {
              "status": "skipped"
            }
          },
          {
            "arguments": [],
            "keyword": "And ",
            "line": 197,
            "name": "Create event for web application",
            "result": {
              "status": "skipped"
            }
          },
          {
            "arguments": [],
            "keyword": "And ",
            "line": 198,
            "name": "Verify event title and invite member",
            "result": {
              "status": "skipped"
            }
          },
          {
            "arguments": [],
            "keyword": "Then ",
            "line": 199,
            "name": "Accept event invitation from web application",
            "result": {
              "status": "skipped"
            }
          }
        ]
      },
      {
        "id": "event;check-thread-notification-for-the-event",
        "keyword": "Scenario",
        "line": 201,
        "name": "Check thread notification for the event",
        "tags": [],
        "type": "scenario",
        "steps": [
          {
            "arguments": [],
            "keyword": "Given ",
            "line": 202,
            "name": "Navigate rebel base and login",
            "result": {
              "status": "skipped"
            }
          },
          {
            "arguments": [],
            "keyword": "When ",
            "line": 203,
            "name": "Visit event page",
            "result": {
              "status": "skipped"
            }
          },
          {
            "arguments": [],
            "keyword": "And ",
            "line": 204,
            "name": "Create event for web application",
            "result": {
              "status": "skipped"
            }
          },
          {
            "arguments": [],
            "keyword": "And ",
            "line": 205,
            "name": "Invite all member to the event",
            "result": {
              "status": "skipped"
            }
          },
          {
            "arguments": [],
            "keyword": "And ",
            "line": 206,
            "name": "Accept event invitation from from username1",
            "result": {
              "status": "skipped"
            }
          },
          {
            "arguments": [],
            "keyword": "And ",
            "line": 207,
            "name": "Accept event invitation from from username2",
            "result": {
              "status": "skipped"
            }
          },
          {
            "arguments": [],
            "keyword": "And ",
            "line": 208,
            "name": "Accept event invitation from from otherUser",
            "result": {
              "status": "skipped"
            }
          },
          {
            "arguments": [],
            "keyword": "And ",
            "line": 209,
            "name": "Check notification for the event thread",
            "result": {
              "status": "skipped"
            }
          },
          {
            "arguments": [],
            "keyword": "And ",
            "line": 210,
            "name": "Login to the event member account",
            "result": {
              "status": "skipped"
            }
          },
          {
            "arguments": [],
            "keyword": "Then ",
            "line": 211,
            "name": "Check notification for evenr member when post is created",
            "result": {
              "status": "skipped"
            }
          }
        ]
      },
      {
        "id": "event;check-notificatin-for-delete-event",
        "keyword": "Scenario",
        "line": 222,
        "name": "Check notificatin for delete event",
        "tags": [],
        "type": "scenario",
        "steps": [
          {
            "arguments": [],
            "keyword": "Given ",
            "line": 223,
            "name": "Navigate rebel base and login",
            "result": {
              "status": "skipped"
            }
          },
          {
            "arguments": [],
            "keyword": "When ",
            "line": 224,
            "name": "Visit event page",
            "result": {
              "status": "skipped"
            }
          },
          {
            "arguments": [],
            "keyword": "And ",
            "line": 225,
            "name": "Create event for web application",
            "result": {
              "status": "skipped"
            }
          },
          {
            "arguments": [],
            "keyword": "And ",
            "line": 226,
            "name": "Invite member to the event",
            "result": {
              "status": "skipped"
            }
          },
          {
            "arguments": [],
            "keyword": "And ",
            "line": 227,
            "name": "Accept invitation from invited user account",
            "result": {
              "status": "skipped"
            }
          },
          {
            "arguments": [],
            "keyword": "And ",
            "line": 228,
            "name": "Update event details",
            "result": {
              "status": "skipped"
            }
          },
          {
            "arguments": [],
            "keyword": "Then ",
            "line": 229,
            "name": "Verify event updation notification for the member",
            "result": {
              "status": "skipped"
            }
          }
        ]
      },
      {
        "id": "event;update-event-and-check-updated-details",
        "keyword": "Scenario",
        "line": 231,
        "name": "Update event and check updated details",
        "tags": [],
        "type": "scenario",
        "steps": [
          {
            "arguments": [],
            "keyword": "Given ",
            "line": 232,
            "name": "login to the app",
            "result": {
              "status": "skipped"
            }
          },
          {
            "arguments": [],
            "keyword": "When ",
            "line": 233,
            "name": "Visit event page",
            "result": {
              "status": "skipped"
            }
          },
          {
            "arguments": [],
            "keyword": "And ",
            "line": 234,
            "name": "Create event with full details",
            "result": {
              "status": "skipped"
            }
          },
          {
            "arguments": [],
            "keyword": "And ",
            "line": 235,
            "name": "Update Event details",
            "result": {
              "status": "skipped"
            }
          },
          {
            "arguments": [],
            "keyword": "And ",
            "line": 236,
            "name": "Check event details",
            "result": {
              "status": "skipped"
            }
          },
          {
            "arguments": [],
            "keyword": "Then ",
            "line": 237,
            "name": "Delete created event",
            "result": {
              "status": "skipped"
            }
          }
        ]
      },
      {
        "id": "event;signup-new-user-and-go-to-all-event-page",
        "keyword": "Scenario",
        "line": 239,
        "name": "Signup new user and go to all event page",
        "tags": [
          {
            "name": "@focus",
            "line": 238
          }
        ],
        "type": "scenario",
        "steps": [
          {
            "arguments": [],
            "keyword": "Given ",
            "line": 240,
            "name": "User is on signup page",
            "result": {
              "status": "passed",
              "duration": 4807000000
            }
          },
          {
            "arguments": [],
            "keyword": "When ",
            "line": 241,
            "name": "clicked on signup button and add details",
            "result": {
              "status": "passed",
              "duration": 20620000000
            }
          },
          {
            "arguments": [],
            "keyword": "And ",
            "line": 242,
            "name": "User clicks on signup button",
            "result": {
              "status": "passed",
              "duration": 1532000000
            }
          },
          {
            "arguments": [],
            "keyword": "And ",
            "line": 243,
            "name": "New User is able to sign up successfully",
            "result": {
              "status": "passed",
              "duration": 11747000000
            }
          },
          {
            "arguments": [],
            "keyword": "And ",
            "line": 244,
            "name": "Visit all event page",
            "result": {
              "status": "passed",
              "duration": 1603000000
            }
          },
          {
            "arguments": [],
            "keyword": "And ",
            "line": 245,
            "name": "Check alternative email pop-up",
            "result": {
              "status": "passed",
              "duration": 13114000000
            }
          },
          {
            "arguments": [],
            "keyword": "Then ",
            "line": 246,
            "name": "Verify Email from received email",
            "result": {
              "status": "failed",
              "error_message": "CypressError: `cy.task('gmail:get-messages')` failed with the following error:\n\nThe task 'gmail:get-messages' returned undefined. You must return a value, null, or a promise that resolves to a value or null to indicate that the task was handled.\n\nThe task handler was:\n\nasync args => {\r\n      const messages = await gmail_tester.get_messages(\r\n        path.resolve(__dirname, \"credentials.json\"),\r\n        path.resolve(__dirname, \"token.json\"),\r\n        args.options\r\n      );\r\n      console.log(messages);\r\n      return messages;\r\n    }\n\nFix this in your setupNodeEvents method here:\nC:\\Users\\ALMIGHTY\\CypressAutomation\\RebelBase\\cypress.config.js\n    at https://app.dev.rebelbase.co/__cypress/runner/cypress_runner.js:160145:80\nFrom previous event:\n    at Context.task (https://app.dev.rebelbase.co/__cypress/runner/cypress_runner.js:160136:15)\nFrom Your Spec Code:\n    at Context.eval (https://app.dev.rebelbase.co/__cypress/tests?p=cypress\\integration\\cucumber-test\\Events.feature:2702:6)\n    at Context.resolveAndRunStepDefinition (https://app.dev.rebelbase.co/__cypress/tests?p=cypress\\integration\\cucumber-test\\Events.feature:15399:29)\n    at Context.eval (https://app.dev.rebelbase.co/__cypress/tests?p=cypress\\integration\\cucumber-test\\Events.feature:14720:35)"
            }
          }
        ]
      },
      {
        "id": "event;decline-event-invitation",
        "keyword": "Scenario",
        "line": 248,
        "name": "Decline event invitation",
        "tags": [],
        "type": "scenario",
        "steps": [
          {
            "arguments": [],
            "keyword": "Given ",
            "line": 249,
            "name": "Navigate rebel base and login",
            "result": {
              "status": "skipped"
            }
          },
          {
            "arguments": [],
            "keyword": "When ",
            "line": 250,
            "name": "Visit event page",
            "result": {
              "status": "skipped"
            }
          },
          {
            "arguments": [],
            "keyword": "And ",
            "line": 251,
            "name": "Create event for web application",
            "result": {
              "status": "skipped"
            }
          },
          {
            "arguments": [],
            "keyword": "And ",
            "line": 252,
            "name": "Invite member to the event",
            "result": {
              "status": "skipped"
            }
          },
          {
            "arguments": [],
            "keyword": "And ",
            "line": 253,
            "name": "Decline invitation from invited user account",
            "result": {
              "status": "skipped"
            }
          },
          {
            "arguments": [],
            "keyword": "Then ",
            "line": 254,
            "name": "Delete the same event",
            "result": {
              "status": "skipped"
            }
          }
        ]
      }
    ]
  }
]