[
  {
    "keyword": "Feature",
    "name": "Event",
    "line": 1,
    "id": "event",
    "tags": [],
    "uri": "Events.feature",
    "elements": [
      {
        "id": "event;decline-event-invitation",
        "keyword": "Scenario",
        "line": 248,
        "name": "Decline event invitation",
        "tags": [],
        "type": "scenario",
        "steps": [
          {
            "arguments": [],
            "keyword": "Given ",
            "line": 249,
            "name": "Navigate rebel base and login",
            "result": {
              "status": "passed",
              "duration": 5295000000
            }
          },
          {
            "arguments": [],
            "keyword": "When ",
            "line": 250,
            "name": "Visit event page",
            "result": {
              "status": "passed",
              "duration": 16175000000
            }
          },
          {
            "arguments": [],
            "keyword": "And ",
            "line": 251,
            "name": "Create event for web application",
            "result": {
              "status": "passed",
              "duration": 23741000000
            }
          },
          {
            "arguments": [],
            "keyword": "And ",
            "line": 252,
            "name": "Invite member to the event",
            "result": {
              "status": "passed",
              "duration": 10656000000
            }
          },
          {
            "arguments": [],
            "keyword": "And ",
            "line": 253,
            "name": "Decline invitation from invited user account",
            "result": {
              "status": "passed",
              "duration": 19185000000
            }
          },
          {
            "arguments": [],
            "keyword": "Then ",
            "line": 254,
            "name": "Delete the same event",
            "result": {
              "status": "passed",
              "duration": 30256000000
            }
          }
        ]
      }
    ]
  }
]