[
  {
    "keyword": "Feature",
    "name": "Hub Activity",
    "line": 1,
    "id": "hub-activity",
    "tags": [],
    "uri": "HubActivity.feature",
    "elements": [
      {
        "id": "hub-activity;visit-dev-hub",
        "keyword": "Scenario",
        "line": 7,
        "name": "Visit Dev Hub",
        "tags": [
          {
            "name": "@TEST_CH-772",
            "line": 6
          }
        ],
        "type": "scenario",
        "steps": [
          {
            "arguments": [],
            "keyword": "Given ",
            "line": 3,
            "name": "Verify profile page and cookies",
            "result": {
              "status": "skipped"
            }
          },
          {
            "arguments": [],
            "keyword": "When ",
            "line": 4,
            "name": "Go to Activity page",
            "result": {
              "status": "skipped"
            }
          },
          {
            "arguments": [],
            "keyword": "Given ",
            "line": 8,
            "name": "Verify profile and cookies",
            "result": {
              "status": "skipped"
            }
          },
          {
            "arguments": [],
            "keyword": "When ",
            "line": 9,
            "name": "Go to the Activity page",
            "result": {
              "status": "skipped"
            }
          },
          {
            "arguments": [],
            "keyword": "And ",
            "line": 10,
            "name": "Close the notification",
            "result": {
              "status": "skipped"
            }
          },
          {
            "arguments": [],
            "keyword": "Then ",
            "line": 11,
            "name": "Verify Dev Hub",
            "result": {
              "status": "skipped"
            }
          }
        ]
      },
      {
        "id": "hub-activity;edit-hub-description",
        "keyword": "Scenario",
        "line": 13,
        "name": "Edit Hub Description",
        "tags": [
          {
            "name": "@TEST_CH-773",
            "line": 12
          }
        ],
        "type": "scenario",
        "steps": [
          {
            "arguments": [],
            "keyword": "Given ",
            "line": 3,
            "name": "Verify profile page and cookies",
            "result": {
              "status": "skipped"
            }
          },
          {
            "arguments": [],
            "keyword": "When ",
            "line": 4,
            "name": "Go to Activity page",
            "result": {
              "status": "skipped"
            }
          },
          {
            "arguments": [],
            "keyword": "Given ",
            "line": 14,
            "name": "Verify profile page and cookies",
            "result": {
              "status": "skipped"
            }
          },
          {
            "arguments": [],
            "keyword": "When ",
            "line": 15,
            "name": "Go to Activity page",
            "result": {
              "status": "skipped"
            }
          },
          {
            "arguments": [],
            "keyword": "And ",
            "line": 16,
            "name": "Change hub title",
            "result": {
              "status": "skipped"
            }
          },
          {
            "arguments": [],
            "keyword": "Then ",
            "line": 17,
            "name": "Change hub description",
            "result": {
              "status": "skipped"
            }
          }
        ]
      },
      {
        "id": "hub-activity;make-announcement",
        "keyword": "Scenario",
        "line": 26,
        "name": "Make announcement",
        "tags": [
          {
            "name": "@TEST_CH-775",
            "line": 25
          }
        ],
        "type": "scenario",
        "steps": [
          {
            "arguments": [],
            "keyword": "Given ",
            "line": 3,
            "name": "Verify profile page and cookies",
            "result": {
              "status": "skipped"
            }
          },
          {
            "arguments": [],
            "keyword": "When ",
            "line": 4,
            "name": "Go to Activity page",
            "result": {
              "status": "skipped"
            }
          },
          {
            "arguments": [],
            "keyword": "Given ",
            "line": 27,
            "name": "Verify profile page and cookies",
            "result": {
              "status": "skipped"
            }
          },
          {
            "arguments": [],
            "keyword": "When ",
            "line": 28,
            "name": "Go to Activity pages",
            "result": {
              "status": "skipped"
            }
          },
          {
            "arguments": [],
            "keyword": "Then ",
            "line": 29,
            "name": "Make Announcement",
            "result": {
              "status": "skipped"
            }
          }
        ]
      },
      {
        "id": "hub-activity;edit-announcement",
        "keyword": "Scenario",
        "line": 31,
        "name": "Edit announcement",
        "tags": [
          {
            "name": "@TEST_CH-776",
            "line": 30
          }
        ],
        "type": "scenario",
        "steps": [
          {
            "arguments": [],
            "keyword": "Given ",
            "line": 3,
            "name": "Verify profile page and cookies",
            "result": {
              "status": "skipped"
            }
          },
          {
            "arguments": [],
            "keyword": "When ",
            "line": 4,
            "name": "Go to Activity page",
            "result": {
              "status": "skipped"
            }
          },
          {
            "arguments": [],
            "keyword": "Given ",
            "line": 32,
            "name": "Verify profile page and cookies",
            "result": {
              "status": "skipped"
            }
          },
          {
            "arguments": [],
            "keyword": "When ",
            "line": 33,
            "name": "Visit Activity page",
            "result": {
              "status": "skipped"
            }
          },
          {
            "arguments": [],
            "keyword": "And ",
            "line": 34,
            "name": "Cancel announcement after edit",
            "result": {
              "status": "skipped"
            }
          },
          {
            "arguments": [],
            "keyword": "Then ",
            "line": 35,
            "name": "Save announcement after edit",
            "result": {
              "status": "skipped"
            }
          }
        ]
      },
      {
        "id": "hub-activity;unstick-announcement",
        "keyword": "Scenario",
        "line": 37,
        "name": "Unstick announcement",
        "tags": [
          {
            "name": "@TEST_CH-777",
            "line": 36
          }
        ],
        "type": "scenario",
        "steps": [
          {
            "arguments": [],
            "keyword": "Given ",
            "line": 3,
            "name": "Verify profile page and cookies",
            "result": {
              "status": "skipped"
            }
          },
          {
            "arguments": [],
            "keyword": "When ",
            "line": 4,
            "name": "Go to Activity page",
            "result": {
              "status": "skipped"
            }
          },
          {
            "arguments": [],
            "keyword": "Given ",
            "line": 38,
            "name": "Verify profile page and cookies",
            "result": {
              "status": "skipped"
            }
          },
          {
            "arguments": [],
            "keyword": "When ",
            "line": 39,
            "name": "Redirect to Activity page",
            "result": {
              "status": "skipped"
            }
          },
          {
            "arguments": [],
            "keyword": "Then ",
            "line": 40,
            "name": "Make announcement unsticky",
            "result": {
              "status": "skipped"
            }
          }
        ]
      },
      {
        "id": "hub-activity;make-announcement-sticky",
        "keyword": "Scenario",
        "line": 42,
        "name": "Make announcement sticky",
        "tags": [
          {
            "name": "@TEST_CH-778",
            "line": 41
          }
        ],
        "type": "scenario",
        "steps": [
          {
            "arguments": [],
            "keyword": "Given ",
            "line": 3,
            "name": "Verify profile page and cookies",
            "result": {
              "status": "skipped"
            }
          },
          {
            "arguments": [],
            "keyword": "When ",
            "line": 4,
            "name": "Go to Activity page",
            "result": {
              "status": "skipped"
            }
          },
          {
            "arguments": [],
            "keyword": "Given ",
            "line": 43,
            "name": "Verify profile page and cookies",
            "result": {
              "status": "skipped"
            }
          },
          {
            "arguments": [],
            "keyword": "When ",
            "line": 44,
            "name": "Go to Activity pages",
            "result": {
              "status": "skipped"
            }
          },
          {
            "arguments": [],
            "keyword": "Then ",
            "line": 45,
            "name": "Make announcement sticky",
            "result": {
              "status": "skipped"
            }
          }
        ]
      },
      {
        "id": "hub-activity;delete-announcement",
        "keyword": "Scenario",
        "line": 47,
        "name": "Delete announcement",
        "tags": [
          {
            "name": "@TEST_CH-779",
            "line": 46
          }
        ],
        "type": "scenario",
        "steps": [
          {
            "arguments": [],
            "keyword": "Given ",
            "line": 3,
            "name": "Verify profile page and cookies",
            "result": {
              "status": "skipped"
            }
          },
          {
            "arguments": [],
            "keyword": "When ",
            "line": 4,
            "name": "Go to Activity page",
            "result": {
              "status": "skipped"
            }
          },
          {
            "arguments": [],
            "keyword": "Given ",
            "line": 48,
            "name": "Verify profile page and cookies",
            "result": {
              "status": "skipped"
            }
          },
          {
            "arguments": [],
            "keyword": "When ",
            "line": 49,
            "name": "Go to Activity page",
            "result": {
              "status": "skipped"
            }
          },
          {
            "arguments": [],
            "keyword": "And ",
            "line": 50,
            "name": "Verify announcement not deleted",
            "result": {
              "status": "skipped"
            }
          },
          {
            "arguments": [],
            "keyword": "Then ",
            "line": 51,
            "name": "Delete announcement",
            "result": {
              "status": "skipped"
            }
          }
        ]
      },
      {
        "id": "hub-activity;create-a-post",
        "keyword": "Scenario",
        "line": 53,
        "name": "Create a Post",
        "tags": [
          {
            "name": "@TEST_CH-780",
            "line": 52
          }
        ],
        "type": "scenario",
        "steps": [
          {
            "arguments": [],
            "keyword": "Given ",
            "line": 3,
            "name": "Verify profile page and cookies",
            "result": {
              "status": "skipped"
            }
          },
          {
            "arguments": [],
            "keyword": "When ",
            "line": 4,
            "name": "Go to Activity page",
            "result": {
              "status": "skipped"
            }
          },
          {
            "arguments": [],
            "keyword": "Given ",
            "line": 54,
            "name": "Verify profile page and cookies",
            "result": {
              "status": "skipped"
            }
          },
          {
            "arguments": [],
            "keyword": "When ",
            "line": 55,
            "name": "Go to Activity page",
            "result": {
              "status": "skipped"
            }
          },
          {
            "arguments": [],
            "keyword": "Then ",
            "line": 56,
            "name": "Create post",
            "result": {
              "status": "skipped"
            }
          }
        ]
      },
      {
        "id": "hub-activity;switch-to-post",
        "keyword": "Scenario",
        "line": 58,
        "name": "Switch to Post",
        "tags": [
          {
            "name": "@TEST_CH-781",
            "line": 57
          }
        ],
        "type": "scenario",
        "steps": [
          {
            "arguments": [],
            "keyword": "Given ",
            "line": 3,
            "name": "Verify profile page and cookies",
            "result": {
              "status": "skipped"
            }
          },
          {
            "arguments": [],
            "keyword": "When ",
            "line": 4,
            "name": "Go to Activity page",
            "result": {
              "status": "skipped"
            }
          },
          {
            "arguments": [],
            "keyword": "Given ",
            "line": 59,
            "name": "Verify profile page and cookies",
            "result": {
              "status": "skipped"
            }
          },
          {
            "arguments": [],
            "keyword": "When ",
            "line": 60,
            "name": "Go to Activity page",
            "result": {
              "status": "skipped"
            }
          },
          {
            "arguments": [],
            "keyword": "Then ",
            "line": 61,
            "name": "Go to post page",
            "result": {
              "status": "skipped"
            }
          }
        ]
      },
      {
        "id": "hub-activity;edit-post",
        "keyword": "Scenario",
        "line": 63,
        "name": "Edit post",
        "tags": [
          {
            "name": "@TEST_CH-782",
            "line": 62
          }
        ],
        "type": "scenario",
        "steps": [
          {
            "arguments": [],
            "keyword": "Given ",
            "line": 3,
            "name": "Verify profile page and cookies",
            "result": {
              "status": "skipped"
            }
          },
          {
            "arguments": [],
            "keyword": "When ",
            "line": 4,
            "name": "Go to Activity page",
            "result": {
              "status": "skipped"
            }
          },
          {
            "arguments": [],
            "keyword": "Given ",
            "line": 64,
            "name": "Verify profile page and cookies",
            "result": {
              "status": "skipped"
            }
          },
          {
            "arguments": [],
            "keyword": "When ",
            "line": 65,
            "name": "Go to Activity page",
            "result": {
              "status": "skipped"
            }
          },
          {
            "arguments": [],
            "keyword": "And ",
            "line": 66,
            "name": "Verify post is not edit",
            "result": {
              "status": "skipped"
            }
          },
          {
            "arguments": [],
            "keyword": "Then ",
            "line": 67,
            "name": "Edit post",
            "result": {
              "status": "skipped"
            }
          }
        ]
      },
      {
        "id": "hub-activity;delete-post",
        "keyword": "Scenario",
        "line": 69,
        "name": "Delete post",
        "tags": [
          {
            "name": "@TEST_CH-783",
            "line": 68
          }
        ],
        "type": "scenario",
        "steps": [
          {
            "arguments": [],
            "keyword": "Given ",
            "line": 3,
            "name": "Verify profile page and cookies",
            "result": {
              "status": "skipped"
            }
          },
          {
            "arguments": [],
            "keyword": "When ",
            "line": 4,
            "name": "Go to Activity page",
            "result": {
              "status": "skipped"
            }
          },
          {
            "arguments": [],
            "keyword": "Given ",
            "line": 70,
            "name": "Verify profile page and cookies",
            "result": {
              "status": "skipped"
            }
          },
          {
            "arguments": [],
            "keyword": "When ",
            "line": 71,
            "name": "Go to Activity page",
            "result": {
              "status": "skipped"
            }
          },
          {
            "arguments": [],
            "keyword": "And ",
            "line": 72,
            "name": "Verify post is not deleted",
            "result": {
              "status": "skipped"
            }
          },
          {
            "arguments": [],
            "keyword": "Then ",
            "line": 73,
            "name": "Delete post",
            "result": {
              "status": "skipped"
            }
          }
        ]
      },
      {
        "id": "hub-activity;ask-a-question",
        "keyword": "Scenario",
        "line": 75,
        "name": "Ask a question",
        "tags": [
          {
            "name": "@TEST_CH-784",
            "line": 74
          }
        ],
        "type": "scenario",
        "steps": [
          {
            "arguments": [],
            "keyword": "Given ",
            "line": 3,
            "name": "Verify profile page and cookies",
            "result": {
              "status": "skipped"
            }
          },
          {
            "arguments": [],
            "keyword": "When ",
            "line": 4,
            "name": "Go to Activity page",
            "result": {
              "status": "skipped"
            }
          },
          {
            "arguments": [],
            "keyword": "Given ",
            "line": 76,
            "name": "Verify profile page and cookies",
            "result": {
              "status": "skipped"
            }
          },
          {
            "arguments": [],
            "keyword": "When ",
            "line": 77,
            "name": "Go to Activity page",
            "result": {
              "status": "skipped"
            }
          },
          {
            "arguments": [],
            "keyword": "Then ",
            "line": 78,
            "name": "Ask a question",
            "result": {
              "status": "skipped"
            }
          }
        ]
      },
      {
        "id": "hub-activity;edit-a-question",
        "keyword": "Scenario",
        "line": 80,
        "name": "Edit a question",
        "tags": [
          {
            "name": "@TEST_CH-785",
            "line": 79
          }
        ],
        "type": "scenario",
        "steps": [
          {
            "arguments": [],
            "keyword": "Given ",
            "line": 3,
            "name": "Verify profile page and cookies",
            "result": {
              "status": "skipped"
            }
          },
          {
            "arguments": [],
            "keyword": "When ",
            "line": 4,
            "name": "Go to Activity page",
            "result": {
              "status": "skipped"
            }
          },
          {
            "arguments": [],
            "keyword": "Given ",
            "line": 81,
            "name": "Verify profile page and cookies",
            "result": {
              "status": "skipped"
            }
          },
          {
            "arguments": [],
            "keyword": "When ",
            "line": 82,
            "name": "Go to Activity page",
            "result": {
              "status": "skipped"
            }
          },
          {
            "arguments": [],
            "keyword": "And ",
            "line": 83,
            "name": "Check cancel edit",
            "result": {
              "status": "skipped"
            }
          },
          {
            "arguments": [],
            "keyword": "Then ",
            "line": 84,
            "name": "Edit a question",
            "result": {
              "status": "skipped"
            }
          }
        ]
      },
      {
        "id": "hub-activity;redirect-to-question-page",
        "keyword": "Scenario",
        "line": 86,
        "name": "Redirect to question page",
        "tags": [
          {
            "name": "@TEST_CH-786",
            "line": 85
          }
        ],
        "type": "scenario",
        "steps": [
          {
            "arguments": [],
            "keyword": "Given ",
            "line": 3,
            "name": "Verify profile page and cookies",
            "result": {
              "status": "skipped"
            }
          },
          {
            "arguments": [],
            "keyword": "When ",
            "line": 4,
            "name": "Go to Activity page",
            "result": {
              "status": "skipped"
            }
          },
          {
            "arguments": [],
            "keyword": "Given ",
            "line": 87,
            "name": "Verify profile page and cookies",
            "result": {
              "status": "skipped"
            }
          },
          {
            "arguments": [],
            "keyword": "When ",
            "line": 88,
            "name": "Go to Activity page",
            "result": {
              "status": "skipped"
            }
          },
          {
            "arguments": [],
            "keyword": "Then ",
            "line": 89,
            "name": "Go to Question page",
            "result": {
              "status": "skipped"
            }
          }
        ]
      },
      {
        "id": "hub-activity;add-answer",
        "keyword": "Scenario",
        "line": 91,
        "name": "Add answer",
        "tags": [
          {
            "name": "@TEST_CH-787",
            "line": 90
          }
        ],
        "type": "scenario",
        "steps": [
          {
            "arguments": [],
            "keyword": "Given ",
            "line": 3,
            "name": "Verify profile page and cookies",
            "result": {
              "status": "skipped"
            }
          },
          {
            "arguments": [],
            "keyword": "When ",
            "line": 4,
            "name": "Go to Activity page",
            "result": {
              "status": "skipped"
            }
          },
          {
            "arguments": [],
            "keyword": "Given ",
            "line": 92,
            "name": "Verify profile page and cookies",
            "result": {
              "status": "skipped"
            }
          },
          {
            "arguments": [],
            "keyword": "When ",
            "line": 93,
            "name": "Go to Activity page",
            "result": {
              "status": "skipped"
            }
          },
          {
            "arguments": [],
            "keyword": "Then ",
            "line": 94,
            "name": "Add answer",
            "result": {
              "status": "skipped"
            }
          }
        ]
      },
      {
        "id": "hub-activity;add-reply-to-answer",
        "keyword": "Scenario",
        "line": 96,
        "name": "Add reply to answer",
        "tags": [
          {
            "name": "@TEST_CH-788",
            "line": 95
          }
        ],
        "type": "scenario",
        "steps": [
          {
            "arguments": [],
            "keyword": "Given ",
            "line": 3,
            "name": "Verify profile page and cookies",
            "result": {
              "status": "skipped"
            }
          },
          {
            "arguments": [],
            "keyword": "When ",
            "line": 4,
            "name": "Go to Activity page",
            "result": {
              "status": "skipped"
            }
          },
          {
            "arguments": [],
            "keyword": "Given ",
            "line": 97,
            "name": "Verify profile page and cookies",
            "result": {
              "status": "skipped"
            }
          },
          {
            "arguments": [],
            "keyword": "When ",
            "line": 98,
            "name": "Go to Activity page",
            "result": {
              "status": "skipped"
            }
          },
          {
            "arguments": [],
            "keyword": "And ",
            "line": 99,
            "name": "Reply to answer",
            "result": {
              "status": "skipped"
            }
          },
          {
            "arguments": [],
            "keyword": "Then ",
            "line": 100,
            "name": "Add more reply to answer",
            "result": {
              "status": "skipped"
            }
          }
        ]
      },
      {
        "id": "hub-activity;delete-reply",
        "keyword": "Scenario",
        "line": 102,
        "name": "Delete reply",
        "tags": [
          {
            "name": "@TEST_CH-789",
            "line": 101
          }
        ],
        "type": "scenario",
        "steps": [
          {
            "arguments": [],
            "keyword": "Given ",
            "line": 3,
            "name": "Verify profile page and cookies",
            "result": {
              "status": "skipped"
            }
          },
          {
            "arguments": [],
            "keyword": "When ",
            "line": 4,
            "name": "Go to Activity page",
            "result": {
              "status": "skipped"
            }
          },
          {
            "arguments": [],
            "keyword": "Given ",
            "line": 103,
            "name": "Verify profile page and cookies",
            "result": {
              "status": "skipped"
            }
          },
          {
            "arguments": [],
            "keyword": "When ",
            "line": 104,
            "name": "Go to Activity page",
            "result": {
              "status": "skipped"
            }
          },
          {
            "arguments": [],
            "keyword": "Then ",
            "line": 105,
            "name": "Delete Replay",
            "result": {
              "status": "skipped"
            }
          }
        ]
      },
      {
        "id": "hub-activity;add-more-answer",
        "keyword": "Scenario",
        "line": 107,
        "name": "Add more answer",
        "tags": [
          {
            "name": "@TEST_CH-790",
            "line": 106
          }
        ],
        "type": "scenario",
        "steps": [
          {
            "arguments": [],
            "keyword": "Given ",
            "line": 3,
            "name": "Verify profile page and cookies",
            "result": {
              "status": "skipped"
            }
          },
          {
            "arguments": [],
            "keyword": "When ",
            "line": 4,
            "name": "Go to Activity page",
            "result": {
              "status": "skipped"
            }
          },
          {
            "arguments": [],
            "keyword": "Given ",
            "line": 108,
            "name": "Verify profile page and cookies",
            "result": {
              "status": "skipped"
            }
          },
          {
            "arguments": [],
            "keyword": "When ",
            "line": 109,
            "name": "Go to Activity page",
            "result": {
              "status": "skipped"
            }
          },
          {
            "arguments": [],
            "keyword": "Then ",
            "line": 110,
            "name": "Add more answer",
            "result": {
              "status": "skipped"
            }
          }
        ]
      },
      {
        "id": "hub-activity;give-upvote-to-answer",
        "keyword": "Scenario",
        "line": 112,
        "name": "Give upvote to answer",
        "tags": [
          {
            "name": "@TEST_CH-791",
            "line": 111
          }
        ],
        "type": "scenario",
        "steps": [
          {
            "arguments": [],
            "keyword": "Given ",
            "line": 3,
            "name": "Verify profile page and cookies",
            "result": {
              "status": "skipped"
            }
          },
          {
            "arguments": [],
            "keyword": "When ",
            "line": 4,
            "name": "Go to Activity page",
            "result": {
              "status": "skipped"
            }
          },
          {
            "arguments": [],
            "keyword": "Given ",
            "line": 113,
            "name": "Verify profile page and cookies",
            "result": {
              "status": "skipped"
            }
          },
          {
            "arguments": [],
            "keyword": "When ",
            "line": 114,
            "name": "Go to Activity page",
            "result": {
              "status": "skipped"
            }
          },
          {
            "arguments": [],
            "keyword": "Then ",
            "line": 115,
            "name": "Upvote answer",
            "result": {
              "status": "skipped"
            }
          }
        ]
      },
      {
        "id": "hub-activity;qanda-create-reply-delete",
        "keyword": "Scenario",
        "line": 117,
        "name": "QandA create reply delete",
        "tags": [
          {
            "name": "@TEST_CH-1294",
            "line": 116
          }
        ],
        "type": "scenario",
        "steps": [
          {
            "arguments": [],
            "keyword": "Given ",
            "line": 3,
            "name": "Verify profile page and cookies",
            "result": {
              "status": "skipped"
            }
          },
          {
            "arguments": [],
            "keyword": "When ",
            "line": 4,
            "name": "Go to Activity page",
            "result": {
              "status": "skipped"
            }
          },
          {
            "arguments": [],
            "keyword": "Given ",
            "line": 118,
            "name": "Verify profile page and cookies",
            "result": {
              "status": "skipped"
            }
          },
          {
            "arguments": [],
            "keyword": "When ",
            "line": 119,
            "name": "Go to Activity page",
            "result": {
              "status": "skipped"
            }
          },
          {
            "arguments": [],
            "keyword": "And ",
            "line": 120,
            "name": "Ask question",
            "result": {
              "status": "skipped"
            }
          },
          {
            "arguments": [],
            "keyword": "And ",
            "line": 121,
            "name": "Answer question",
            "result": {
              "status": "skipped"
            }
          },
          {
            "arguments": [],
            "keyword": "And ",
            "line": 122,
            "name": "Reply answer",
            "result": {
              "status": "skipped"
            }
          },
          {
            "arguments": [],
            "keyword": "And ",
            "line": 123,
            "name": "Delete reply from question",
            "result": {
              "status": "skipped"
            }
          },
          {
            "arguments": [],
            "keyword": "And ",
            "line": 124,
            "name": "Delete answer from question",
            "result": {
              "status": "skipped"
            }
          },
          {
            "arguments": [],
            "keyword": "Then ",
            "line": 125,
            "name": "Delete Question",
            "result": {
              "status": "skipped"
            }
          }
        ]
      },
      {
        "id": "hub-activity;create-offer-reply-and-delete",
        "keyword": "Scenario",
        "line": 127,
        "name": "Create offer reply and delete",
        "tags": [
          {
            "name": "@TEST_CH-763",
            "line": 126
          }
        ],
        "type": "scenario",
        "steps": [
          {
            "arguments": [],
            "keyword": "Given ",
            "line": 3,
            "name": "Verify profile page and cookies",
            "result": {
              "status": "skipped"
            }
          },
          {
            "arguments": [],
            "keyword": "When ",
            "line": 4,
            "name": "Go to Activity page",
            "result": {
              "status": "skipped"
            }
          },
          {
            "arguments": [],
            "keyword": "Given ",
            "line": 128,
            "name": "Verify profile page and cookies",
            "result": {
              "status": "skipped"
            }
          },
          {
            "arguments": [],
            "keyword": "When ",
            "line": 129,
            "name": "Go to Activity page",
            "result": {
              "status": "skipped"
            }
          },
          {
            "arguments": [],
            "keyword": "And ",
            "line": 130,
            "name": "Create offer",
            "result": {
              "status": "skipped"
            }
          },
          {
            "arguments": [],
            "keyword": "And ",
            "line": 131,
            "name": "Reply to offer",
            "result": {
              "status": "skipped"
            }
          },
          {
            "arguments": [],
            "keyword": "And ",
            "line": 132,
            "name": "Give Kudos and edit offer",
            "result": {
              "status": "skipped"
            }
          },
          {
            "arguments": [],
            "keyword": "Then ",
            "line": 133,
            "name": "Delete Offer",
            "result": {
              "status": "skipped"
            }
          }
        ]
      },
      {
        "id": "hub-activity;check-announcement-notification-on-web-application",
        "keyword": "Scenario",
        "line": 142,
        "name": "Check announcement notification on web application",
        "tags": [],
        "type": "scenario",
        "steps": [
          {
            "arguments": [],
            "keyword": "Given ",
            "line": 3,
            "name": "Verify profile page and cookies",
            "result": {
              "status": "skipped"
            }
          },
          {
            "arguments": [],
            "keyword": "When ",
            "line": 4,
            "name": "Go to Activity page",
            "result": {
              "status": "skipped"
            }
          },
          {
            "arguments": [],
            "keyword": "Given ",
            "line": 143,
            "name": "Verify profile page and cookies",
            "result": {
              "status": "skipped"
            }
          },
          {
            "arguments": [],
            "keyword": "When ",
            "line": 144,
            "name": "Go to Activity page",
            "result": {
              "status": "skipped"
            }
          },
          {
            "arguments": [],
            "keyword": "And ",
            "line": 145,
            "name": "Make announcement for web application",
            "result": {
              "status": "skipped"
            }
          },
          {
            "arguments": [],
            "keyword": "And ",
            "line": 146,
            "name": "Login and give kudos to announcment",
            "result": {
              "status": "skipped"
            }
          },
          {
            "arguments": [],
            "keyword": "Then ",
            "line": 147,
            "name": "Check activity notification for announcement",
            "result": {
              "status": "skipped"
            }
          }
        ]
      },
      {
        "id": "hub-activity;check-q+a-notification-on-web-application",
        "keyword": "Scenario",
        "line": 149,
        "name": "Check Q+A notification on web application",
        "tags": [],
        "type": "scenario",
        "steps": [
          {
            "arguments": [],
            "keyword": "Given ",
            "line": 3,
            "name": "Verify profile page and cookies",
            "result": {
              "status": "skipped"
            }
          },
          {
            "arguments": [],
            "keyword": "When ",
            "line": 4,
            "name": "Go to Activity page",
            "result": {
              "status": "skipped"
            }
          },
          {
            "arguments": [],
            "keyword": "Given ",
            "line": 150,
            "name": "Verify profile page and cookies",
            "result": {
              "status": "skipped"
            }
          },
          {
            "arguments": [],
            "keyword": "When ",
            "line": 151,
            "name": "Go to Activity page",
            "result": {
              "status": "skipped"
            }
          },
          {
            "arguments": [],
            "keyword": "And ",
            "line": 152,
            "name": "Make question for web application",
            "result": {
              "status": "skipped"
            }
          },
          {
            "arguments": [],
            "keyword": "And ",
            "line": 153,
            "name": "Login and give kudos to question",
            "result": {
              "status": "skipped"
            }
          },
          {
            "arguments": [],
            "keyword": "Then ",
            "line": 154,
            "name": "Check activity notification for question",
            "result": {
              "status": "skipped"
            }
          }
        ]
      },
      {
        "id": "hub-activity;check-idea-notification-on-web-application",
        "keyword": "Scenario",
        "line": 156,
        "name": "Check idea notification on web application",
        "tags": [],
        "type": "scenario",
        "steps": [
          {
            "arguments": [],
            "keyword": "Given ",
            "line": 3,
            "name": "Verify profile page and cookies",
            "result": {
              "status": "skipped"
            }
          },
          {
            "arguments": [],
            "keyword": "When ",
            "line": 4,
            "name": "Go to Activity page",
            "result": {
              "status": "skipped"
            }
          },
          {
            "arguments": [],
            "keyword": "Given ",
            "line": 157,
            "name": "Verify profile page and cookies",
            "result": {
              "status": "skipped"
            }
          },
          {
            "arguments": [],
            "keyword": "When ",
            "line": 158,
            "name": "Go to Activity page",
            "result": {
              "status": "skipped"
            }
          },
          {
            "arguments": [],
            "keyword": "And ",
            "line": 159,
            "name": "Make idea for web application",
            "result": {
              "status": "skipped"
            }
          },
          {
            "arguments": [],
            "keyword": "And ",
            "line": 160,
            "name": "Login and give kudos to idea",
            "result": {
              "status": "skipped"
            }
          },
          {
            "arguments": [],
            "keyword": "Then ",
            "line": 161,
            "name": "Check activity notification for idea",
            "result": {
              "status": "skipped"
            }
          }
        ]
      },
      {
        "id": "hub-activity;check-offer-notification-on-web-application",
        "keyword": "Scenario",
        "line": 163,
        "name": "Check offer notification on web application",
        "tags": [],
        "type": "scenario",
        "steps": [
          {
            "arguments": [],
            "keyword": "Given ",
            "line": 3,
            "name": "Verify profile page and cookies",
            "result": {
              "status": "skipped"
            }
          },
          {
            "arguments": [],
            "keyword": "When ",
            "line": 4,
            "name": "Go to Activity page",
            "result": {
              "status": "skipped"
            }
          },
          {
            "arguments": [],
            "keyword": "Given ",
            "line": 164,
            "name": "Verify profile page and cookies",
            "result": {
              "status": "skipped"
            }
          },
          {
            "arguments": [],
            "keyword": "When ",
            "line": 165,
            "name": "Go to Activity page",
            "result": {
              "status": "skipped"
            }
          },
          {
            "arguments": [],
            "keyword": "And ",
            "line": 166,
            "name": "Make offer for web application",
            "result": {
              "status": "skipped"
            }
          },
          {
            "arguments": [],
            "keyword": "And ",
            "line": 167,
            "name": "Login and give kudos to Offer",
            "result": {
              "status": "skipped"
            }
          },
          {
            "arguments": [],
            "keyword": "Then ",
            "line": 168,
            "name": "Check activity notification for Offer",
            "result": {
              "status": "skipped"
            }
          }
        ]
      },
      {
        "id": "hub-activity;check-read-more-button-if-post-have-long-text",
        "keyword": "Scenario",
        "line": 170,
        "name": "Check read more button if post have long text",
        "tags": [],
        "type": "scenario",
        "steps": [
          {
            "arguments": [],
            "keyword": "Given ",
            "line": 3,
            "name": "Verify profile page and cookies",
            "result": {
              "status": "skipped"
            }
          },
          {
            "arguments": [],
            "keyword": "When ",
            "line": 4,
            "name": "Go to Activity page",
            "result": {
              "status": "skipped"
            }
          },
          {
            "arguments": [],
            "keyword": "Given ",
            "line": 171,
            "name": "Verify profile page and cookies",
            "result": {
              "status": "skipped"
            }
          },
          {
            "arguments": [],
            "keyword": "When ",
            "line": 172,
            "name": "Go to Activity page",
            "result": {
              "status": "skipped"
            }
          },
          {
            "arguments": [],
            "keyword": "And ",
            "line": 173,
            "name": "Make offer for read more button",
            "result": {
              "status": "skipped"
            }
          }
        ]
      },
      {
        "id": "hub-activity;check-expand-button-for-offer,-announcement,-and-post",
        "keyword": "Scenario",
        "line": 175,
        "name": "Check expand button for offer, announcement, and post",
        "tags": [],
        "type": "scenario",
        "steps": [
          {
            "arguments": [],
            "keyword": "Given ",
            "line": 3,
            "name": "Verify profile page and cookies",
            "result": {
              "status": "skipped"
            }
          },
          {
            "arguments": [],
            "keyword": "When ",
            "line": 4,
            "name": "Go to Activity page",
            "result": {
              "status": "skipped"
            }
          },
          {
            "arguments": [],
            "keyword": "Given ",
            "line": 176,
            "name": "Verify profile page and cookies",
            "result": {
              "status": "skipped"
            }
          },
          {
            "arguments": [],
            "keyword": "When ",
            "line": 177,
            "name": "Go to Activity page",
            "result": {
              "status": "skipped"
            }
          },
          {
            "arguments": [],
            "keyword": "And ",
            "line": 178,
            "name": "Check expand button for announcement",
            "result": {
              "status": "skipped"
            }
          },
          {
            "arguments": [],
            "keyword": "And ",
            "line": 179,
            "name": "Check expand button for post",
            "result": {
              "status": "skipped"
            }
          },
          {
            "arguments": [],
            "keyword": "Then ",
            "line": 180,
            "name": "Check expand button for offer",
            "result": {
              "status": "skipped"
            }
          }
        ]
      },
      {
        "id": "hub-activity;update-event-and-check-updated-details",
        "keyword": "Scenario",
        "line": 182,
        "name": "Update event and check updated details",
        "tags": [
          {
            "name": "@focus",
            "line": 181
          }
        ],
        "type": "scenario",
        "steps": [
          {
            "arguments": [],
            "keyword": "Given ",
            "line": 3,
            "name": "Verify profile page and cookies",
            "result": {
              "status": "passed",
              "duration": 12845000000
            }
          },
          {
            "arguments": [],
            "keyword": "When ",
            "line": 4,
            "name": "Go to Activity page",
            "result": {
              "status": "passed",
              "duration": 13856000000
            }
          },
          {
            "arguments": [],
            "keyword": "Given ",
            "line": 183,
            "name": "Verify profile page and cookies",
            "result": {
              "status": "failed",
              "error_message": "AssertionError: Timed out retrying after 100000ms: expected 'https://app.dev.rebelbase.co/hubs/26/activity' to include '/dashboard'\n    at Context.eval (https://app.dev.rebelbase.co/__cypress/tests?p=cypress\\integration\\cucumber-test\\HubActivity.feature:1192:12)\n    at Context.resolveAndRunStepDefinition (https://app.dev.rebelbase.co/__cypress/tests?p=cypress\\integration\\cucumber-test\\HubActivity.feature:14671:29)\n    at Context.eval (https://app.dev.rebelbase.co/__cypress/tests?p=cypress\\integration\\cucumber-test\\HubActivity.feature:13992:35)"
            }
          },
          {
            "arguments": [],
            "keyword": "When ",
            "line": 184,
            "name": "Go to Activity page",
            "result": {
              "status": "skipped"
            }
          },
          {
            "arguments": [],
            "keyword": "And ",
            "line": 185,
            "name": "Make Post",
            "result": {
              "status": "skipped"
            }
          },
          {
            "arguments": [],
            "keyword": "And ",
            "line": 186,
            "name": "Login and give reply to the post",
            "result": {
              "status": "skipped"
            }
          },
          {
            "arguments": [],
            "keyword": "Then ",
            "line": 187,
            "name": "Check activity notification for post",
            "result": {
              "status": "skipped"
            }
          }
        ]
      }
    ]
  }
]