[
  {
    "keyword": "Feature",
    "name": "Hub Activity",
    "line": 1,
    "id": "hub-activity",
    "tags": [],
    "uri": "HubActivity.feature",
    "elements": [
      {
        "id": "hub-activity;check-offer-notification-on-web-application",
        "keyword": "Scenario",
        "line": 137,
        "name": "Check offer notification on web application",
        "tags": [],
        "type": "scenario",
        "steps": [
          {
            "arguments": [],
            "keyword": "Given ",
            "line": 4,
            "name": "Verify profile page and cookies",
            "result": {
              "status": "passed",
              "duration": 6223000000
            }
          },
          {
            "arguments": [],
            "keyword": "When ",
            "line": 5,
            "name": "Go to Activity page",
            "result": {
              "status": "passed",
              "duration": 8983000000
            }
          },
          {
            "arguments": [],
            "keyword": "And ",
            "line": 138,
            "name": "Make offer for web application",
            "result": {
              "status": "passed",
              "duration": 17716000000
            }
          },
          {
            "arguments": [],
            "keyword": "And ",
            "line": 139,
            "name": "Login and give kudos to Offer",
            "result": {
              "status": "passed",
              "duration": 42676000000
            }
          },
          {
            "arguments": [],
            "keyword": "Then ",
            "line": 140,
            "name": "Check activity notification for Offer",
            "result": {
              "status": "passed",
              "duration": 27519000000
            }
          }
        ]
      },
      {
        "id": "hub-activity;check-read-more-button-if-post-have-long-text",
        "keyword": "Scenario",
        "line": 142,
        "name": "Check read more button if post have long text",
        "tags": [],
        "type": "scenario",
        "steps": [
          {
            "arguments": [],
            "keyword": "Given ",
            "line": 4,
            "name": "Verify profile page and cookies",
            "result": {
              "status": "passed",
              "duration": 6288000000
            }
          },
          {
            "arguments": [],
            "keyword": "When ",
            "line": 5,
            "name": "Go to Activity page",
            "result": {
              "status": "passed",
              "duration": 8399000000
            }
          },
          {
            "arguments": [],
            "keyword": "And ",
            "line": 143,
            "name": "Make offer for read more button",
            "result": {
              "status": "passed",
              "duration": 25072000000
            }
          }
        ]
      },
      {
        "id": "hub-activity;check-expand-button-for-offer,-announcement,-and-post",
        "keyword": "Scenario",
        "line": 145,
        "name": "Check expand button for offer, announcement, and post",
        "tags": [],
        "type": "scenario",
        "steps": [
          {
            "arguments": [],
            "keyword": "Given ",
            "line": 4,
            "name": "Verify profile page and cookies",
            "result": {
              "status": "passed",
              "duration": 6163000000
            }
          },
          {
            "arguments": [],
            "keyword": "When ",
            "line": 5,
            "name": "Go to Activity page",
            "result": {
              "status": "passed",
              "duration": 18767000000
            }
          },
          {
            "arguments": [],
            "keyword": "And ",
            "line": 146,
            "name": "Check expand button for announcement",
            "result": {
              "status": "passed",
              "duration": 7619000000
            }
          },
          {
            "arguments": [],
            "keyword": "And ",
            "line": 147,
            "name": "Check expand button for post",
            "result": {
              "status": "passed",
              "duration": 5480000000
            }
          },
          {
            "arguments": [],
            "keyword": "Then ",
            "line": 148,
            "name": "Check expand button for offer",
            "result": {
              "status": "passed",
              "duration": 5475000000
            }
          }
        ]
      },
      {
        "id": "hub-activity;check-notification-when-hub-is-not-owner-of-the-post",
        "keyword": "Scenario",
        "line": 150,
        "name": "Check notification when hub is not owner of the post",
        "tags": [],
        "type": "scenario",
        "steps": [
          {
            "arguments": [],
            "keyword": "Given ",
            "line": 4,
            "name": "Verify profile page and cookies",
            "result": {
              "status": "passed",
              "duration": 5609000000
            }
          },
          {
            "arguments": [],
            "keyword": "When ",
            "line": 5,
            "name": "Go to Activity page",
            "result": {
              "status": "passed",
              "duration": 19330000000
            }
          },
          {
            "arguments": [],
            "keyword": "And ",
            "line": 151,
            "name": "Make Post",
            "result": {
              "status": "passed",
              "duration": 9338000000
            }
          },
          {
            "arguments": [],
            "keyword": "And ",
            "line": 152,
            "name": "Login and give reply to the post",
            "result": {
              "status": "passed",
              "duration": 49856000000
            }
          },
          {
            "arguments": [],
            "keyword": "Then ",
            "line": 153,
            "name": "Check activity notification for post",
            "result": {
              "status": "passed",
              "duration": 22121000000
            }
          }
        ]
      }
    ]
  }
]