[
  {
    "keyword": "Feature",
    "name": "Hub Activity",
    "line": 1,
    "id": "hub-activity",
    "tags": [],
    "uri": "HubActivity.feature",
    "elements": [
      {
        "id": "hub-activity;c177-visit-dev-hub-[hub-activity]",
        "keyword": "Scenario",
        "line": 3,
        "name": "C177 Visit Dev Hub [Hub Activity]",
        "tags": [],
        "type": "scenario",
        "steps": [
          {
            "arguments": [],
            "keyword": "Given ",
            "line": 4,
            "name": "Verify profile and cookies",
            "result": {
              "status": "skipped"
            }
          },
          {
            "arguments": [],
            "keyword": "When ",
            "line": 5,
            "name": "Go to the Activity page",
            "result": {
              "status": "skipped"
            }
          },
          {
            "arguments": [],
            "keyword": "And ",
            "line": 6,
            "name": "Close the notification",
            "result": {
              "status": "skipped"
            }
          },
          {
            "arguments": [],
            "keyword": "Then ",
            "line": 7,
            "name": "Verify Dev Hub",
            "result": {
              "status": "skipped"
            }
          }
        ]
      },
      {
        "id": "hub-activity;c178-edit-hub-description[hub-activity]",
        "keyword": "Scenario",
        "line": 9,
        "name": "C178 Edit Hub Description[Hub Activity]",
        "tags": [],
        "type": "scenario",
        "steps": [
          {
            "arguments": [],
            "keyword": "Given ",
            "line": 10,
            "name": "Verify profile page and cookies",
            "result": {
              "status": "skipped"
            }
          },
          {
            "arguments": [],
            "keyword": "When ",
            "line": 11,
            "name": "Go to Activity page",
            "result": {
              "status": "skipped"
            }
          },
          {
            "arguments": [],
            "keyword": "And ",
            "line": 12,
            "name": "Change hub title",
            "result": {
              "status": "skipped"
            }
          },
          {
            "arguments": [],
            "keyword": "Then ",
            "line": 13,
            "name": "Change hub description",
            "result": {
              "status": "skipped"
            }
          }
        ]
      },
      {
        "id": "hub-activity;edit-membership-[hub-activity]",
        "keyword": "Scenario",
        "line": 15,
        "name": "Edit Membership [Hub Activity]",
        "tags": [],
        "type": "scenario",
        "steps": [
          {
            "arguments": [],
            "keyword": "Given ",
            "line": 16,
            "name": "Verify profile page and cookies",
            "result": {
              "status": "skipped"
            }
          },
          {
            "arguments": [],
            "keyword": "When ",
            "line": 17,
            "name": "Go to Activity",
            "result": {
              "status": "skipped"
            }
          },
          {
            "arguments": [],
            "keyword": "And ",
            "line": 18,
            "name": "Edit role",
            "result": {
              "status": "skipped"
            }
          },
          {
            "arguments": [],
            "keyword": "And ",
            "line": 19,
            "name": "Edit Membership",
            "result": {
              "status": "skipped"
            }
          },
          {
            "arguments": [],
            "keyword": "Then ",
            "line": 20,
            "name": "Verify edited details",
            "result": {
              "status": "skipped"
            }
          }
        ]
      },
      {
        "id": "hub-activity;c180-make-announcement-[hub-activity]",
        "keyword": "Scenario",
        "line": 22,
        "name": "C180 Make announcement [Hub Activity]",
        "tags": [],
        "type": "scenario",
        "steps": [
          {
            "arguments": [],
            "keyword": "Given ",
            "line": 23,
            "name": "Verify profile page and cookies",
            "result": {
              "status": "skipped"
            }
          },
          {
            "arguments": [],
            "keyword": "When ",
            "line": 24,
            "name": "Go to Activity pages",
            "result": {
              "status": "skipped"
            }
          },
          {
            "arguments": [],
            "keyword": "Then ",
            "line": 25,
            "name": "Make Announcement",
            "result": {
              "status": "skipped"
            }
          }
        ]
      },
      {
        "id": "hub-activity;c181-edit-announcement-[hub-activity]",
        "keyword": "Scenario",
        "line": 27,
        "name": "C181 Edit announcement [Hub Activity]",
        "tags": [],
        "type": "scenario",
        "steps": [
          {
            "arguments": [],
            "keyword": "Given ",
            "line": 28,
            "name": "Verify profile page and cookies",
            "result": {
              "status": "skipped"
            }
          },
          {
            "arguments": [],
            "keyword": "When ",
            "line": 29,
            "name": "Visit Activity page",
            "result": {
              "status": "skipped"
            }
          },
          {
            "arguments": [],
            "keyword": "And ",
            "line": 30,
            "name": "Cancel announcement after edit",
            "result": {
              "status": "skipped"
            }
          },
          {
            "arguments": [],
            "keyword": "Then ",
            "line": 31,
            "name": "Save announcement after edit",
            "result": {
              "status": "skipped"
            }
          }
        ]
      },
      {
        "id": "hub-activity;c182-unstick-announcement-[hub-activity]",
        "keyword": "Scenario",
        "line": 33,
        "name": "C182 Unstick announcement [Hub Activity]",
        "tags": [],
        "type": "scenario",
        "steps": [
          {
            "arguments": [],
            "keyword": "Given ",
            "line": 34,
            "name": "Verify profile page and cookies",
            "result": {
              "status": "skipped"
            }
          },
          {
            "arguments": [],
            "keyword": "When ",
            "line": 35,
            "name": "Redirect to Activity page",
            "result": {
              "status": "skipped"
            }
          },
          {
            "arguments": [],
            "keyword": "Then ",
            "line": 36,
            "name": "Make announcement unsticky",
            "result": {
              "status": "skipped"
            }
          }
        ]
      },
      {
        "id": "hub-activity;c183-make-announcement-sticky-[hub-activity]",
        "keyword": "Scenario",
        "line": 38,
        "name": "C183 Make announcement sticky [Hub Activity]",
        "tags": [],
        "type": "scenario",
        "steps": [
          {
            "arguments": [],
            "keyword": "Given ",
            "line": 39,
            "name": "Verify profile page and cookies",
            "result": {
              "status": "skipped"
            }
          },
          {
            "arguments": [],
            "keyword": "When ",
            "line": 40,
            "name": "Go to Activity pages",
            "result": {
              "status": "skipped"
            }
          },
          {
            "arguments": [],
            "keyword": "Then ",
            "line": 41,
            "name": "Make announcement sticky",
            "result": {
              "status": "skipped"
            }
          }
        ]
      },
      {
        "id": "hub-activity;c184-delete-announcement-[hub-activity]",
        "keyword": "Scenario",
        "line": 43,
        "name": "C184 Delete announcement [Hub Activity]",
        "tags": [],
        "type": "scenario",
        "steps": [
          {
            "arguments": [],
            "keyword": "Given ",
            "line": 44,
            "name": "Verify profile page and cookies",
            "result": {
              "status": "skipped"
            }
          },
          {
            "arguments": [],
            "keyword": "When ",
            "line": 45,
            "name": "Go to Activity page",
            "result": {
              "status": "skipped"
            }
          },
          {
            "arguments": [],
            "keyword": "And ",
            "line": 46,
            "name": "Verify announcement not deleted",
            "result": {
              "status": "skipped"
            }
          },
          {
            "arguments": [],
            "keyword": "Then ",
            "line": 47,
            "name": "Delete announcement",
            "result": {
              "status": "skipped"
            }
          }
        ]
      },
      {
        "id": "hub-activity;c185-create-a-post-[hub-activity]",
        "keyword": "Scenario",
        "line": 49,
        "name": "C185 Create a Post [Hub Activity]",
        "tags": [],
        "type": "scenario",
        "steps": [
          {
            "arguments": [],
            "keyword": "Given ",
            "line": 50,
            "name": "Verify profile page and cookies",
            "result": {
              "status": "skipped"
            }
          },
          {
            "arguments": [],
            "keyword": "When ",
            "line": 51,
            "name": "Go to Activity page",
            "result": {
              "status": "skipped"
            }
          },
          {
            "arguments": [],
            "keyword": "Then ",
            "line": 52,
            "name": "Create post",
            "result": {
              "status": "skipped"
            }
          }
        ]
      },
      {
        "id": "hub-activity;c186-switch-to-post-[hub-activity]",
        "keyword": "Scenario",
        "line": 54,
        "name": "C186 Switch to Post [Hub Activity]",
        "tags": [],
        "type": "scenario",
        "steps": [
          {
            "arguments": [],
            "keyword": "Given ",
            "line": 55,
            "name": "Verify profile page and cookies",
            "result": {
              "status": "skipped"
            }
          },
          {
            "arguments": [],
            "keyword": "When ",
            "line": 56,
            "name": "Go to Activity page",
            "result": {
              "status": "skipped"
            }
          },
          {
            "arguments": [],
            "keyword": "Then ",
            "line": 57,
            "name": "Go to post page",
            "result": {
              "status": "skipped"
            }
          }
        ]
      },
      {
        "id": "hub-activity;c187-edit-post-[hub-activity]",
        "keyword": "Scenario",
        "line": 59,
        "name": "C187 Edit post [Hub Activity]",
        "tags": [],
        "type": "scenario",
        "steps": [
          {
            "arguments": [],
            "keyword": "Given ",
            "line": 60,
            "name": "Verify profile page and cookies",
            "result": {
              "status": "skipped"
            }
          },
          {
            "arguments": [],
            "keyword": "When ",
            "line": 61,
            "name": "Go to Activity page",
            "result": {
              "status": "skipped"
            }
          },
          {
            "arguments": [],
            "keyword": "And ",
            "line": 62,
            "name": "Verify post is not edit",
            "result": {
              "status": "skipped"
            }
          },
          {
            "arguments": [],
            "keyword": "Then ",
            "line": 63,
            "name": "Edit post",
            "result": {
              "status": "skipped"
            }
          }
        ]
      },
      {
        "id": "hub-activity;c188-delete-post-[hub-activity]",
        "keyword": "Scenario",
        "line": 65,
        "name": "C188 Delete post [Hub Activity]",
        "tags": [],
        "type": "scenario",
        "steps": [
          {
            "arguments": [],
            "keyword": "Given ",
            "line": 66,
            "name": "Verify profile page and cookies",
            "result": {
              "status": "skipped"
            }
          },
          {
            "arguments": [],
            "keyword": "When ",
            "line": 67,
            "name": "Go to Activity page",
            "result": {
              "status": "skipped"
            }
          },
          {
            "arguments": [],
            "keyword": "And ",
            "line": 68,
            "name": "Verify post is not deleted",
            "result": {
              "status": "skipped"
            }
          },
          {
            "arguments": [],
            "keyword": "Then ",
            "line": 69,
            "name": "Delete post",
            "result": {
              "status": "skipped"
            }
          }
        ]
      },
      {
        "id": "hub-activity;c189-ask-a-question-[hub-activity]",
        "keyword": "Scenario",
        "line": 71,
        "name": "C189 Ask a question [Hub Activity]",
        "tags": [],
        "type": "scenario",
        "steps": [
          {
            "arguments": [],
            "keyword": "Given ",
            "line": 72,
            "name": "Verify profile page and cookies",
            "result": {
              "status": "skipped"
            }
          },
          {
            "arguments": [],
            "keyword": "When ",
            "line": 73,
            "name": "Go to Activity page",
            "result": {
              "status": "skipped"
            }
          },
          {
            "arguments": [],
            "keyword": "Then ",
            "line": 74,
            "name": "Ask a question",
            "result": {
              "status": "skipped"
            }
          }
        ]
      },
      {
        "id": "hub-activity;c190-edit-a-question-[hub-activity]",
        "keyword": "Scenario",
        "line": 76,
        "name": "C190 Edit a question [Hub Activity]",
        "tags": [],
        "type": "scenario",
        "steps": [
          {
            "arguments": [],
            "keyword": "Given ",
            "line": 77,
            "name": "Verify profile page and cookies",
            "result": {
              "status": "skipped"
            }
          },
          {
            "arguments": [],
            "keyword": "When ",
            "line": 78,
            "name": "Go to Activity page",
            "result": {
              "status": "skipped"
            }
          },
          {
            "arguments": [],
            "keyword": "And ",
            "line": 79,
            "name": "Check cancel edit",
            "result": {
              "status": "skipped"
            }
          },
          {
            "arguments": [],
            "keyword": "Then ",
            "line": 80,
            "name": "Edit a question",
            "result": {
              "status": "skipped"
            }
          }
        ]
      },
      {
        "id": "hub-activity;c191-redirect-to-question-page-[hub-activity]",
        "keyword": "Scenario",
        "line": 82,
        "name": "C191 Redirect to question page [Hub Activity]",
        "tags": [],
        "type": "scenario",
        "steps": [
          {
            "arguments": [],
            "keyword": "Given ",
            "line": 83,
            "name": "Verify profile page and cookies",
            "result": {
              "status": "skipped"
            }
          },
          {
            "arguments": [],
            "keyword": "When ",
            "line": 84,
            "name": "Go to Activity page",
            "result": {
              "status": "skipped"
            }
          },
          {
            "arguments": [],
            "keyword": "Then ",
            "line": 85,
            "name": "Go to Question page",
            "result": {
              "status": "skipped"
            }
          }
        ]
      },
      {
        "id": "hub-activity;c192-add-answer-[hub-activity]",
        "keyword": "Scenario",
        "line": 87,
        "name": "C192 Add answer [Hub Activity]",
        "tags": [],
        "type": "scenario",
        "steps": [
          {
            "arguments": [],
            "keyword": "Given ",
            "line": 88,
            "name": "Verify profile page and cookies",
            "result": {
              "status": "skipped"
            }
          },
          {
            "arguments": [],
            "keyword": "When ",
            "line": 89,
            "name": "Go to Activity page",
            "result": {
              "status": "skipped"
            }
          },
          {
            "arguments": [],
            "keyword": "Then ",
            "line": 90,
            "name": "Add answer",
            "result": {
              "status": "skipped"
            }
          }
        ]
      },
      {
        "id": "hub-activity;c193-add-reply-to-answer-[hub-activity]",
        "keyword": "Scenario",
        "line": 92,
        "name": "C193 Add reply to answer [Hub Activity]",
        "tags": [],
        "type": "scenario",
        "steps": [
          {
            "arguments": [],
            "keyword": "Given ",
            "line": 93,
            "name": "Verify profile page and cookies",
            "result": {
              "status": "skipped"
            }
          },
          {
            "arguments": [],
            "keyword": "When ",
            "line": 94,
            "name": "Go to Activity page",
            "result": {
              "status": "skipped"
            }
          },
          {
            "arguments": [],
            "keyword": "And ",
            "line": 95,
            "name": "Reply to answer",
            "result": {
              "status": "skipped"
            }
          },
          {
            "arguments": [],
            "keyword": "Then ",
            "line": 96,
            "name": "Add more reply to answer",
            "result": {
              "status": "skipped"
            }
          }
        ]
      },
      {
        "id": "hub-activity;c194-delete-reply-[hub-activity]",
        "keyword": "Scenario",
        "line": 98,
        "name": "C194 Delete reply [Hub Activity]",
        "tags": [],
        "type": "scenario",
        "steps": [
          {
            "arguments": [],
            "keyword": "Given ",
            "line": 99,
            "name": "Verify profile page and cookies",
            "result": {
              "status": "skipped"
            }
          },
          {
            "arguments": [],
            "keyword": "When ",
            "line": 100,
            "name": "Go to Activity page",
            "result": {
              "status": "skipped"
            }
          },
          {
            "arguments": [],
            "keyword": "Then ",
            "line": 101,
            "name": "Delete Replay",
            "result": {
              "status": "skipped"
            }
          }
        ]
      },
      {
        "id": "hub-activity;c195-add-more-answer-[hub-activity]",
        "keyword": "Scenario",
        "line": 103,
        "name": "C195 Add more answer [Hub Activity]",
        "tags": [],
        "type": "scenario",
        "steps": [
          {
            "arguments": [],
            "keyword": "Given ",
            "line": 104,
            "name": "Verify profile page and cookies",
            "result": {
              "status": "skipped"
            }
          },
          {
            "arguments": [],
            "keyword": "When ",
            "line": 105,
            "name": "Go to Activity page",
            "result": {
              "status": "skipped"
            }
          },
          {
            "arguments": [],
            "keyword": "Then ",
            "line": 106,
            "name": "Add more answer",
            "result": {
              "status": "skipped"
            }
          }
        ]
      },
      {
        "id": "hub-activity;c196-give-upvote-to-answer-[hub-activity]",
        "keyword": "Scenario",
        "line": 108,
        "name": "C196 Give upvote to answer [Hub Activity]",
        "tags": [],
        "type": "scenario",
        "steps": [
          {
            "arguments": [],
            "keyword": "Given ",
            "line": 109,
            "name": "Verify profile page and cookies",
            "result": {
              "status": "skipped"
            }
          },
          {
            "arguments": [],
            "keyword": "When ",
            "line": 110,
            "name": "Go to Activity page",
            "result": {
              "status": "skipped"
            }
          },
          {
            "arguments": [],
            "keyword": "Then ",
            "line": 111,
            "name": "Upvote answer",
            "result": {
              "status": "skipped"
            }
          }
        ]
      },
      {
        "id": "hub-activity;qanda-create-reply-delete",
        "keyword": "Scenario",
        "line": 113,
        "name": "QandA create reply delete",
        "tags": [],
        "type": "scenario",
        "steps": [
          {
            "arguments": [],
            "keyword": "Given ",
            "line": 114,
            "name": "Verify profile page and cookies",
            "result": {
              "status": "skipped"
            }
          },
          {
            "arguments": [],
            "keyword": "When ",
            "line": 115,
            "name": "Go to Activity page",
            "result": {
              "status": "skipped"
            }
          },
          {
            "arguments": [],
            "keyword": "And ",
            "line": 116,
            "name": "Ask question",
            "result": {
              "status": "skipped"
            }
          },
          {
            "arguments": [],
            "keyword": "And ",
            "line": 117,
            "name": "Answer question",
            "result": {
              "status": "skipped"
            }
          },
          {
            "arguments": [],
            "keyword": "And ",
            "line": 118,
            "name": "Reply answer",
            "result": {
              "status": "skipped"
            }
          },
          {
            "arguments": [],
            "keyword": "And ",
            "line": 119,
            "name": "Delete reply from question",
            "result": {
              "status": "skipped"
            }
          },
          {
            "arguments": [],
            "keyword": "And ",
            "line": 120,
            "name": "Delete answer from question",
            "result": {
              "status": "skipped"
            }
          },
          {
            "arguments": [],
            "keyword": "Then ",
            "line": 121,
            "name": "Delete Question",
            "result": {
              "status": "skipped"
            }
          }
        ]
      },
      {
        "id": "hub-activity;create-offer-reply-and-delete",
        "keyword": "Scenario",
        "line": 123,
        "name": "Create offer reply and delete",
        "tags": [],
        "type": "scenario",
        "steps": [
          {
            "arguments": [],
            "keyword": "Given ",
            "line": 124,
            "name": "Verify profile page and cookies",
            "result": {
              "status": "skipped"
            }
          },
          {
            "arguments": [],
            "keyword": "When ",
            "line": 125,
            "name": "Go to Activity page",
            "result": {
              "status": "skipped"
            }
          },
          {
            "arguments": [],
            "keyword": "And ",
            "line": 126,
            "name": "Create offer",
            "result": {
              "status": "skipped"
            }
          },
          {
            "arguments": [],
            "keyword": "And ",
            "line": 127,
            "name": "Reply to offer",
            "result": {
              "status": "skipped"
            }
          },
          {
            "arguments": [],
            "keyword": "And ",
            "line": 128,
            "name": "Give Kudos and edit offer",
            "result": {
              "status": "skipped"
            }
          },
          {
            "arguments": [],
            "keyword": "Then ",
            "line": 129,
            "name": "Delete Offer",
            "result": {
              "status": "skipped"
            }
          }
        ]
      },
      {
        "id": "hub-activity;edit-role-from-activity-page",
        "keyword": "Scenario",
        "line": 131,
        "name": "Edit role from activity page",
        "tags": [],
        "type": "scenario",
        "steps": [
          {
            "arguments": [],
            "keyword": "Given ",
            "line": 132,
            "name": "Verify profile page and cookies",
            "result": {
              "status": "skipped"
            }
          },
          {
            "arguments": [],
            "keyword": "When ",
            "line": 133,
            "name": "User at Activity page",
            "result": {
              "status": "skipped"
            }
          },
          {
            "arguments": [],
            "keyword": "And ",
            "line": 134,
            "name": "Edit admin role card",
            "result": {
              "status": "skipped"
            }
          },
          {
            "arguments": [],
            "keyword": "And ",
            "line": 135,
            "name": "Edit support role card",
            "result": {
              "status": "skipped"
            }
          },
          {
            "arguments": [],
            "keyword": "Then ",
            "line": 136,
            "name": "Send invitation",
            "result": {
              "status": "skipped"
            }
          }
        ]
      },
      {
        "id": "hub-activity;check-announcement-notification-on-web-application",
        "keyword": "Scenario",
        "line": 138,
        "name": "Check announcement notification on web application",
        "tags": [
          {
            "name": "@focus",
            "line": 137
          }
        ],
        "type": "scenario",
        "steps": [
          {
            "arguments": [],
            "keyword": "Given ",
            "line": 139,
            "name": "Verify profile page and cookies",
            "result": {
              "status": "passed",
              "duration": 8614000000
            }
          },
          {
            "arguments": [],
            "keyword": "When ",
            "line": 140,
            "name": "Go to Activity page",
            "result": {
              "status": "passed",
              "duration": 30070000000
            }
          },
          {
            "arguments": [],
            "keyword": "And ",
            "line": 141,
            "name": "Make announcement for web application",
            "result": {
              "status": "passed",
              "duration": 15156000000
            }
          },
          {
            "arguments": [],
            "keyword": "And ",
            "line": 142,
            "name": "Login and give kudos to announcment",
            "result": {
              "status": "passed",
              "duration": 39362000000
            }
          },
          {
            "arguments": [],
            "keyword": "Then ",
            "line": 143,
            "name": "Check activity notification for announcement",
            "result": {
              "status": "passed",
              "duration": 45709000000
            }
          }
        ]
      },
      {
        "id": "hub-activity;check-q+a-notification-on-web-application",
        "keyword": "Scenario",
        "line": 146,
        "name": "Check Q+A notification on web application",
        "tags": [
          {
            "name": "@focus",
            "line": 145
          }
        ],
        "type": "scenario",
        "steps": [
          {
            "arguments": [],
            "keyword": "Given ",
            "line": 147,
            "name": "Verify profile page and cookies",
            "result": {
              "status": "passed",
              "duration": 9436000000
            }
          },
          {
            "arguments": [],
            "keyword": "When ",
            "line": 148,
            "name": "Go to Activity page",
            "result": {
              "status": "passed",
              "duration": 56411000000
            }
          },
          {
            "arguments": [],
            "keyword": "And ",
            "line": 149,
            "name": "Make question for web application",
            "result": {
              "status": "passed",
              "duration": 14779000000
            }
          },
          {
            "arguments": [],
            "keyword": "And ",
            "line": 150,
            "name": "Login and give kudos to question",
            "result": {
              "status": "passed",
              "duration": 45647000000
            }
          },
          {
            "arguments": [],
            "keyword": "Then ",
            "line": 151,
            "name": "Check activity notification for question",
            "result": {
              "status": "passed",
              "duration": 46539000000
            }
          }
        ]
      },
      {
        "id": "hub-activity;check-idea-notification-on-web-application",
        "keyword": "Scenario",
        "line": 153,
        "name": "Check idea notification on web application",
        "tags": [
          {
            "name": "@focus",
            "line": 152
          }
        ],
        "type": "scenario",
        "steps": [
          {
            "arguments": [],
            "keyword": "Given ",
            "line": 154,
            "name": "Verify profile page and cookies",
            "result": {
              "status": "passed",
              "duration": 9396000000
            }
          },
          {
            "arguments": [],
            "keyword": "When ",
            "line": 155,
            "name": "Go to Activity page",
            "result": {
              "status": "passed",
              "duration": 35361000000
            }
          },
          {
            "arguments": [],
            "keyword": "And ",
            "line": 156,
            "name": "Make idea for web application",
            "result": {
              "status": "passed",
              "duration": 14647000000
            }
          },
          {
            "arguments": [],
            "keyword": "And ",
            "line": 157,
            "name": "Login and give kudos to idea",
            "result": {
              "status": "passed",
              "duration": 41863000000
            }
          },
          {
            "arguments": [],
            "keyword": "Then ",
            "line": 158,
            "name": "Check activity notification for idea",
            "result": {
              "status": "passed",
              "duration": 22591000000
            }
          }
        ]
      },
      {
        "id": "hub-activity;check-offer-notification-on-web-application",
        "keyword": "Scenario",
        "line": 161,
        "name": "Check offer notification on web application",
        "tags": [
          {
            "name": "@focus",
            "line": 160
          }
        ],
        "type": "scenario",
        "steps": [
          {
            "arguments": [],
            "keyword": "Given ",
            "line": 162,
            "name": "Verify profile page and cookies",
            "result": {
              "status": "passed",
              "duration": 9685000000
            }
          },
          {
            "arguments": [],
            "keyword": "When ",
            "line": 163,
            "name": "Go to Activity page",
            "result": {
              "status": "passed",
              "duration": 25950000000
            }
          },
          {
            "arguments": [],
            "keyword": "And ",
            "line": 164,
            "name": "Make offer for web application",
            "result": {
              "status": "passed",
              "duration": 24446000000
            }
          },
          {
            "arguments": [],
            "keyword": "And ",
            "line": 165,
            "name": "Login and give kudos to Offer",
            "result": {
              "status": "passed",
              "duration": 37349000000
            }
          },
          {
            "arguments": [],
            "keyword": "Then ",
            "line": 166,
            "name": "Check activity notification for Offer",
            "result": {
              "status": "passed",
              "duration": 43788000000
            }
          }
        ]
      }
    ]
  }
]