[
  {
    "keyword": "Feature",
    "name": "Hub Activity",
    "line": 1,
    "id": "hub-activity",
    "tags": [],
    "uri": "HubActivity.feature",
    "elements": [
      {
        "id": "hub-activity;edit-membership-[hub-activity]",
        "keyword": "Scenario",
        "line": 15,
        "name": "Edit Membership [Hub Activity]",
        "tags": [],
        "type": "scenario",
        "steps": [
          {
            "arguments": [],
            "keyword": "Given ",
            "line": 16,
            "name": "Verify profile page and cookies",
            "result": {
              "status": "skipped"
            }
          },
          {
            "arguments": [],
            "keyword": "When ",
            "line": 17,
            "name": "Go to Activity",
            "result": {
              "status": "skipped"
            }
          },
          {
            "arguments": [],
            "keyword": "And ",
            "line": 18,
            "name": "Edit role",
            "result": {
              "status": "skipped"
            }
          },
          {
            "arguments": [],
            "keyword": "And ",
            "line": 19,
            "name": "Edit Membership",
            "result": {
              "status": "skipped"
            }
          },
          {
            "arguments": [],
            "keyword": "Then ",
            "line": 20,
            "name": "Verify edited details",
            "result": {
              "status": "skipped"
            }
          }
        ]
      },
      {
        "id": "hub-activity;edit-role-from-activity-page",
        "keyword": "Scenario",
        "line": 132,
        "name": "Edit role from activity page",
        "tags": [
          {
            "name": "@focus",
            "line": 131
          }
        ],
        "type": "scenario",
        "steps": [
          {
            "arguments": [],
            "keyword": "Given ",
            "line": 133,
            "name": "Verify profile page and cookies",
            "result": {
              "status": "passed",
              "duration": 10263000000
            }
          },
          {
            "arguments": [],
            "keyword": "When ",
            "line": 134,
            "name": "User at Activity page",
            "result": {
              "status": "passed",
              "duration": 27652000000
            }
          },
          {
            "arguments": [],
            "keyword": "And ",
            "line": 135,
            "name": "Edit admin role card",
            "result": {
              "status": "passed",
              "duration": 12369000000
            }
          },
          {
            "arguments": [],
            "keyword": "And ",
            "line": 136,
            "name": "Edit support role card",
            "result": {
              "status": "passed",
              "duration": 23441000000
            }
          },
          {
            "arguments": [],
            "keyword": "Then ",
            "line": 137,
            "name": "Send invitation",
            "result": {
              "status": "passed",
              "duration": 13070000000
            }
          }
        ]
      }
    ]
  }
]