[
  {
    "keyword": "Feature",
    "name": "Hub Group",
    "line": 1,
    "id": "hub-group",
    "tags": [],
    "uri": "HubGroups.feature",
    "elements": [
      {
        "id": "hub-group;verify-project-tab---hub-group-script",
        "keyword": "Scenario",
        "line": 147,
        "name": "Verify project tab - Hub Group Script",
        "tags": [],
        "type": "scenario",
        "steps": [
          {
            "arguments": [],
            "keyword": "Given ",
            "line": 148,
            "name": "Login to Rebelbase portal and navigate to group page - Hub Group Script",
            "result": {
              "status": "passed",
              "duration": 32042000000
            }
          },
          {
            "arguments": [],
            "keyword": "When ",
            "line": 149,
            "name": "Searching for existing group - Hub Group Script",
            "result": {
              "status": "passed",
              "duration": 4608000000
            }
          },
          {
            "arguments": [],
            "keyword": "And ",
            "line": 150,
            "name": "Verify project is appears when the user search using project name and member name - Hub Group Script",
            "result": {
              "status": "passed",
              "duration": 5550000000
            }
          },
          {
            "arguments": [],
            "keyword": "And ",
            "line": 151,
            "name": "Verify default sortby is selected - Hub Group Script",
            "result": {
              "status": "failed",
              "duration": 103371000000,
              "error_message": "AssertionError: Timed out retrying after 100000ms: Expected to find element: `[name=\"group_name\"]`, but never found it.\n    at Context.eval (https://app.dev.rebelbase.co/__cypress/tests?p=cypress\\integration\\cucumber-test\\HubGroups.feature:2060:6)\n    at Context.resolveAndRunStepDefinition (https://app.dev.rebelbase.co/__cypress/tests?p=cypress\\integration\\cucumber-test\\HubGroups.feature:14687:29)\n    at Context.eval (https://app.dev.rebelbase.co/__cypress/tests?p=cypress\\integration\\cucumber-test\\HubGroups.feature:14008:35)"
            }
          }
        ]
      }
    ]
  }
]