[
  {
    "keyword": "Feature",
    "name": "Hub Group",
    "line": 1,
    "id": "hub-group",
    "tags": [],
    "uri": "HubGroups.feature",
    "elements": [
      {
        "id": "hub-group;group-overview-member",
        "keyword": "Scenario",
        "line": 3,
        "name": "Group Overview member",
        "tags": [],
        "type": "scenario",
        "steps": [
          {
            "arguments": [],
            "keyword": "Given ",
            "line": 4,
            "name": "Login using username1 email",
            "result": {
              "status": "skipped"
            }
          },
          {
            "arguments": [],
            "keyword": "When ",
            "line": 5,
            "name": "Verify profile URL and user token",
            "result": {
              "status": "skipped"
            }
          },
          {
            "arguments": [],
            "keyword": "And ",
            "line": 6,
            "name": "Visit Group page",
            "result": {
              "status": "skipped"
            }
          },
          {
            "arguments": [],
            "keyword": "Then ",
            "line": 7,
            "name": "Verify past created groups is exist",
            "result": {
              "status": "skipped"
            }
          }
        ]
      },
      {
        "id": "hub-group;checking-group-with-no-schedule-members-login",
        "keyword": "Scenario",
        "line": 9,
        "name": "Checking group with no schedule members login",
        "tags": [],
        "type": "scenario",
        "steps": [
          {
            "arguments": [],
            "keyword": "Given ",
            "line": 10,
            "name": "Login using username2 email",
            "result": {
              "status": "skipped"
            }
          },
          {
            "arguments": [],
            "keyword": "When ",
            "line": 11,
            "name": "Verify profile URL and user login token",
            "result": {
              "status": "skipped"
            }
          },
          {
            "arguments": [],
            "keyword": "And ",
            "line": 12,
            "name": "Visit Group page",
            "result": {
              "status": "skipped"
            }
          },
          {
            "arguments": [],
            "keyword": "Then ",
            "line": 13,
            "name": "Check group schedule",
            "result": {
              "status": "skipped"
            }
          }
        ]
      },
      {
        "id": "hub-group;create-group-with-schedule",
        "keyword": "Scenario",
        "line": 15,
        "name": "Create group with schedule",
        "tags": [],
        "type": "scenario",
        "steps": [
          {
            "arguments": [],
            "keyword": "Given ",
            "line": 16,
            "name": "Login using username email",
            "result": {
              "status": "skipped"
            }
          },
          {
            "arguments": [],
            "keyword": "When ",
            "line": 17,
            "name": "Visit Group screen",
            "result": {
              "status": "skipped"
            }
          },
          {
            "arguments": [],
            "keyword": "And ",
            "line": 18,
            "name": "Add group",
            "result": {
              "status": "skipped"
            }
          },
          {
            "arguments": [],
            "keyword": "And ",
            "line": 19,
            "name": "Verify created group",
            "result": {
              "status": "skipped"
            }
          },
          {
            "arguments": [],
            "keyword": "And ",
            "line": 20,
            "name": "Redirect to group page",
            "result": {
              "status": "skipped"
            }
          },
          {
            "arguments": [],
            "keyword": "Then ",
            "line": 21,
            "name": "Search created group and delete it",
            "result": {
              "status": "skipped"
            }
          }
        ]
      },
      {
        "id": "hub-group;checking-group-with-schedule-members-login",
        "keyword": "Scenario",
        "line": 23,
        "name": "Checking group with schedule members login",
        "tags": [],
        "type": "scenario",
        "steps": [
          {
            "arguments": [],
            "keyword": "Given ",
            "line": 24,
            "name": "Login sing eventMember email",
            "result": {
              "status": "skipped"
            }
          },
          {
            "arguments": [],
            "keyword": "When ",
            "line": 25,
            "name": "Verify profile and token",
            "result": {
              "status": "skipped"
            }
          },
          {
            "arguments": [],
            "keyword": "And ",
            "line": 26,
            "name": "Go to group page",
            "result": {
              "status": "skipped"
            }
          },
          {
            "arguments": [],
            "keyword": "Then ",
            "line": 27,
            "name": "Verify exist group",
            "result": {
              "status": "skipped"
            }
          }
        ]
      },
      {
        "id": "hub-group;group-overview-from-admin",
        "keyword": "Scenario",
        "line": 29,
        "name": "Group Overview from Admin",
        "tags": [],
        "type": "scenario",
        "steps": [
          {
            "arguments": [],
            "keyword": "Given ",
            "line": 30,
            "name": "Login to the username email",
            "result": {
              "status": "skipped"
            }
          },
          {
            "arguments": [],
            "keyword": "When ",
            "line": 31,
            "name": "Verify profile and login user token",
            "result": {
              "status": "skipped"
            }
          },
          {
            "arguments": [],
            "keyword": "And ",
            "line": 32,
            "name": "Jump to group page",
            "result": {
              "status": "skipped"
            }
          },
          {
            "arguments": [],
            "keyword": "Then ",
            "line": 33,
            "name": "Verify add group button is visible",
            "result": {
              "status": "skipped"
            }
          }
        ]
      },
      {
        "id": "hub-group;check-group-without-schedule-from-admin",
        "keyword": "Scenario",
        "line": 35,
        "name": "Check Group without Schedule from Admin",
        "tags": [],
        "type": "scenario",
        "steps": [
          {
            "arguments": [],
            "keyword": "Given ",
            "line": 36,
            "name": "Login to rebel base portal",
            "result": {
              "status": "skipped"
            }
          },
          {
            "arguments": [],
            "keyword": "When ",
            "line": 37,
            "name": "Verify profile, user token",
            "result": {
              "status": "skipped"
            }
          },
          {
            "arguments": [],
            "keyword": "And ",
            "line": 38,
            "name": "Navigate to group page",
            "result": {
              "status": "skipped"
            }
          },
          {
            "arguments": [],
            "keyword": "And ",
            "line": 39,
            "name": "Verify create group button is visible",
            "result": {
              "status": "skipped"
            }
          },
          {
            "arguments": [],
            "keyword": "Then ",
            "line": 40,
            "name": "Redirect to test dev group",
            "result": {
              "status": "skipped"
            }
          }
        ]
      },
      {
        "id": "hub-group;group-with-schedule-[admin]",
        "keyword": "Scenario",
        "line": 42,
        "name": "Group with Schedule [Admin]",
        "tags": [],
        "type": "scenario",
        "steps": [
          {
            "arguments": [],
            "keyword": "Given ",
            "line": 43,
            "name": "Login to rebelbase",
            "result": {
              "status": "skipped"
            }
          },
          {
            "arguments": [],
            "keyword": "When ",
            "line": 44,
            "name": "Verify loggedin user token and profile url",
            "result": {
              "status": "skipped"
            }
          },
          {
            "arguments": [],
            "keyword": "And ",
            "line": 45,
            "name": "Visite to group page",
            "result": {
              "status": "skipped"
            }
          },
          {
            "arguments": [],
            "keyword": "And ",
            "line": 46,
            "name": "Verify plush button is visible",
            "result": {
              "status": "skipped"
            }
          },
          {
            "arguments": [],
            "keyword": "Then ",
            "line": 47,
            "name": "Redirect to the test dev group",
            "result": {
              "status": "skipped"
            }
          }
        ]
      },
      {
        "id": "hub-group;invite-new-user-to-hub-from-group-and-create-and-add-project-to-group",
        "keyword": "Scenario",
        "line": 49,
        "name": "Invite new user to hub from group and create and add project to group",
        "tags": [],
        "type": "scenario",
        "steps": [
          {
            "arguments": [],
            "keyword": "Given ",
            "line": 50,
            "name": "Access rebelbase portal",
            "result": {
              "status": "skipped"
            }
          },
          {
            "arguments": [],
            "keyword": "When ",
            "line": 51,
            "name": "Redirect to group page for devhub",
            "result": {
              "status": "skipped"
            }
          },
          {
            "arguments": [],
            "keyword": "And ",
            "line": 52,
            "name": "Go to test dev group",
            "result": {
              "status": "skipped"
            }
          },
          {
            "arguments": [],
            "keyword": "And ",
            "line": 53,
            "name": "Add member to the group",
            "result": {
              "status": "skipped"
            }
          },
          {
            "arguments": [],
            "keyword": "And ",
            "line": 54,
            "name": "Logout to the account",
            "result": {
              "status": "skipped"
            }
          },
          {
            "arguments": [],
            "keyword": "And ",
            "line": 55,
            "name": "Signup new user",
            "result": {
              "status": "skipped"
            }
          },
          {
            "arguments": [],
            "keyword": "Then ",
            "line": 56,
            "name": "Accept invitation",
            "result": {
              "status": "skipped"
            }
          }
        ]
      },
      {
        "id": "hub-group;duplicate-group-name",
        "keyword": "Scenario",
        "line": 58,
        "name": "Duplicate group name",
        "tags": [],
        "type": "scenario",
        "steps": [
          {
            "arguments": [],
            "keyword": "Given ",
            "line": 59,
            "name": "Intercept section blueprint api call",
            "result": {
              "status": "skipped"
            }
          },
          {
            "arguments": [],
            "keyword": "When ",
            "line": 60,
            "name": "Login the rebelbase portal",
            "result": {
              "status": "skipped"
            }
          },
          {
            "arguments": [],
            "keyword": "And ",
            "line": 61,
            "name": "Verify api response",
            "result": {
              "status": "skipped"
            }
          },
          {
            "arguments": [],
            "keyword": "And ",
            "line": 62,
            "name": "Redirected to group page",
            "result": {
              "status": "skipped"
            }
          },
          {
            "arguments": [],
            "keyword": "And ",
            "line": 63,
            "name": "Creating group",
            "result": {
              "status": "skipped"
            }
          },
          {
            "arguments": [],
            "keyword": "Then ",
            "line": 64,
            "name": "Verify alert message",
            "result": {
              "status": "skipped"
            }
          }
        ]
      },
      {
        "id": "hub-group;add-builder-schedule",
        "keyword": "Scenario",
        "line": 66,
        "name": "Add builder schedule",
        "tags": [],
        "type": "scenario",
        "steps": [
          {
            "arguments": [],
            "keyword": "Given ",
            "line": 67,
            "name": "Get access on rebelbase portal",
            "result": {
              "status": "skipped"
            }
          },
          {
            "arguments": [],
            "keyword": "When ",
            "line": 68,
            "name": "Visit DevHub group page",
            "result": {
              "status": "skipped"
            }
          },
          {
            "arguments": [],
            "keyword": "And ",
            "line": 69,
            "name": "Go to group and set schedule",
            "result": {
              "status": "skipped"
            }
          },
          {
            "arguments": [],
            "keyword": "Then ",
            "line": 70,
            "name": "Verify schedule is save",
            "result": {
              "status": "skipped"
            }
          }
        ]
      },
      {
        "id": "hub-group;add-search-and-delete-member-from-group",
        "keyword": "Scenario",
        "line": 72,
        "name": "Add search and delete member from group",
        "tags": [],
        "type": "scenario",
        "steps": [
          {
            "arguments": [],
            "keyword": "Given ",
            "line": 73,
            "name": "Access to the rebelbase",
            "result": {
              "status": "skipped"
            }
          },
          {
            "arguments": [],
            "keyword": "When ",
            "line": 74,
            "name": "Navigate group page",
            "result": {
              "status": "skipped"
            }
          },
          {
            "arguments": [],
            "keyword": "And ",
            "line": 75,
            "name": "Go to group details page and delete member",
            "result": {
              "status": "skipped"
            }
          },
          {
            "arguments": [],
            "keyword": "And ",
            "line": 76,
            "name": "Adding member to the group",
            "result": {
              "status": "skipped"
            }
          },
          {
            "arguments": [],
            "keyword": "Then ",
            "line": 77,
            "name": "Deleting member from group",
            "result": {
              "status": "skipped"
            }
          }
        ]
      },
      {
        "id": "hub-group;add-delete-manager-in-group",
        "keyword": "Scenario",
        "line": 79,
        "name": "Add delete manager in group",
        "tags": [],
        "type": "scenario",
        "steps": [
          {
            "arguments": [],
            "keyword": "Given ",
            "line": 80,
            "name": "Getting access on the rebelbase portal",
            "result": {
              "status": "skipped"
            }
          },
          {
            "arguments": [],
            "keyword": "When ",
            "line": 81,
            "name": "Jumped to group page",
            "result": {
              "status": "skipped"
            }
          },
          {
            "arguments": [],
            "keyword": "And ",
            "line": 82,
            "name": "Add new groups",
            "result": {
              "status": "skipped"
            }
          },
          {
            "arguments": [],
            "keyword": "And ",
            "line": 83,
            "name": "Verifing created group",
            "result": {
              "status": "skipped"
            }
          },
          {
            "arguments": [],
            "keyword": "And ",
            "line": 84,
            "name": "Redirect to created group page",
            "result": {
              "status": "skipped"
            }
          },
          {
            "arguments": [],
            "keyword": "And ",
            "line": 85,
            "name": "Add manager in group",
            "result": {
              "status": "skipped"
            }
          },
          {
            "arguments": [],
            "keyword": "Then ",
            "line": 86,
            "name": "Delete manager from group",
            "result": {
              "status": "skipped"
            }
          }
        ]
      },
      {
        "id": "hub-group;invite-to-user-not-part-of-group",
        "keyword": "Scenario",
        "line": 88,
        "name": "Invite to user not part of group",
        "tags": [],
        "type": "scenario",
        "steps": [
          {
            "arguments": [],
            "keyword": "Given ",
            "line": 89,
            "name": "Logged in to the rebelbase portal",
            "result": {
              "status": "skipped"
            }
          },
          {
            "arguments": [],
            "keyword": "When ",
            "line": 90,
            "name": "Redirect to group page from DevHub",
            "result": {
              "status": "skipped"
            }
          },
          {
            "arguments": [],
            "keyword": "And ",
            "line": 91,
            "name": "Adding group",
            "result": {
              "status": "skipped"
            }
          },
          {
            "arguments": [],
            "keyword": "Then ",
            "line": 92,
            "name": "Checking for duplicate group name",
            "result": {
              "status": "skipped"
            }
          }
        ]
      },
      {
        "id": "hub-group;deactivate-group",
        "keyword": "Scenario",
        "line": 94,
        "name": "Deactivate group",
        "tags": [],
        "type": "scenario",
        "steps": [
          {
            "arguments": [],
            "keyword": "Given ",
            "line": 95,
            "name": "Get access Rebelbase portal",
            "result": {
              "status": "skipped"
            }
          },
          {
            "arguments": [],
            "keyword": "When ",
            "line": 96,
            "name": "Redirect the group page",
            "result": {
              "status": "skipped"
            }
          },
          {
            "arguments": [],
            "keyword": "And ",
            "line": 97,
            "name": "Searching for group",
            "result": {
              "status": "skipped"
            }
          },
          {
            "arguments": [],
            "keyword": "Then ",
            "line": 98,
            "name": "Deactivate group",
            "result": {
              "status": "skipped"
            }
          }
        ]
      },
      {
        "id": "hub-group;delete-group",
        "keyword": "Scenario",
        "line": 100,
        "name": "Delete Group",
        "tags": [],
        "type": "scenario",
        "steps": [
          {
            "arguments": [],
            "keyword": "Given ",
            "line": 101,
            "name": "Username login to the rebelbase portal",
            "result": {
              "status": "skipped"
            }
          },
          {
            "arguments": [],
            "keyword": "When ",
            "line": 102,
            "name": "Visit directly to group page",
            "result": {
              "status": "skipped"
            }
          },
          {
            "arguments": [],
            "keyword": "And ",
            "line": 103,
            "name": "Search for group",
            "result": {
              "status": "skipped"
            }
          },
          {
            "arguments": [],
            "keyword": "Then ",
            "line": 104,
            "name": "Delete group",
            "result": {
              "status": "skipped"
            }
          }
        ]
      },
      {
        "id": "hub-group;create-group-with-members-from-different-hubs-and-groups-and-events",
        "keyword": "Scenario",
        "line": 106,
        "name": "create group with members from different hubs and GROUPS and events",
        "tags": [
          {
            "name": "@focus",
            "line": 105
          }
        ],
        "type": "scenario",
        "steps": [
          {
            "arguments": [],
            "keyword": "Given ",
            "line": 107,
            "name": "Login to account",
            "result": {
              "status": "passed",
              "duration": 10541000000
            }
          },
          {
            "arguments": [],
            "keyword": "When ",
            "line": 108,
            "name": "Visit Group pages",
            "result": {
              "status": "passed",
              "duration": 10665000000
            }
          },
          {
            "arguments": [],
            "keyword": "And ",
            "line": 109,
            "name": "Adding new groups",
            "result": {
              "status": "passed",
              "duration": 9816000000
            }
          },
          {
            "arguments": [],
            "keyword": "And ",
            "line": 110,
            "name": "Verify group is created successfully",
            "result": {
              "status": "passed",
              "duration": 4182000000
            }
          },
          {
            "arguments": [],
            "keyword": "And ",
            "line": 111,
            "name": "Adding members from different hubs and GROUPS and events",
            "result": {
              "status": "passed",
              "duration": 14233000000
            }
          },
          {
            "arguments": [],
            "keyword": "Then ",
            "line": 112,
            "name": "Delete group after member added successfully",
            "result": {
              "status": "failed",
              "duration": 1000000,
              "error_message": "AssertionError: Timed out retrying after 100000ms: Expected to find element: `.search-input`, but never found it.\n    at Context.eval (https://app.dev.rebelbase.co/__cypress/tests?p=cypress\\integration\\cucumber-test\\HubGroups.feature:1679:6)\n    at Context.resolveAndRunStepDefinition (https://app.dev.rebelbase.co/__cypress/tests?p=cypress\\integration\\cucumber-test\\HubGroups.feature:14331:29)\n    at Context.eval (https://app.dev.rebelbase.co/__cypress/tests?p=cypress\\integration\\cucumber-test\\HubGroups.feature:13652:35)"
            }
          }
        ]
      },
      {
        "id": "hub-group;invite-user-and-check-invitation-on-web-application",
        "keyword": "Scenario",
        "line": 114,
        "name": "Invite user and check invitation on web application",
        "tags": [],
        "type": "scenario",
        "steps": [
          {
            "arguments": [],
            "keyword": "Given ",
            "line": 115,
            "name": "Login using hubuser email",
            "result": {
              "status": "skipped"
            }
          },
          {
            "arguments": [],
            "keyword": "When ",
            "line": 116,
            "name": "User is on group page",
            "result": {
              "status": "skipped"
            }
          },
          {
            "arguments": [],
            "keyword": "And ",
            "line": 117,
            "name": "Create group and verify is created successfully",
            "result": {
              "status": "skipped"
            }
          },
          {
            "arguments": [],
            "keyword": "And ",
            "line": 118,
            "name": "Send invitation to user from group",
            "result": {
              "status": "skipped"
            }
          },
          {
            "arguments": [],
            "keyword": "Then ",
            "line": 119,
            "name": "Check invitation from web Application",
            "result": {
              "status": "skipped"
            }
          }
        ]
      }
    ]
  }
]