[
  {
    "keyword": "Feature",
    "name": "Hub Group",
    "line": 1,
    "id": "hub-group",
    "tags": [],
    "uri": "HubGroups.feature",
    "elements": [
      {
        "id": "hub-group;group-overview-member",
        "keyword": "Scenario",
        "line": 3,
        "name": "Group Overview member",
        "tags": [],
        "type": "scenario",
        "steps": [
          {
            "arguments": [],
            "keyword": "Given ",
            "line": 4,
            "name": "Visit RebelBase portal",
            "result": {
              "status": "skipped"
            }
          },
          {
            "arguments": [],
            "keyword": "When ",
            "line": 5,
            "name": "Login using username1 email",
            "result": {
              "status": "skipped"
            }
          },
          {
            "arguments": [],
            "keyword": "And ",
            "line": 6,
            "name": "Verify profile URL and user token",
            "result": {
              "status": "skipped"
            }
          },
          {
            "arguments": [],
            "keyword": "And ",
            "line": 7,
            "name": "Visit Group page",
            "result": {
              "status": "skipped"
            }
          },
          {
            "arguments": [],
            "keyword": "Then ",
            "line": 8,
            "name": "Verify past created groups is exist",
            "result": {
              "status": "skipped"
            }
          }
        ]
      },
      {
        "id": "hub-group;checking-group-with-no-schedule-members-login",
        "keyword": "Scenario",
        "line": 10,
        "name": "Checking group with no schedule members login",
        "tags": [],
        "type": "scenario",
        "steps": [
          {
            "arguments": [],
            "keyword": "Given ",
            "line": 11,
            "name": "Visit RebelBase portal",
            "result": {
              "status": "skipped"
            }
          },
          {
            "arguments": [],
            "keyword": "When ",
            "line": 12,
            "name": "Login using username2 email",
            "result": {
              "status": "skipped"
            }
          },
          {
            "arguments": [],
            "keyword": "And ",
            "line": 13,
            "name": "Verify profile URL and user login token",
            "result": {
              "status": "skipped"
            }
          },
          {
            "arguments": [],
            "keyword": "And ",
            "line": 14,
            "name": "Visit Group page",
            "result": {
              "status": "skipped"
            }
          },
          {
            "arguments": [],
            "keyword": "Then ",
            "line": 15,
            "name": "Check group schedule",
            "result": {
              "status": "skipped"
            }
          }
        ]
      },
      {
        "id": "hub-group;create-group-with-schedule",
        "keyword": "Scenario",
        "line": 17,
        "name": "Create group with schedule",
        "tags": [],
        "type": "scenario",
        "steps": [
          {
            "arguments": [],
            "keyword": "Given ",
            "line": 18,
            "name": "Login using username email",
            "result": {
              "status": "skipped"
            }
          },
          {
            "arguments": [],
            "keyword": "When ",
            "line": 19,
            "name": "Visit Group screen",
            "result": {
              "status": "skipped"
            }
          },
          {
            "arguments": [],
            "keyword": "And ",
            "line": 20,
            "name": "Add group",
            "result": {
              "status": "skipped"
            }
          },
          {
            "arguments": [],
            "keyword": "And ",
            "line": 21,
            "name": "Verify created group",
            "result": {
              "status": "skipped"
            }
          },
          {
            "arguments": [],
            "keyword": "And ",
            "line": 22,
            "name": "Redirect to group page",
            "result": {
              "status": "skipped"
            }
          },
          {
            "arguments": [],
            "keyword": "Then ",
            "line": 23,
            "name": "Search created group and delete it",
            "result": {
              "status": "skipped"
            }
          }
        ]
      },
      {
        "id": "hub-group;checking-group-with-schedule-members-login",
        "keyword": "Scenario",
        "line": 25,
        "name": "Checking group with schedule members login",
        "tags": [],
        "type": "scenario",
        "steps": [
          {
            "arguments": [],
            "keyword": "Given ",
            "line": 26,
            "name": "Visit rebelbase portal",
            "result": {
              "status": "skipped"
            }
          },
          {
            "arguments": [],
            "keyword": "When ",
            "line": 27,
            "name": "Login sing eventMember email",
            "result": {
              "status": "skipped"
            }
          },
          {
            "arguments": [],
            "keyword": "And ",
            "line": 28,
            "name": "Verify profile and token",
            "result": {
              "status": "skipped"
            }
          },
          {
            "arguments": [],
            "keyword": "And ",
            "line": 29,
            "name": "Go to group page",
            "result": {
              "status": "skipped"
            }
          },
          {
            "arguments": [],
            "keyword": "Then ",
            "line": 30,
            "name": "Verify exist group",
            "result": {
              "status": "skipped"
            }
          }
        ]
      },
      {
        "id": "hub-group;group-overview-from-admin",
        "keyword": "Scenario",
        "line": 32,
        "name": "Group Overview from Admin",
        "tags": [],
        "type": "scenario",
        "steps": [
          {
            "arguments": [],
            "keyword": "Given ",
            "line": 33,
            "name": "Visit rebelbase portal",
            "result": {
              "status": "skipped"
            }
          },
          {
            "arguments": [],
            "keyword": "When ",
            "line": 34,
            "name": "Login to the username email",
            "result": {
              "status": "skipped"
            }
          },
          {
            "arguments": [],
            "keyword": "And ",
            "line": 35,
            "name": "Verify profile and login user token",
            "result": {
              "status": "skipped"
            }
          },
          {
            "arguments": [],
            "keyword": "And ",
            "line": 36,
            "name": "Jump to group page",
            "result": {
              "status": "skipped"
            }
          },
          {
            "arguments": [],
            "keyword": "Then ",
            "line": 37,
            "name": "Verify add group button is visible",
            "result": {
              "status": "skipped"
            }
          }
        ]
      },
      {
        "id": "hub-group;check-group-without-schedule-from-admin",
        "keyword": "Scenario",
        "line": 39,
        "name": "Check Group without Schedule from Admin",
        "tags": [],
        "type": "scenario",
        "steps": [
          {
            "arguments": [],
            "keyword": "Given ",
            "line": 40,
            "name": "Visit rebelbase portal",
            "result": {
              "status": "skipped"
            }
          },
          {
            "arguments": [],
            "keyword": "When ",
            "line": 41,
            "name": "Login to rebel base portal",
            "result": {
              "status": "skipped"
            }
          },
          {
            "arguments": [],
            "keyword": "And ",
            "line": 42,
            "name": "Verify profile, user token",
            "result": {
              "status": "skipped"
            }
          },
          {
            "arguments": [],
            "keyword": "And ",
            "line": 43,
            "name": "Navigate to group page",
            "result": {
              "status": "skipped"
            }
          },
          {
            "arguments": [],
            "keyword": "And ",
            "line": 44,
            "name": "Verify create group button is visible",
            "result": {
              "status": "skipped"
            }
          },
          {
            "arguments": [],
            "keyword": "Then ",
            "line": 45,
            "name": "Redirect to test dev group",
            "result": {
              "status": "skipped"
            }
          }
        ]
      },
      {
        "id": "hub-group;group-with-schedule-[admin]",
        "keyword": "Scenario",
        "line": 47,
        "name": "Group with Schedule [Admin]",
        "tags": [],
        "type": "scenario",
        "steps": [
          {
            "arguments": [],
            "keyword": "Given ",
            "line": 48,
            "name": "Visit rebelbase portal",
            "result": {
              "status": "skipped"
            }
          },
          {
            "arguments": [],
            "keyword": "When ",
            "line": 49,
            "name": "Login to rebelbase",
            "result": {
              "status": "skipped"
            }
          },
          {
            "arguments": [],
            "keyword": "And ",
            "line": 50,
            "name": "Verify loggedin user token and profile url",
            "result": {
              "status": "skipped"
            }
          },
          {
            "arguments": [],
            "keyword": "And ",
            "line": 51,
            "name": "Visite to group page",
            "result": {
              "status": "skipped"
            }
          },
          {
            "arguments": [],
            "keyword": "And ",
            "line": 52,
            "name": "Verify plush button is visible",
            "result": {
              "status": "skipped"
            }
          },
          {
            "arguments": [],
            "keyword": "Then ",
            "line": 53,
            "name": "Redirect to the test dev group",
            "result": {
              "status": "skipped"
            }
          }
        ]
      },
      {
        "id": "hub-group;invite-new-user-to-hub-from-group-and-create-and-add-project-to-group",
        "keyword": "Scenario",
        "line": 55,
        "name": "Invite new user to hub from group and create and add project to group",
        "tags": [],
        "type": "scenario",
        "steps": [
          {
            "arguments": [],
            "keyword": "Given ",
            "line": 56,
            "name": "Visit rebelbase portal",
            "result": {
              "status": "skipped"
            }
          },
          {
            "arguments": [],
            "keyword": "When ",
            "line": 57,
            "name": "Access rebelbase portal",
            "result": {
              "status": "skipped"
            }
          },
          {
            "arguments": [],
            "keyword": "And ",
            "line": 58,
            "name": "Redirect to group page for devhub",
            "result": {
              "status": "skipped"
            }
          },
          {
            "arguments": [],
            "keyword": "And ",
            "line": 59,
            "name": "Go to test dev group",
            "result": {
              "status": "skipped"
            }
          },
          {
            "arguments": [],
            "keyword": "And ",
            "line": 60,
            "name": "Add member to the group",
            "result": {
              "status": "skipped"
            }
          },
          {
            "arguments": [],
            "keyword": "And ",
            "line": 61,
            "name": "Logout to the account",
            "result": {
              "status": "skipped"
            }
          },
          {
            "arguments": [],
            "keyword": "And ",
            "line": 62,
            "name": "Signup new user",
            "result": {
              "status": "skipped"
            }
          },
          {
            "arguments": [],
            "keyword": "Then ",
            "line": 63,
            "name": "Accept invitation",
            "result": {
              "status": "skipped"
            }
          }
        ]
      },
      {
        "id": "hub-group;duplicate-group-name",
        "keyword": "Scenario",
        "line": 65,
        "name": "Duplicate group name",
        "tags": [],
        "type": "scenario",
        "steps": [
          {
            "arguments": [],
            "keyword": "Given ",
            "line": 66,
            "name": "Intercept section blueprint api call",
            "result": {
              "status": "skipped"
            }
          },
          {
            "arguments": [],
            "keyword": "When ",
            "line": 67,
            "name": "Login the rebelbase portal",
            "result": {
              "status": "skipped"
            }
          },
          {
            "arguments": [],
            "keyword": "And ",
            "line": 68,
            "name": "Verify api response",
            "result": {
              "status": "skipped"
            }
          },
          {
            "arguments": [],
            "keyword": "And ",
            "line": 69,
            "name": "Redirected to group page",
            "result": {
              "status": "skipped"
            }
          },
          {
            "arguments": [],
            "keyword": "And ",
            "line": 70,
            "name": "Creating group",
            "result": {
              "status": "skipped"
            }
          },
          {
            "arguments": [],
            "keyword": "Then ",
            "line": 71,
            "name": "Verify alert message",
            "result": {
              "status": "skipped"
            }
          }
        ]
      },
      {
        "id": "hub-group;add-builder-schedule",
        "keyword": "Scenario",
        "line": 73,
        "name": "Add builder schedule",
        "tags": [],
        "type": "scenario",
        "steps": [
          {
            "arguments": [],
            "keyword": "Given ",
            "line": 74,
            "name": "Get access on rebelbase portal",
            "result": {
              "status": "skipped"
            }
          },
          {
            "arguments": [],
            "keyword": "When ",
            "line": 75,
            "name": "Visit DevHub group page",
            "result": {
              "status": "skipped"
            }
          },
          {
            "arguments": [],
            "keyword": "And ",
            "line": 76,
            "name": "Go to group and set schedule",
            "result": {
              "status": "skipped"
            }
          },
          {
            "arguments": [],
            "keyword": "Then ",
            "line": 77,
            "name": "Verify schedule is save",
            "result": {
              "status": "skipped"
            }
          }
        ]
      },
      {
        "id": "hub-group;add-search-and-delete-member-from-group",
        "keyword": "Scenario",
        "line": 79,
        "name": "Add search and delete member from group",
        "tags": [],
        "type": "scenario",
        "steps": [
          {
            "arguments": [],
            "keyword": "Given ",
            "line": 80,
            "name": "Access to the rebelbase",
            "result": {
              "status": "skipped"
            }
          },
          {
            "arguments": [],
            "keyword": "When ",
            "line": 81,
            "name": "Navigate group page",
            "result": {
              "status": "skipped"
            }
          },
          {
            "arguments": [],
            "keyword": "And ",
            "line": 82,
            "name": "Go to group details page and delete member",
            "result": {
              "status": "skipped"
            }
          },
          {
            "arguments": [],
            "keyword": "And ",
            "line": 83,
            "name": "Adding member to the group",
            "result": {
              "status": "skipped"
            }
          },
          {
            "arguments": [],
            "keyword": "Then ",
            "line": 84,
            "name": "Deleting member from group",
            "result": {
              "status": "skipped"
            }
          }
        ]
      },
      {
        "id": "hub-group;add-delete-manager-in-group",
        "keyword": "Scenario",
        "line": 86,
        "name": "Add delete manager in group",
        "tags": [],
        "type": "scenario",
        "steps": [
          {
            "arguments": [],
            "keyword": "Given ",
            "line": 87,
            "name": "Getting access on the rebelbase portal",
            "result": {
              "status": "skipped"
            }
          },
          {
            "arguments": [],
            "keyword": "When ",
            "line": 88,
            "name": "Jumped to group page",
            "result": {
              "status": "skipped"
            }
          },
          {
            "arguments": [],
            "keyword": "And ",
            "line": 89,
            "name": "Add new groups",
            "result": {
              "status": "skipped"
            }
          },
          {
            "arguments": [],
            "keyword": "And ",
            "line": 90,
            "name": "Verifing created group",
            "result": {
              "status": "skipped"
            }
          },
          {
            "arguments": [],
            "keyword": "And ",
            "line": 91,
            "name": "Redirect to created group page",
            "result": {
              "status": "skipped"
            }
          },
          {
            "arguments": [],
            "keyword": "And ",
            "line": 92,
            "name": "Add manager in group",
            "result": {
              "status": "skipped"
            }
          },
          {
            "arguments": [],
            "keyword": "Then ",
            "line": 93,
            "name": "Delete manager from group",
            "result": {
              "status": "skipped"
            }
          }
        ]
      },
      {
        "id": "hub-group;invite-to-user-not-part-of-group",
        "keyword": "Scenario",
        "line": 96,
        "name": "Invite to user not part of group",
        "tags": [
          {
            "name": "@focus",
            "line": 95
          }
        ],
        "type": "scenario",
        "steps": [
          {
            "arguments": [],
            "keyword": "Given ",
            "line": 97,
            "name": "Logged in to the rebelbase portal",
            "result": {
              "status": "passed",
              "duration": 30578000000
            }
          },
          {
            "arguments": [],
            "keyword": "When ",
            "line": 98,
            "name": "Redirect to group page from DevHub",
            "result": {
              "status": "passed",
              "duration": 4700000000
            }
          },
          {
            "arguments": [],
            "keyword": "And ",
            "line": 99,
            "name": "Adding group",
            "result": {
              "status": "passed",
              "duration": 15602000000
            }
          },
          {
            "arguments": [],
            "keyword": "Then ",
            "line": 100,
            "name": "Checking for duplicate group name",
            "result": {
              "status": "passed",
              "duration": 23225000000
            }
          }
        ]
      },
      {
        "id": "hub-group;deactivate-group",
        "keyword": "Scenario",
        "line": 102,
        "name": "Deactivate group",
        "tags": [],
        "type": "scenario",
        "steps": [
          {
            "arguments": [],
            "keyword": "Given ",
            "line": 103,
            "name": "Get access Rebelbase portal",
            "result": {
              "status": "skipped"
            }
          },
          {
            "arguments": [],
            "keyword": "When ",
            "line": 104,
            "name": "Redirect the group page",
            "result": {
              "status": "skipped"
            }
          },
          {
            "arguments": [],
            "keyword": "And ",
            "line": 105,
            "name": "Searching for group",
            "result": {
              "status": "skipped"
            }
          },
          {
            "arguments": [],
            "keyword": "Then ",
            "line": 106,
            "name": "Deactivate group",
            "result": {
              "status": "skipped"
            }
          }
        ]
      },
      {
        "id": "hub-group;delete-group",
        "keyword": "Scenario",
        "line": 108,
        "name": "Delete Group",
        "tags": [],
        "type": "scenario",
        "steps": [
          {
            "arguments": [],
            "keyword": "Given ",
            "line": 109,
            "name": "Username login to the rebelbase portal",
            "result": {
              "status": "skipped"
            }
          },
          {
            "arguments": [],
            "keyword": "When ",
            "line": 110,
            "name": "Visit directly to group page",
            "result": {
              "status": "skipped"
            }
          },
          {
            "arguments": [],
            "keyword": "And ",
            "line": 111,
            "name": "Search for group",
            "result": {
              "status": "skipped"
            }
          },
          {
            "arguments": [],
            "keyword": "Then ",
            "line": 112,
            "name": "Delete group",
            "result": {
              "status": "skipped"
            }
          }
        ]
      }
    ]
  }
]