[
  {
    "keyword": "Feature",
    "name": "Hub members different filters",
    "line": 1,
    "id": "hub-members-different-filters",
    "tags": [],
    "uri": "HubMemberFilter.feature",
    "elements": [
      {
        "id": "hub-members-different-filters;delete-pending-invitation",
        "keyword": "Scenario",
        "line": 43,
        "name": "Delete pending invitation",
        "tags": [],
        "type": "scenario",
        "steps": [
          {
            "arguments": [],
            "keyword": "Given ",
            "line": 44,
            "name": "Login to Rebelbase portal",
            "result": {
              "status": "passed",
              "duration": 17883000000
            }
          },
          {
            "arguments": [],
            "keyword": "When ",
            "line": 45,
            "name": "Go to member page",
            "result": {
              "status": "passed",
              "duration": 3174000000
            }
          },
          {
            "arguments": [],
            "keyword": "And ",
            "line": 46,
            "name": "Send invitation",
            "result": {
              "status": "passed",
              "duration": 6932000000
            }
          },
          {
            "arguments": [],
            "keyword": "Then ",
            "line": 47,
            "name": "Delete pending invitation",
            "result": {
              "status": "passed",
              "duration": 2818000000
            }
          }
        ]
      },
      {
        "id": "hub-members-different-filters;verify-placeholder-should-be-decapitalized",
        "keyword": "Scenario",
        "line": 49,
        "name": "Verify placeholder should be decapitalized",
        "tags": [],
        "type": "scenario",
        "steps": [
          {
            "arguments": [],
            "keyword": "Given ",
            "line": 50,
            "name": "Login to Rebelbase portal",
            "result": {
              "status": "passed",
              "duration": 9687000000
            }
          },
          {
            "arguments": [],
            "keyword": "When ",
            "line": 51,
            "name": "Go to member page",
            "result": {
              "status": "passed",
              "duration": 11534000000
            }
          },
          {
            "arguments": [],
            "keyword": "And ",
            "line": 52,
            "name": "Verify button and placeholder text",
            "result": {
              "status": "passed",
              "duration": 462000000
            }
          },
          {
            "arguments": [],
            "keyword": "Then ",
            "line": 53,
            "name": "Verify button and placeholder text in spanish version",
            "result": {
              "status": "passed",
              "duration": 6571000000
            }
          }
        ]
      }
    ]
  }
]