[
  {
    "keyword": "Feature",
    "name": "Login",
    "line": 1,
    "id": "login",
    "tags": [],
    "uri": "Login.feature",
    "elements": [
      {
        "id": "login;email-is-missing-[loginflowtest]",
        "keyword": "Scenario",
        "line": 3,
        "name": "Email is missing [loginFlowTest]",
        "tags": [],
        "type": "scenario",
        "steps": [
          {
            "arguments": [],
            "keyword": "Given ",
            "line": 4,
            "name": "Visit rebelbase portal",
            "result": {
              "status": "passed",
              "duration": 2460000000
            }
          },
          {
            "arguments": [],
            "keyword": "When ",
            "line": 5,
            "name": "Enter only password into textbox",
            "result": {
              "status": "passed",
              "duration": 1796000000
            }
          },
          {
            "arguments": [],
            "keyword": "And ",
            "line": 6,
            "name": "Click on login button",
            "result": {
              "status": "passed",
              "duration": 1544000000
            }
          },
          {
            "arguments": [],
            "keyword": "Then ",
            "line": 7,
            "name": "Verify email is missing",
            "result": {
              "status": "passed",
              "duration": 90000000
            }
          }
        ]
      },
      {
        "id": "login;password-is-less-than-6-char[loginflowtest]",
        "keyword": "Scenario",
        "line": 9,
        "name": "Password is less than 6 char[loginFlowTest]",
        "tags": [],
        "type": "scenario",
        "steps": [
          {
            "arguments": [],
            "keyword": "Given ",
            "line": 10,
            "name": "Visit rebelbase portal",
            "result": {
              "status": "passed",
              "duration": 1612000000
            }
          },
          {
            "arguments": [],
            "keyword": "When ",
            "line": 11,
            "name": "Enter only email into textbox",
            "result": {
              "status": "passed",
              "duration": 2017000000
            }
          },
          {
            "arguments": [],
            "keyword": "And ",
            "line": 12,
            "name": "Click on login button",
            "result": {
              "status": "passed",
              "duration": 1539000000
            }
          },
          {
            "arguments": [],
            "keyword": "Then ",
            "line": 13,
            "name": "Verify password validation",
            "result": {
              "status": "passed",
              "duration": 66000000
            }
          }
        ]
      },
      {
        "id": "login;invalid-login-id-or-passwd-details-[loginflowtest]",
        "keyword": "Scenario",
        "line": 15,
        "name": "Invalid login Id or passwd details [loginFlowTest]",
        "tags": [],
        "type": "scenario",
        "steps": [
          {
            "arguments": [],
            "keyword": "Given ",
            "line": 16,
            "name": "Visit rebelbase portal",
            "result": {
              "status": "passed",
              "duration": 1612000000
            }
          },
          {
            "arguments": [],
            "keyword": "When ",
            "line": 17,
            "name": "Verify email validation",
            "result": {
              "status": "passed",
              "duration": 5426000000
            }
          },
          {
            "arguments": [],
            "keyword": "Then ",
            "line": 18,
            "name": "Verify email or password validation",
            "result": {
              "status": "passed",
              "duration": 8749000000
            }
          }
        ]
      },
      {
        "id": "login;autofill-email-address-if-exist-in-url-[loginflowtest]",
        "keyword": "Scenario",
        "line": 20,
        "name": "Autofill email address if exist in url [loginFlowTest]",
        "tags": [],
        "type": "scenario",
        "steps": [
          {
            "arguments": [],
            "keyword": "Given ",
            "line": 21,
            "name": "Visit url",
            "result": {
              "status": "passed",
              "duration": 1631000000
            }
          },
          {
            "arguments": [],
            "keyword": "When ",
            "line": 22,
            "name": "Verify email textbox value",
            "result": {
              "status": "passed",
              "duration": 206000000
            }
          },
          {
            "arguments": [],
            "keyword": "Then ",
            "line": 23,
            "name": "Verify validation",
            "result": {
              "status": "passed",
              "duration": 19000000
            }
          }
        ]
      },
      {
        "id": "login;should-login-and-redirect-to-profile-[loginflowtest]",
        "keyword": "Scenario",
        "line": 25,
        "name": "Should login and redirect to profile [loginFlowTest]",
        "tags": [],
        "type": "scenario",
        "steps": [
          {
            "arguments": [],
            "keyword": "Given ",
            "line": 26,
            "name": "Login to the rebelbase portal",
            "result": {
              "status": "passed",
              "duration": 7064000000
            }
          },
          {
            "arguments": [],
            "keyword": "When ",
            "line": 27,
            "name": "Verify profile url",
            "result": {
              "status": "passed",
              "duration": 17000000
            }
          },
          {
            "arguments": [],
            "keyword": "Then ",
            "line": 28,
            "name": "Verify user redirect to the profile page",
            "result": {
              "status": "passed",
              "duration": 1624000000
            }
          }
        ]
      },
      {
        "id": "login;log-in,-go-to-profile-then-logout-[loginflowtest]",
        "keyword": "Scenario",
        "line": 30,
        "name": "Log in, go to profile then logout [loginFlowTest]",
        "tags": [],
        "type": "scenario",
        "steps": [
          {
            "arguments": [],
            "keyword": "Given ",
            "line": 31,
            "name": "Log in to the rebelbase portal",
            "result": {
              "status": "passed",
              "duration": 22394000000
            }
          },
          {
            "arguments": [],
            "keyword": "When ",
            "line": 32,
            "name": "Confirm we have logged in successfully",
            "result": {
              "status": "passed",
              "duration": 17000000
            }
          },
          {
            "arguments": [],
            "keyword": "Then ",
            "line": 33,
            "name": "Now we can log out and should redirect to the login page",
            "result": {
              "status": "passed",
              "duration": 18914000000
            }
          }
        ]
      },
      {
        "id": "login;log-in-with-different-email-and-try-to-accept-project-invitation-token-[loginflowtest]",
        "keyword": "Scenario",
        "line": 35,
        "name": "Log in with different email and try to accept project invitation token [loginFlowTest]",
        "tags": [],
        "type": "scenario",
        "steps": [
          {
            "arguments": [],
            "keyword": "Given ",
            "line": 36,
            "name": "Visit Rebelbase url with email exist in url",
            "result": {
              "status": "passed",
              "duration": 1650000000
            }
          },
          {
            "arguments": [],
            "keyword": "When ",
            "line": 37,
            "name": "Verify user is not able to accept invitation",
            "result": {
              "status": "passed",
              "duration": 3251000000
            }
          },
          {
            "arguments": [],
            "keyword": "And ",
            "line": 38,
            "name": "Enter password and click on login button",
            "result": {
              "status": "passed",
              "duration": 7355000000
            }
          },
          {
            "arguments": [],
            "keyword": "Then ",
            "line": 39,
            "name": "Verify profile url and invitation expired notification",
            "result": {
              "status": "passed",
              "duration": 41000000
            }
          }
        ]
      },
      {
        "id": "login;autofill-email-address-if-exist-in-url,-log-in-and-accept-event-invitation-[loginflowtest]",
        "keyword": "Scenario",
        "line": 48,
        "name": "Autofill email address if exist in url, log in and accept event invitation [loginFlowTest]",
        "tags": [],
        "type": "scenario",
        "steps": [
          {
            "arguments": [],
            "keyword": "Given ",
            "line": 49,
            "name": "Visit page url with email exist in url",
            "result": {
              "status": "passed",
              "duration": 1675000000
            }
          },
          {
            "arguments": [],
            "keyword": "When ",
            "line": 50,
            "name": "Verify emailid is prefilled",
            "result": {
              "status": "passed",
              "duration": 44000000
            }
          },
          {
            "arguments": [],
            "keyword": "And ",
            "line": 51,
            "name": "Enter password and login to account",
            "result": {
              "status": "passed",
              "duration": 3916000000
            }
          },
          {
            "arguments": [],
            "keyword": "Then ",
            "line": 52,
            "name": "Verify email notification message",
            "result": {
              "status": "passed",
              "duration": 3489000000
            }
          }
        ]
      },
      {
        "id": "login;log-in-with-different-email-and-try-to-accept-event-invitation-token-[loginflowtest]",
        "keyword": "Scenario",
        "line": 54,
        "name": "log in with different email and try to accept event invitation token [loginFlowTest]",
        "tags": [],
        "type": "scenario",
        "steps": [
          {
            "arguments": [],
            "keyword": "Given ",
            "line": 55,
            "name": "Login to rebelbase url",
            "result": {
              "status": "passed",
              "duration": 1828000000
            }
          },
          {
            "arguments": [],
            "keyword": "When ",
            "line": 56,
            "name": "Enter different email and try to login",
            "result": {
              "status": "passed",
              "duration": 6644000000
            }
          },
          {
            "arguments": [],
            "keyword": "And ",
            "line": 57,
            "name": "Verify url from profile",
            "result": {
              "status": "passed",
              "duration": 4433000000
            }
          },
          {
            "arguments": [],
            "keyword": "Then ",
            "line": 58,
            "name": "Should invitation expired notification",
            "result": {
              "status": "passed",
              "duration": 135000000
            }
          }
        ]
      },
      {
        "id": "login;log-in-with-invalid-event-invitation-token-[loginflowtest]",
        "keyword": "Scenario",
        "line": 60,
        "name": "log in with invalid event invitation token [loginFlowTest]",
        "tags": [],
        "type": "scenario",
        "steps": [
          {
            "arguments": [],
            "keyword": "Given ",
            "line": 61,
            "name": "Visit with existed email in url",
            "result": {
              "status": "passed",
              "duration": 1648000000
            }
          },
          {
            "arguments": [],
            "keyword": "When ",
            "line": 62,
            "name": "Enter username, password and login",
            "result": {
              "status": "passed",
              "duration": 12235000000
            }
          },
          {
            "arguments": [],
            "keyword": "Then ",
            "line": 63,
            "name": "Should show invitation has expired notification",
            "result": {
              "status": "passed",
              "duration": 152000000
            }
          }
        ]
      },
      {
        "id": "login;log-in-with-different-email-and-try-to-accept-hub-invitation-token-[loginflowtest]",
        "keyword": "Scenario",
        "line": 65,
        "name": "log in with different email and try to accept hub invitation token [loginFlowTest]",
        "tags": [],
        "type": "scenario",
        "steps": [
          {
            "arguments": [],
            "keyword": "Given ",
            "line": 66,
            "name": "Visit rebel base portal",
            "result": {
              "status": "passed",
              "duration": 1628000000
            }
          },
          {
            "arguments": [],
            "keyword": "When ",
            "line": 67,
            "name": "Should show You will not be able to accept the invitation using this email address.",
            "result": {
              "status": "passed",
              "duration": 6775000000
            }
          },
          {
            "arguments": [],
            "keyword": "And ",
            "line": 68,
            "name": "Verify user profile url",
            "result": {
              "status": "passed",
              "duration": 4251000000
            }
          },
          {
            "arguments": [],
            "keyword": "Then ",
            "line": 69,
            "name": "Should shows invitation has expired in the notification",
            "result": {
              "status": "passed",
              "duration": 227000000
            }
          }
        ]
      },
      {
        "id": "login;show-popup-message-to-complete-tell-us-,until-tell-us-is-complete",
        "keyword": "Scenario",
        "line": 77,
        "name": "Show popup message to complete tell-us ,until tell-us is complete",
        "tags": [],
        "type": "scenario",
        "steps": [
          {
            "arguments": [],
            "keyword": "Given ",
            "line": 78,
            "name": "Visit RebelBase URL",
            "result": {
              "status": "passed",
              "duration": 1645000000
            }
          },
          {
            "arguments": [],
            "keyword": "When ",
            "line": 79,
            "name": "Sign-up new user account",
            "result": {
              "status": "passed",
              "duration": 22237000000
            }
          },
          {
            "arguments": [],
            "keyword": "And ",
            "line": 80,
            "name": "Should redirect to profile page",
            "result": {
              "status": "passed",
              "duration": 28000000
            }
          },
          {
            "arguments": [],
            "keyword": "And ",
            "line": 81,
            "name": "Logout from the account",
            "result": {
              "status": "failed",
              "error_message": "AssertionError: Timed out retrying after 100000ms: Expected to find element: `[data-testid=LogoutIcon]`, but never found it.\n    at Context.eval (https://app.staging.rebelbase.co/__cypress/tests?p=cypress\\integration\\cucumber-test\\Login.feature:296:6)\n    at Context.resolveAndRunStepDefinition (https://app.staging.rebelbase.co/__cypress/tests?p=cypress\\integration\\cucumber-test\\Login.feature:13129:29)\n    at Context.eval (https://app.staging.rebelbase.co/__cypress/tests?p=cypress\\integration\\cucumber-test\\Login.feature:12450:35)"
            }
          },
          {
            "arguments": [],
            "keyword": "And ",
            "line": 82,
            "name": "Login to the same account",
            "result": {
              "status": "skipped"
            }
          },
          {
            "arguments": [],
            "keyword": "Then ",
            "line": 83,
            "name": "Should show tell-up about yourself",
            "result": {
              "status": "skipped"
            }
          }
        ]
      },
      {
        "id": "login;fails-to-access-protected-resource",
        "keyword": "Scenario",
        "line": 85,
        "name": "Fails to access protected resource",
        "tags": [],
        "type": "scenario",
        "steps": [
          {
            "arguments": [],
            "keyword": "Given ",
            "line": 86,
            "name": "Make API request verify response",
            "result": {
              "status": "passed",
              "duration": 1387000000
            }
          }
        ]
      },
      {
        "id": "login;autofill-email-address-if-exist-in-url,-existing-user-log-in-and-accept-invitation-[loginflowtest]",
        "keyword": "Scenario",
        "line": 88,
        "name": "Autofill email address if exist in url, existing user log in and accept invitation [loginFlowTest]",
        "tags": [],
        "type": "scenario",
        "steps": [
          {
            "arguments": [],
            "keyword": "Given ",
            "line": 89,
            "name": "Login into rebelbase account",
            "result": {
              "status": "passed",
              "duration": 8878000000
            }
          },
          {
            "arguments": [],
            "keyword": "When ",
            "line": 90,
            "name": "Invite team member",
            "result": {
              "status": "passed",
              "duration": 26217000000
            }
          },
          {
            "arguments": [],
            "keyword": "And ",
            "line": 91,
            "name": "Logout from account",
            "result": {
              "status": "passed",
              "duration": 3123000000
            }
          },
          {
            "arguments": [],
            "keyword": "And ",
            "line": 92,
            "name": "Verify token is received",
            "result": {
              "status": "failed",
              "error_message": "AssertionError: Found link!: expected false to be true\n    at Context.eval (https://app.staging.rebelbase.co/__cypress/tests?p=cypress\\integration\\cucumber-test\\Login.feature:359:12)"
            }
          },
          {
            "arguments": [],
            "keyword": "Then ",
            "line": 93,
            "name": "Accept project invitation",
            "result": {
              "status": "skipped"
            }
          }
        ]
      },
      {
        "id": "login;project-invitation-from-support-member",
        "keyword": "Scenario",
        "line": 95,
        "name": "Project invitation from support member",
        "tags": [],
        "type": "scenario",
        "steps": [
          {
            "arguments": [],
            "keyword": "Given ",
            "line": 96,
            "name": "login to account",
            "result": {
              "status": "passed",
              "duration": 7128000000
            }
          },
          {
            "arguments": [],
            "keyword": "When ",
            "line": 97,
            "name": "Send support member invitation",
            "result": {
              "status": "passed",
              "duration": 31822000000
            }
          },
          {
            "arguments": [],
            "keyword": "And ",
            "line": 98,
            "name": "Verify user token",
            "result": {
              "status": "failed",
              "error_message": "AssertionError: Found link!: expected false to be true\n    at Context.eval (https://app.staging.rebelbase.co/__cypress/tests?p=cypress\\integration\\cucumber-test\\Login.feature:412:12)"
            }
          },
          {
            "arguments": [],
            "keyword": "Then ",
            "line": 99,
            "name": "Accept support member invitaion",
            "result": {
              "status": "skipped"
            }
          }
        ]
      },
      {
        "id": "login;autofill-email-address-if-exist-in-url,-log-in-and-accept-hub-invitation-[loginflowtest]",
        "keyword": "Scenario",
        "line": 101,
        "name": "Autofill email address if exist in url, log in and accept hub invitation [loginFlowTest]",
        "tags": [],
        "type": "scenario",
        "steps": [
          {
            "arguments": [],
            "keyword": "Given ",
            "line": 102,
            "name": "Create new user account",
            "result": {
              "status": "passed",
              "duration": 24553000000
            }
          },
          {
            "arguments": [],
            "keyword": "When ",
            "line": 103,
            "name": "Select location for user",
            "result": {
              "status": "failed",
              "error_message": "AssertionError: Timed out retrying after 100000ms: Expected to find element: `#-google-places-autocomplete-input`, but never found it.\n    at Context.eval (https://app.staging.rebelbase.co/__cypress/tests?p=cypress\\integration\\cucumber-test\\Login.feature:453:6)\n    at Context.resolveAndRunStepDefinition (https://app.staging.rebelbase.co/__cypress/tests?p=cypress\\integration\\cucumber-test\\Login.feature:13129:29)\n    at Context.eval (https://app.staging.rebelbase.co/__cypress/tests?p=cypress\\integration\\cucumber-test\\Login.feature:12450:35)"
            }
          },
          {
            "arguments": [],
            "keyword": "Then ",
            "line": 104,
            "name": "Accept new project invitation",
            "result": {
              "status": "skipped"
            }
          }
        ]
      }
    ]
  }
]