[
  {
    "keyword": "Feature",
    "name": "Login",
    "line": 1,
    "id": "login",
    "tags": [],
    "uri": "Login.feature",
    "elements": [
      {
        "id": "login;autofill-email-address-if-exist-in-url,-existing-user-log-in-and-accept-invitation",
        "keyword": "Scenario",
        "line": 88,
        "name": "Autofill email address if exist in url, existing user log in and accept invitation",
        "tags": [],
        "type": "scenario",
        "steps": [
          {
            "arguments": [],
            "keyword": "Given ",
            "line": 89,
            "name": "Login into rebelbase account",
            "result": {
              "status": "passed",
              "duration": 4884000000
            }
          },
          {
            "arguments": [],
            "keyword": "When ",
            "line": 90,
            "name": "Invite team member",
            "result": {
              "status": "passed",
              "duration": 20576000000
            }
          },
          {
            "arguments": [],
            "keyword": "And ",
            "line": 91,
            "name": "Logout from account",
            "result": {
              "status": "passed",
              "duration": 1577000000
            }
          },
          {
            "arguments": [],
            "keyword": "And ",
            "line": 92,
            "name": "Verify token is received",
            "result": {
              "status": "failed",
              "duration": 231000000,
              "error_message": "CypressError: `cy.task('gmail:get-messages')` failed with the following error:\n\nThe task 'gmail:get-messages' returned undefined. You must return a value, null, or a promise that resolves to a value or null to indicate that the task was handled.\n\nThe task handler was:\n\nasync args => {\r\n      const messages = await gmail_tester.get_messages(\r\n        path.resolve(__dirname, \"credentials.json\"),\r\n        path.resolve(__dirname, \"token.json\"),\r\n        args.options\r\n      );\r\n      console.log(messages);\r\n      return messages;\r\n    }\n\nFix this in your setupNodeEvents method here:\nC:\\Users\\ALMIGHTY\\CypressAutomation\\RebelBase\\cypress.config.js\n    at https://app.dev.rebelbase.co/__cypress/runner/cypress_runner.js:160145:80\nFrom previous event:\n    at Context.task (https://app.dev.rebelbase.co/__cypress/runner/cypress_runner.js:160136:15)\nFrom Your Spec Code:\n    at Context.eval (https://app.dev.rebelbase.co/__cypress/tests?p=cypress\\integration\\cucumber-test\\Login.feature:1622:6)\n    at Context.resolveAndRunStepDefinition (https://app.dev.rebelbase.co/__cypress/tests?p=cypress\\integration\\cucumber-test\\Login.feature:14416:29)\n    at Context.eval (https://app.dev.rebelbase.co/__cypress/tests?p=cypress\\integration\\cucumber-test\\Login.feature:13737:35)"
            }
          },
          {
            "arguments": [],
            "keyword": "Then ",
            "line": 93,
            "name": "Accept project invitation",
            "result": {
              "status": "skipped"
            }
          }
        ]
      },
      {
        "id": "login;project-invitation-from-support-member",
        "keyword": "Scenario",
        "line": 95,
        "name": "Project invitation from support member",
        "tags": [
          {
            "name": "@TEST_CH-745",
            "line": 94
          }
        ],
        "type": "scenario",
        "steps": [
          {
            "arguments": [],
            "keyword": "Given ",
            "line": 96,
            "name": "login to account",
            "result": {
              "status": "passed",
              "duration": 4554000000
            }
          },
          {
            "arguments": [],
            "keyword": "When ",
            "line": 97,
            "name": "Send support member invitation",
            "result": {
              "status": "passed",
              "duration": 24085000000
            }
          },
          {
            "arguments": [],
            "keyword": "And ",
            "line": 98,
            "name": "Verify user token",
            "result": {
              "status": "failed",
              "error_message": "CypressError: `cy.task('gmail:get-messages')` failed with the following error:\n\nThe task 'gmail:get-messages' returned undefined. You must return a value, null, or a promise that resolves to a value or null to indicate that the task was handled.\n\nThe task handler was:\n\nasync args => {\r\n      const messages = await gmail_tester.get_messages(\r\n        path.resolve(__dirname, \"credentials.json\"),\r\n        path.resolve(__dirname, \"token.json\"),\r\n        args.options\r\n      );\r\n      console.log(messages);\r\n      return messages;\r\n    }\n\nFix this in your setupNodeEvents method here:\nC:\\Users\\ALMIGHTY\\CypressAutomation\\RebelBase\\cypress.config.js\n    at https://app.dev.rebelbase.co/__cypress/runner/cypress_runner.js:160145:80\nFrom previous event:\n    at Context.task (https://app.dev.rebelbase.co/__cypress/runner/cypress_runner.js:160136:15)\nFrom Your Spec Code:\n    at Context.eval (https://app.dev.rebelbase.co/__cypress/tests?p=cypress\\integration\\cucumber-test\\Login.feature:1675:6)\n    at Context.resolveAndRunStepDefinition (https://app.dev.rebelbase.co/__cypress/tests?p=cypress\\integration\\cucumber-test\\Login.feature:14416:29)\n    at Context.eval (https://app.dev.rebelbase.co/__cypress/tests?p=cypress\\integration\\cucumber-test\\Login.feature:13737:35)"
            }
          },
          {
            "arguments": [],
            "keyword": "Then ",
            "line": 99,
            "name": "Accept support member invitaion",
            "result": {
              "status": "skipped"
            }
          }
        ]
      },
      {
        "id": "login;autofill-email-address-if-exist-in-url,-log-in-and-accept-hub-invitation-[loginflowtest]",
        "keyword": "Scenario",
        "line": 101,
        "name": "Autofill email address if exist in url, log in and accept hub invitation [loginFlowTest]",
        "tags": [
          {
            "name": "@TEST_CH-1302",
            "line": 100
          }
        ],
        "type": "scenario",
        "steps": [
          {
            "arguments": [],
            "keyword": "Given ",
            "line": 102,
            "name": "Create new user account",
            "result": {
              "status": "passed",
              "duration": 11949000000
            }
          },
          {
            "arguments": [],
            "keyword": "When ",
            "line": 103,
            "name": "Select location for user",
            "result": {
              "status": "passed",
              "duration": 10084000000
            }
          },
          {
            "arguments": [],
            "keyword": "Then ",
            "line": 104,
            "name": "Accept new project invitation",
            "result": {
              "status": "failed",
              "error_message": "AssertionError: Timed out retrying after 100000ms: Expected to find element: `.hub__topHeader__dropdown__links`, but never found it.\n    at Context.eval (https://app.dev.rebelbase.co/__cypress/tests?p=cypress\\integration\\cucumber-test\\Login.feature:1744:6)\n    at Context.resolveAndRunStepDefinition (https://app.dev.rebelbase.co/__cypress/tests?p=cypress\\integration\\cucumber-test\\Login.feature:14416:29)\n    at Context.eval (https://app.dev.rebelbase.co/__cypress/tests?p=cypress\\integration\\cucumber-test\\Login.feature:13737:35)"
            }
          }
        ]
      }
    ]
  }
]