[
  {
    "keyword": "Feature",
    "name": "Permissions",
    "line": 1,
    "id": "permissions",
    "tags": [],
    "uri": "Permissions.feature",
    "elements": [
      {
        "id": "permissions;check-project-members-permissons",
        "keyword": "Scenario",
        "line": 11,
        "name": "Check project members permissons",
        "tags": [],
        "type": "scenario",
        "steps": [
          {
            "arguments": [],
            "keyword": "Given ",
            "line": 12,
            "name": "Login to the member account",
            "result": {
              "status": "skipped"
            }
          },
          {
            "arguments": [],
            "keyword": "When ",
            "line": 13,
            "name": "Changing basic settings",
            "result": {
              "status": "skipped"
            }
          },
          {
            "arguments": [],
            "keyword": "And ",
            "line": 14,
            "name": "Changing project setting",
            "result": {
              "status": "skipped"
            }
          },
          {
            "arguments": [],
            "keyword": "Then ",
            "line": 15,
            "name": "Invite user to team",
            "result": {
              "status": "skipped"
            }
          }
        ]
      },
      {
        "id": "permissions;check-rebelbase-members-permissons",
        "keyword": "Scenario",
        "line": 17,
        "name": "Check rebelbase members permissons",
        "tags": [],
        "type": "scenario",
        "steps": [
          {
            "arguments": [],
            "keyword": "Given ",
            "line": 18,
            "name": "Login to the Rebelbase member account",
            "result": {
              "status": "skipped"
            }
          },
          {
            "arguments": [],
            "keyword": "When ",
            "line": 19,
            "name": "Go to setting page",
            "result": {
              "status": "skipped"
            }
          },
          {
            "arguments": [],
            "keyword": "Then ",
            "line": 20,
            "name": "Check Rebelbase member permission",
            "result": {
              "status": "skipped"
            }
          }
        ]
      },
      {
        "id": "permissions;check-public-members-permissons",
        "keyword": "Scenario",
        "line": 22,
        "name": "Check public members permissons",
        "tags": [],
        "type": "scenario",
        "steps": [
          {
            "arguments": [],
            "keyword": "Given ",
            "line": 23,
            "name": "Go to project page",
            "result": {
              "status": "skipped"
            }
          },
          {
            "arguments": [],
            "keyword": "When ",
            "line": 24,
            "name": "Verify public member permission",
            "result": {
              "status": "skipped"
            }
          },
          {
            "arguments": [],
            "keyword": "Then ",
            "line": 25,
            "name": "Verify settings permission",
            "result": {
              "status": "skipped"
            }
          }
        ]
      },
      {
        "id": "permissions;check-hub-event-member-permissons",
        "keyword": "Scenario",
        "line": 27,
        "name": "Check Hub event member permissons",
        "tags": [],
        "type": "scenario",
        "steps": [
          {
            "arguments": [],
            "keyword": "Given ",
            "line": 28,
            "name": "Login to event member account",
            "result": {
              "status": "skipped"
            }
          },
          {
            "arguments": [],
            "keyword": "When ",
            "line": 29,
            "name": "Verify permission from settings",
            "result": {
              "status": "skipped"
            }
          },
          {
            "arguments": [],
            "keyword": "And ",
            "line": 30,
            "name": "Creating post",
            "result": {
              "status": "skipped"
            }
          },
          {
            "arguments": [],
            "keyword": "Then ",
            "line": 31,
            "name": "Edit post",
            "result": {
              "status": "skipped"
            }
          }
        ]
      },
      {
        "id": "permissions;check-hub-member-but-not-event-member-permissons",
        "keyword": "Scenario",
        "line": 33,
        "name": "Check Hub member but not event member permissons",
        "tags": [
          {
            "name": "@focus",
            "line": 32
          }
        ],
        "type": "scenario",
        "steps": [
          {
            "arguments": [],
            "keyword": "Given ",
            "line": 34,
            "name": "Login to hub member account",
            "result": {
              "status": "passed",
              "duration": 9284000000
            }
          },
          {
            "arguments": [],
            "keyword": "When ",
            "line": 35,
            "name": "Go to setting page",
            "result": {
              "status": "passed",
              "duration": 1661000000
            }
          },
          {
            "arguments": [],
            "keyword": "And ",
            "line": 36,
            "name": "Verify setting permission",
            "result": {
              "status": "passed",
              "duration": 3274000000
            }
          },
          {
            "arguments": [],
            "keyword": "And ",
            "line": 37,
            "name": "Creating post from hub",
            "result": {
              "status": "passed",
              "duration": 8069000000
            }
          },
          {
            "arguments": [],
            "keyword": "And ",
            "line": 38,
            "name": "Edit post",
            "result": {
              "status": "passed",
              "duration": 5457000000
            }
          },
          {
            "arguments": [],
            "keyword": "Then ",
            "line": 39,
            "name": "Verify permission from event page",
            "result": {
              "status": "passed",
              "duration": 10502000000
            }
          }
        ]
      },
      {
        "id": "permissions;logout-members-can-browse-projects,-open-profile-page-and-can-see-events-details",
        "keyword": "Scenario",
        "line": 41,
        "name": "Logout members can browse projects, open profile page and can see events details",
        "tags": [],
        "type": "scenario",
        "steps": [
          {
            "arguments": [],
            "keyword": "Given ",
            "line": 42,
            "name": "Go to project page and verify title",
            "result": {
              "status": "skipped"
            }
          },
          {
            "arguments": [],
            "keyword": "When ",
            "line": 43,
            "name": "Go to profile page and verify title",
            "result": {
              "status": "skipped"
            }
          },
          {
            "arguments": [],
            "keyword": "Then ",
            "line": 44,
            "name": "Verify event detail page",
            "result": {
              "status": "skipped"
            }
          }
        ]
      },
      {
        "id": "permissions;logout-members-cannot-able-to-see-activity,groups,brain,builders,hub,members",
        "keyword": "Scenario",
        "line": 46,
        "name": "Logout members cannot able to see activity,groups,brain,builders,hub,members",
        "tags": [],
        "type": "scenario",
        "steps": [
          {
            "arguments": [],
            "keyword": "Given ",
            "line": 47,
            "name": "Verify Activity page permission",
            "result": {
              "status": "skipped"
            }
          },
          {
            "arguments": [],
            "keyword": "When ",
            "line": 48,
            "name": "Verify brain page permission",
            "result": {
              "status": "skipped"
            }
          },
          {
            "arguments": [],
            "keyword": "And ",
            "line": 49,
            "name": "Verify builder permission",
            "result": {
              "status": "skipped"
            }
          },
          {
            "arguments": [],
            "keyword": "And ",
            "line": 50,
            "name": "Verify hub permission",
            "result": {
              "status": "skipped"
            }
          },
          {
            "arguments": [],
            "keyword": "Then ",
            "line": 51,
            "name": "Verify member permission",
            "result": {
              "status": "skipped"
            }
          }
        ]
      },
      {
        "id": "permissions;user-is-event-member-but-not-a-hub-member",
        "keyword": "Scenario",
        "line": 53,
        "name": "User is event member but not a hub member",
        "tags": [],
        "type": "scenario",
        "steps": [
          {
            "arguments": [],
            "keyword": "Given ",
            "line": 54,
            "name": "Login to the event member account",
            "result": {
              "status": "skipped"
            }
          },
          {
            "arguments": [],
            "keyword": "When ",
            "line": 55,
            "name": "Create project",
            "result": {
              "status": "skipped"
            }
          },
          {
            "arguments": [],
            "keyword": "And ",
            "line": 56,
            "name": "Send invitation",
            "result": {
              "status": "skipped"
            }
          },
          {
            "arguments": [],
            "keyword": "Then ",
            "line": 57,
            "name": "Go to setting page",
            "result": {
              "status": "skipped"
            }
          }
        ]
      }
    ]
  }
]