[
  {
    "keyword": "Feature",
    "name": "Permissions",
    "line": 1,
    "id": "permissions",
    "tags": [],
    "uri": "Permissions.feature",
    "elements": [
      {
        "id": "permissions;user-is-event-member-but-not-a-hub-member",
        "keyword": "Scenario",
        "line": 53,
        "name": "User is event member but not a hub member",
        "tags": [],
        "type": "scenario",
        "steps": [
          {
            "arguments": [],
            "keyword": "Given ",
            "line": 54,
            "name": "Login to the event member account",
            "result": {
              "status": "passed",
              "duration": 7774000000
            }
          },
          {
            "arguments": [],
            "keyword": "When ",
            "line": 55,
            "name": "Create project",
            "result": {
              "status": "passed",
              "duration": 19136000000
            }
          },
          {
            "arguments": [],
            "keyword": "And ",
            "line": 56,
            "name": "Send invitation",
            "result": {
              "status": "passed",
              "duration": 8085000000
            }
          },
          {
            "arguments": [],
            "keyword": "Then ",
            "line": 57,
            "name": "Go to setting page",
            "result": {
              "status": "passed",
              "duration": 7739000000
            }
          }
        ]
      }
    ]
  }
]