[
  {
    "keyword": "Feature",
    "name": "Product smoke test",
    "line": 1,
    "id": "product-smoke-test",
    "tags": [],
    "uri": "ProdSmokeTest.feature",
    "elements": [
      {
        "id": "product-smoke-test;login-application",
        "keyword": "Scenario",
        "line": 3,
        "name": "login application",
        "tags": [],
        "type": "scenario",
        "steps": [
          {
            "arguments": [],
            "keyword": "Given ",
            "line": 4,
            "name": "Visit Rebelbase production url",
            "result": {
              "status": "passed",
              "duration": 9211000000
            }
          },
          {
            "arguments": [],
            "keyword": "When ",
            "line": 5,
            "name": "Accept cookies",
            "result": {
              "status": "passed",
              "duration": 1524000000
            }
          },
          {
            "arguments": [],
            "keyword": "And ",
            "line": 6,
            "name": "Login to the rebelbase portal",
            "result": {
              "status": "passed",
              "duration": 15529000000
            }
          },
          {
            "arguments": [],
            "keyword": "Then ",
            "line": 7,
            "name": "Verify profile url",
            "result": {
              "status": "passed",
              "duration": 30000000
            }
          }
        ]
      },
      {
        "id": "product-smoke-test;create-project",
        "keyword": "Scenario",
        "line": 9,
        "name": "Create project",
        "tags": [],
        "type": "scenario",
        "steps": [
          {
            "arguments": [],
            "keyword": "Given ",
            "line": 10,
            "name": "Visit Rebelbase production url",
            "result": {
              "status": "passed",
              "duration": 11389000000
            }
          },
          {
            "arguments": [],
            "keyword": "When ",
            "line": 11,
            "name": "Accept cookies",
            "result": {
              "status": "passed",
              "duration": 1516000000
            }
          },
          {
            "arguments": [],
            "keyword": "And ",
            "line": 12,
            "name": "Login to the rebelbase portal",
            "result": {
              "status": "passed",
              "duration": 11056000000
            }
          },
          {
            "arguments": [],
            "keyword": "And ",
            "line": 13,
            "name": "Visit Create project page through url",
            "result": {
              "status": "passed",
              "duration": 4651000000
            }
          },
          {
            "arguments": [],
            "keyword": "Then ",
            "line": 14,
            "name": "Create project",
            "result": {
              "status": "passed",
              "duration": 37101000000
            }
          }
        ]
      },
      {
        "id": "product-smoke-test;create-group",
        "keyword": "Scenario",
        "line": 16,
        "name": "Create Group",
        "tags": [],
        "type": "scenario",
        "steps": [
          {
            "arguments": [],
            "keyword": "Given ",
            "line": 17,
            "name": "Visit Rebelbase production url",
            "result": {
              "status": "passed",
              "duration": 6166000000
            }
          },
          {
            "arguments": [],
            "keyword": "When ",
            "line": 18,
            "name": "Accept cookies",
            "result": {
              "status": "passed",
              "duration": 1518000000
            }
          },
          {
            "arguments": [],
            "keyword": "And ",
            "line": 19,
            "name": "Login to the rebelbase portal",
            "result": {
              "status": "passed",
              "duration": 9175000000
            }
          },
          {
            "arguments": [],
            "keyword": "And ",
            "line": 20,
            "name": "Go to group page",
            "result": {
              "status": "passed",
              "duration": 11612000000
            }
          },
          {
            "arguments": [],
            "keyword": "And ",
            "line": 21,
            "name": "Create group",
            "result": {
              "status": "passed",
              "duration": 8850000000
            }
          },
          {
            "arguments": [],
            "keyword": "And ",
            "line": 22,
            "name": "Verify group name",
            "result": {
              "status": "passed",
              "duration": 950000000
            }
          },
          {
            "arguments": [],
            "keyword": "And ",
            "line": 23,
            "name": "Visit group page through url",
            "result": {
              "status": "passed",
              "duration": 14018000000
            }
          },
          {
            "arguments": [],
            "keyword": "Then ",
            "line": 24,
            "name": "Delete group",
            "result": {
              "status": "passed",
              "duration": 7930000000
            }
          }
        ]
      },
      {
        "id": "product-smoke-test;add-activity",
        "keyword": "Scenario",
        "line": 26,
        "name": "Add Activity",
        "tags": [],
        "type": "scenario",
        "steps": [
          {
            "arguments": [],
            "keyword": "Given ",
            "line": 27,
            "name": "Visit Rebelbase production url",
            "result": {
              "status": "passed",
              "duration": 6291000000
            }
          },
          {
            "arguments": [],
            "keyword": "When ",
            "line": 28,
            "name": "Accept cookies",
            "result": {
              "status": "passed",
              "duration": 1525000000
            }
          },
          {
            "arguments": [],
            "keyword": "And ",
            "line": 29,
            "name": "Login to the rebelbase portal",
            "result": {
              "status": "passed",
              "duration": 9687000000
            }
          },
          {
            "arguments": [],
            "keyword": "And ",
            "line": 30,
            "name": "Go to activity page",
            "result": {
              "status": "passed",
              "duration": 13900000000
            }
          },
          {
            "arguments": [],
            "keyword": "Then ",
            "line": 31,
            "name": "Create post",
            "result": {
              "status": "passed",
              "duration": 8793000000
            }
          }
        ]
      },
      {
        "id": "product-smoke-test;create-event",
        "keyword": "Scenario",
        "line": 33,
        "name": "Create event",
        "tags": [],
        "type": "scenario",
        "steps": [
          {
            "arguments": [],
            "keyword": "Given ",
            "line": 34,
            "name": "Visit Rebelbase production url",
            "result": {
              "status": "passed",
              "duration": 6512000000
            }
          },
          {
            "arguments": [],
            "keyword": "When ",
            "line": 35,
            "name": "Accept cookies",
            "result": {
              "status": "passed",
              "duration": 1529000000
            }
          },
          {
            "arguments": [],
            "keyword": "And ",
            "line": 36,
            "name": "Login to the rebelbase portal",
            "result": {
              "status": "passed",
              "duration": 9349000000
            }
          },
          {
            "arguments": [],
            "keyword": "And ",
            "line": 37,
            "name": "Go to the Event page",
            "result": {
              "status": "passed",
              "duration": 15472000000
            }
          },
          {
            "arguments": [],
            "keyword": "And ",
            "line": 38,
            "name": "Create new event",
            "result": {
              "status": "passed",
              "duration": 34522000000
            }
          },
          {
            "arguments": [],
            "keyword": "Then ",
            "line": 39,
            "name": "Logout from account",
            "result": {
              "status": "passed",
              "duration": 3605000000
            }
          }
        ]
      },
      {
        "id": "product-smoke-test;signup-application-and-logout",
        "keyword": "Scenario",
        "line": 41,
        "name": "Signup application and logout",
        "tags": [],
        "type": "scenario",
        "steps": [
          {
            "arguments": [],
            "keyword": "Given ",
            "line": 42,
            "name": "User is on signup page",
            "result": {
              "status": "passed",
              "duration": 7687000000
            }
          },
          {
            "arguments": [],
            "keyword": "When ",
            "line": 43,
            "name": "clicked on signup button and add details",
            "result": {
              "status": "passed",
              "duration": 22837000000
            }
          },
          {
            "arguments": [],
            "keyword": "And ",
            "line": 44,
            "name": "User clicks on signup button",
            "result": {
              "status": "passed",
              "duration": 1649000000
            }
          },
          {
            "arguments": [],
            "keyword": "And ",
            "line": 45,
            "name": "new User is able to sign up successfully",
            "result": {
              "status": "passed",
              "duration": 11887000000
            }
          },
          {
            "arguments": [],
            "keyword": "Then ",
            "line": 46,
            "name": "Logout from account",
            "result": {
              "status": "passed",
              "duration": 3087000000
            }
          }
        ]
      }
    ]
  }
]