[
  {
    "keyword": "Feature",
    "name": "Project profile",
    "line": 1,
    "id": "project-profile",
    "tags": [],
    "uri": "ProjectProfile.feature",
    "elements": [
      {
        "id": "project-profile;login-and-go-to-project-page",
        "keyword": "Scenario",
        "line": 4,
        "name": "Login and go to project page",
        "tags": [
          {
            "name": "@TEST_CH-718",
            "line": 3
          }
        ],
        "type": "scenario",
        "steps": [
          {
            "arguments": [],
            "keyword": "Given ",
            "line": 5,
            "name": "Login to the rebelbase portal and verify cookies",
            "result": {
              "status": "skipped"
            }
          },
          {
            "arguments": [],
            "keyword": "When ",
            "line": 6,
            "name": "Go to project page",
            "result": {
              "status": "skipped"
            }
          },
          {
            "arguments": [],
            "keyword": "Then ",
            "line": 7,
            "name": "Verify project title",
            "result": {
              "status": "skipped"
            }
          }
        ]
      },
      {
        "id": "project-profile;edit-description-of-project",
        "keyword": "Scenario",
        "line": 10,
        "name": "Edit description of project",
        "tags": [
          {
            "name": "@TEST_CH-719",
            "line": 9
          }
        ],
        "type": "scenario",
        "steps": [
          {
            "arguments": [],
            "keyword": "Given ",
            "line": 11,
            "name": "Login to rebel base portal and verify cookies",
            "result": {
              "status": "skipped"
            }
          },
          {
            "arguments": [],
            "keyword": "When ",
            "line": 12,
            "name": "Go to project page",
            "result": {
              "status": "skipped"
            }
          },
          {
            "arguments": [],
            "keyword": "And ",
            "line": 13,
            "name": "Verify warning message",
            "result": {
              "status": "skipped"
            }
          },
          {
            "arguments": [],
            "keyword": "Then ",
            "line": 14,
            "name": "Change description",
            "result": {
              "status": "skipped"
            }
          }
        ]
      },
      {
        "id": "project-profile;open-logo-modal-on-project-page",
        "keyword": "Scenario",
        "line": 17,
        "name": "Open logo modal on project page",
        "tags": [
          {
            "name": "@TEST_CH-720",
            "line": 16
          }
        ],
        "type": "scenario",
        "steps": [
          {
            "arguments": [],
            "keyword": "Given ",
            "line": 18,
            "name": "Login to rebel base portal and verify cookies",
            "result": {
              "status": "skipped"
            }
          },
          {
            "arguments": [],
            "keyword": "When ",
            "line": 19,
            "name": "Go to project page",
            "result": {
              "status": "skipped"
            }
          },
          {
            "arguments": [],
            "keyword": "Then ",
            "line": 20,
            "name": "Open project logo model",
            "result": {
              "status": "skipped"
            }
          }
        ]
      },
      {
        "id": "project-profile;change-logo,-add-image-file-on-project-page",
        "keyword": "Scenario",
        "line": 23,
        "name": "Change logo, add image file on project page",
        "tags": [
          {
            "name": "@TEST_CH-1303",
            "line": 22
          }
        ],
        "type": "scenario",
        "steps": [
          {
            "arguments": [],
            "keyword": "Given ",
            "line": 24,
            "name": "Login to rebel base portal and verify cookies",
            "result": {
              "status": "skipped"
            }
          },
          {
            "arguments": [],
            "keyword": "When ",
            "line": 25,
            "name": "Go to project page",
            "result": {
              "status": "skipped"
            }
          },
          {
            "arguments": [],
            "keyword": "And ",
            "line": 26,
            "name": "Change project logo",
            "result": {
              "status": "skipped"
            }
          },
          {
            "arguments": [],
            "keyword": "Then ",
            "line": 27,
            "name": "Verify project logo changed successfully",
            "result": {
              "status": "skipped"
            }
          }
        ]
      },
      {
        "id": "project-profile;open-backdrop-modal-on-project-page",
        "keyword": "Scenario",
        "line": 30,
        "name": "Open backdrop modal on project page",
        "tags": [
          {
            "name": "@TEST_CH-721",
            "line": 29
          }
        ],
        "type": "scenario",
        "steps": [
          {
            "arguments": [],
            "keyword": "Given ",
            "line": 31,
            "name": "Login to rebel base portal and verify cookies",
            "result": {
              "status": "skipped"
            }
          },
          {
            "arguments": [],
            "keyword": "When ",
            "line": 32,
            "name": "Go to project page",
            "result": {
              "status": "skipped"
            }
          },
          {
            "arguments": [],
            "keyword": "Then ",
            "line": 33,
            "name": "Verify warning message when no logo selected",
            "result": {
              "status": "skipped"
            }
          }
        ]
      },
      {
        "id": "project-profile;edit-about-of-project-page",
        "keyword": "Scenario",
        "line": 36,
        "name": "Edit about of project page",
        "tags": [
          {
            "name": "@TEST_CH-722",
            "line": 35
          }
        ],
        "type": "scenario",
        "steps": [
          {
            "arguments": [],
            "keyword": "Given ",
            "line": 37,
            "name": "Login to rebel base portal and verify cookies",
            "result": {
              "status": "skipped"
            }
          },
          {
            "arguments": [],
            "keyword": "When ",
            "line": 38,
            "name": "Go to project page",
            "result": {
              "status": "skipped"
            }
          },
          {
            "arguments": [],
            "keyword": "And ",
            "line": 39,
            "name": "Clear about field and save it",
            "result": {
              "status": "skipped"
            }
          },
          {
            "arguments": [],
            "keyword": "And ",
            "line": 40,
            "name": "Close about without saving it should show warning",
            "result": {
              "status": "skipped"
            }
          },
          {
            "arguments": [],
            "keyword": "Then ",
            "line": 41,
            "name": "Add data in about field",
            "result": {
              "status": "skipped"
            }
          }
        ]
      },
      {
        "id": "project-profile;other-user's-should-not-be-able-to-edit-anything-on-project-page",
        "keyword": "Scenario",
        "line": 44,
        "name": "Other User's should not be able to edit anything on project page",
        "tags": [
          {
            "name": "@TEST_CH-723",
            "line": 43
          }
        ],
        "type": "scenario",
        "steps": [
          {
            "arguments": [],
            "keyword": "Given ",
            "line": 45,
            "name": "Login to supporter account",
            "result": {
              "status": "skipped"
            }
          },
          {
            "arguments": [],
            "keyword": "When ",
            "line": 46,
            "name": "Verify profile and cookies",
            "result": {
              "status": "skipped"
            }
          },
          {
            "arguments": [],
            "keyword": "And ",
            "line": 47,
            "name": "Go to project page and verify project title",
            "result": {
              "status": "skipped"
            }
          },
          {
            "arguments": [],
            "keyword": "Then ",
            "line": 48,
            "name": "Verify orther user permission",
            "result": {
              "status": "skipped"
            }
          }
        ]
      },
      {
        "id": "project-profile;supporter's-should-only-be-able-to-edit-his-title-and-see-setting's-page-on-project-page",
        "keyword": "Scenario",
        "line": 51,
        "name": "Supporter's should only be able to edit his title and see setting's page on project page",
        "tags": [
          {
            "name": "@TEST_CH-724",
            "line": 50
          }
        ],
        "type": "scenario",
        "steps": [
          {
            "arguments": [],
            "keyword": "Given ",
            "line": 52,
            "name": "Login to supporter account",
            "result": {
              "status": "skipped"
            }
          },
          {
            "arguments": [],
            "keyword": "When ",
            "line": 53,
            "name": "Verify profile and cookies",
            "result": {
              "status": "skipped"
            }
          },
          {
            "arguments": [],
            "keyword": "And ",
            "line": 54,
            "name": "Go to project page and verify project title",
            "result": {
              "status": "skipped"
            }
          },
          {
            "arguments": [],
            "keyword": "Then ",
            "line": 55,
            "name": "Verify title, team and advisors edit permission",
            "result": {
              "status": "skipped"
            }
          }
        ]
      },
      {
        "id": "project-profile;member's-should-be-able-to-view-and-edit-everything-on-project-page-except-title-of-other-team-meamber's",
        "keyword": "Scenario",
        "line": 58,
        "name": "Member's should be able to view and edit everything on project page except title of other team meamber's",
        "tags": [
          {
            "name": "@TEST_CH-725",
            "line": 57
          }
        ],
        "type": "scenario",
        "steps": [
          {
            "arguments": [],
            "keyword": "Given ",
            "line": 59,
            "name": "Login to member account",
            "result": {
              "status": "skipped"
            }
          },
          {
            "arguments": [],
            "keyword": "When ",
            "line": 60,
            "name": "Verify profile url and cookies",
            "result": {
              "status": "skipped"
            }
          },
          {
            "arguments": [],
            "keyword": "And ",
            "line": 61,
            "name": "Go to project page and verify project title",
            "result": {
              "status": "skipped"
            }
          },
          {
            "arguments": [],
            "keyword": "And ",
            "line": 62,
            "name": "Check all the edit pen exist",
            "result": {
              "status": "skipped"
            }
          },
          {
            "arguments": [],
            "keyword": "And ",
            "line": 63,
            "name": "Clear title and change it",
            "result": {
              "status": "skipped"
            }
          },
          {
            "arguments": [],
            "keyword": "Then ",
            "line": 64,
            "name": "Details permission field for all answer is visible",
            "result": {
              "status": "skipped"
            }
          }
        ]
      },
      {
        "id": "project-profile;teammates-should-be-able-to-see-all-the-builder's",
        "keyword": "Scenario",
        "line": 67,
        "name": "Teammates should be able to see all the builder's",
        "tags": [
          {
            "name": "@TEST_CH-726",
            "line": 66
          }
        ],
        "type": "scenario",
        "steps": [
          {
            "arguments": [],
            "keyword": "Given ",
            "line": 68,
            "name": "Login to the rebelbase portal and verify cookies",
            "result": {
              "status": "skipped"
            }
          },
          {
            "arguments": [],
            "keyword": "When ",
            "line": 69,
            "name": "Go to project page and verify project title",
            "result": {
              "status": "skipped"
            }
          },
          {
            "arguments": [],
            "keyword": "Then ",
            "line": 70,
            "name": "Verify All the builder's are visible irrespective of permission level's",
            "result": {
              "status": "skipped"
            }
          }
        ]
      },
      {
        "id": "project-profile;if-user-is-part-of-hub-then-he-should-be-able-to-see-builder's-which-have-permission-level-for-everyone-as-well-as-for-hub,-events-and-groups",
        "keyword": "Scenario",
        "line": 73,
        "name": "If user is part of hub then he should be able to see builder's which have permission level for everyone as well as for hub, events and groups",
        "tags": [
          {
            "name": "@TEST_CH-727",
            "line": 72
          }
        ],
        "type": "scenario",
        "steps": [
          {
            "arguments": [],
            "keyword": "Given ",
            "line": 74,
            "name": "Login to event member account",
            "result": {
              "status": "skipped"
            }
          },
          {
            "arguments": [],
            "keyword": "When ",
            "line": 75,
            "name": "Verify cookies",
            "result": {
              "status": "skipped"
            }
          },
          {
            "arguments": [],
            "keyword": "And ",
            "line": 76,
            "name": "Go to project page and verify project title",
            "result": {
              "status": "skipped"
            }
          },
          {
            "arguments": [],
            "keyword": "Then ",
            "line": 77,
            "name": "Verify permission",
            "result": {
              "status": "skipped"
            }
          }
        ]
      },
      {
        "id": "project-profile;if-user-is-part-of-event-then-he-should-be-able-to-see-builder's-which-have-permission-level-for-everyone,-for-events-and-for-hub,-events-and-groups",
        "keyword": "Scenario",
        "line": 80,
        "name": "If user is part of event then he should be able to see builder's which have permission level for everyone, for events and for hub, events and groups",
        "tags": [
          {
            "name": "@TEST_CH-728",
            "line": 79
          }
        ],
        "type": "scenario",
        "steps": [
          {
            "arguments": [],
            "keyword": "Given ",
            "line": 81,
            "name": "Login to event member account",
            "result": {
              "status": "skipped"
            }
          },
          {
            "arguments": [],
            "keyword": "When ",
            "line": 82,
            "name": "Verify profile",
            "result": {
              "status": "skipped"
            }
          },
          {
            "arguments": [],
            "keyword": "And ",
            "line": 83,
            "name": "Go to project page and verify project title",
            "result": {
              "status": "skipped"
            }
          },
          {
            "arguments": [],
            "keyword": "Then ",
            "line": 84,
            "name": "Verify project permission",
            "result": {
              "status": "skipped"
            }
          }
        ]
      },
      {
        "id": "project-profile;other-user's-should-not-be-able-to-see-builder's-page-of-project's-they-are-not-part-of",
        "keyword": "Scenario",
        "line": 87,
        "name": "Other user's should not be able to see builder's page of project's they are not part of",
        "tags": [
          {
            "name": "@TEST_CH-729",
            "line": 86
          },
          {
            "name": "@focus",
            "line": 86
          }
        ],
        "type": "scenario",
        "steps": [
          {
            "arguments": [],
            "keyword": "Given ",
            "line": 88,
            "name": "Login to rebelbase portal and verify cookies",
            "result": {
              "status": "passed",
              "duration": 7255000000
            }
          },
          {
            "arguments": [],
            "keyword": "When ",
            "line": 89,
            "name": "Go to respective project page",
            "result": {
              "status": "passed",
              "duration": 4363000000
            }
          },
          {
            "arguments": [],
            "keyword": "And ",
            "line": 90,
            "name": "Verify title",
            "result": {
              "status": "passed",
              "duration": 16365000000
            }
          },
          {
            "arguments": [],
            "keyword": "Then ",
            "line": 91,
            "name": "Go to project's builder page and verify permission",
            "result": {
              "status": "failed",
              "error_message": "AssertionError: Timed out retrying after 100000ms: Expected to find element: `.noPermission`, but never found it.\n    at Context.eval (https://app.dev.rebelbase.co/__cypress/tests?p=cypress\\integration\\cucumber-test\\ProjectProfile.feature:433:6)\n    at Context.resolveAndRunStepDefinition (https://app.dev.rebelbase.co/__cypress/tests?p=cypress\\integration\\cucumber-test\\ProjectProfile.feature:13886:29)\n    at Context.eval (https://app.dev.rebelbase.co/__cypress/tests?p=cypress\\integration\\cucumber-test\\ProjectProfile.feature:13207:35)"
            }
          }
        ]
      },
      {
        "id": "project-profile;other-user's-should-only-be-able-to-see-answer's-with-permission-level-for-everyone",
        "keyword": "Scenario",
        "line": 95,
        "name": "Other user's should only be able to see answer's with permission level for everyone",
        "tags": [
          {
            "name": "@TEST_CH-730",
            "line": 93
          },
          {
            "name": "@focus",
            "line": 93
          }
        ],
        "type": "scenario",
        "steps": [
          {
            "arguments": [],
            "keyword": "Given ",
            "line": 96,
            "name": "Login to rebelbase portal",
            "result": {
              "status": "passed",
              "duration": 6279000000
            }
          },
          {
            "arguments": [],
            "keyword": "When ",
            "line": 97,
            "name": "Verify profile, cookies",
            "result": {
              "status": "passed",
              "duration": 110000000
            }
          },
          {
            "arguments": [],
            "keyword": "And ",
            "line": 98,
            "name": "Go to project page and verify project title",
            "result": {
              "status": "passed",
              "duration": 11951000000
            }
          },
          {
            "arguments": [],
            "keyword": "Then ",
            "line": 99,
            "name": "Verify permission for project",
            "result": {
              "status": "passed",
              "duration": 1446000000
            }
          }
        ]
      },
      {
        "id": "project-profile;logged-out-user's-should-not-be-able-to-edit-anything",
        "keyword": "Scenario",
        "line": 102,
        "name": "Logged out user's should not be able to edit anything",
        "tags": [
          {
            "name": "@TEST_CH-731",
            "line": 101
          }
        ],
        "type": "scenario",
        "steps": [
          {
            "arguments": [],
            "keyword": "Given ",
            "line": 103,
            "name": "Go to browse page",
            "result": {
              "status": "skipped"
            }
          },
          {
            "arguments": [],
            "keyword": "When ",
            "line": 104,
            "name": "Verify url and href",
            "result": {
              "status": "skipped"
            }
          },
          {
            "arguments": [],
            "keyword": "Then ",
            "line": 105,
            "name": "Verify if any of the edit-pen exist on page",
            "result": {
              "status": "skipped"
            }
          }
        ]
      },
      {
        "id": "project-profile;logged-out-user's-should-only-be-able-to-see-builder's-with-permission-level-for-everyone",
        "keyword": "Scenario",
        "line": 108,
        "name": "Logged out user's should only be able to see builder's with permission level for everyone",
        "tags": [
          {
            "name": "@TEST_CH-732",
            "line": 107
          }
        ],
        "type": "scenario",
        "steps": [
          {
            "arguments": [],
            "keyword": "Given ",
            "line": 109,
            "name": "Visit project page on Rebelbase portal",
            "result": {
              "status": "skipped"
            }
          },
          {
            "arguments": [],
            "keyword": "When ",
            "line": 110,
            "name": "Verify project title",
            "result": {
              "status": "skipped"
            }
          },
          {
            "arguments": [],
            "keyword": "Then ",
            "line": 111,
            "name": "Verify permission from project page",
            "result": {
              "status": "skipped"
            }
          }
        ]
      },
      {
        "id": "project-profile;logged-out-user's-should-not-be-able-to-see-builder's-page",
        "keyword": "Scenario",
        "line": 114,
        "name": "Logged out user's should not be able to see builder's page",
        "tags": [
          {
            "name": "@TEST_CH-733",
            "line": 113
          }
        ],
        "type": "scenario",
        "steps": [
          {
            "arguments": [],
            "keyword": "Given ",
            "line": 115,
            "name": "Login to rebelbase portal",
            "result": {
              "status": "skipped"
            }
          },
          {
            "arguments": [],
            "keyword": "When ",
            "line": 116,
            "name": "Verify profile, logout from account",
            "result": {
              "status": "skipped"
            }
          },
          {
            "arguments": [],
            "keyword": "And ",
            "line": 117,
            "name": "Go to project and verify project title",
            "result": {
              "status": "skipped"
            }
          },
          {
            "arguments": [],
            "keyword": "Then ",
            "line": 118,
            "name": "Go to project's builder page and verify url",
            "result": {
              "status": "skipped"
            }
          }
        ]
      },
      {
        "id": "project-profile;logged-out-user's-should-not-be-able-to-give-kudos-and-notes-and-should-be-redirected-to-login/signup-page",
        "keyword": "Scenario",
        "line": 121,
        "name": "Logged out user's should not be able to give kudos and notes and should be redirected to login/signup page",
        "tags": [
          {
            "name": "@TEST_CH-734",
            "line": 120
          }
        ],
        "type": "scenario",
        "steps": [
          {
            "arguments": [],
            "keyword": "Given ",
            "line": 122,
            "name": "Visit project page and verify project title",
            "result": {
              "status": "skipped"
            }
          },
          {
            "arguments": [],
            "keyword": "When ",
            "line": 123,
            "name": "Redirect to login when clicked on kudos",
            "result": {
              "status": "skipped"
            }
          },
          {
            "arguments": [],
            "keyword": "And ",
            "line": 124,
            "name": "Show login link when click on notes and redirect to login page",
            "result": {
              "status": "skipped"
            }
          },
          {
            "arguments": [],
            "keyword": "Then ",
            "line": 125,
            "name": "Show sign up link when click on notes and redirect to sign up page",
            "result": {
              "status": "skipped"
            }
          }
        ]
      },
      {
        "id": "project-profile;teammates-should-not-be-able-to-give-kudos",
        "keyword": "Scenario",
        "line": 128,
        "name": "Teammates should not be able to give kudos",
        "tags": [
          {
            "name": "@TEST_CH-735",
            "line": 127
          }
        ],
        "type": "scenario",
        "steps": [
          {
            "arguments": [],
            "keyword": "Given ",
            "line": 129,
            "name": "Login to team mate member account",
            "result": {
              "status": "skipped"
            }
          },
          {
            "arguments": [],
            "keyword": "When ",
            "line": 130,
            "name": "Verify profile is as aspected and cookies",
            "result": {
              "status": "skipped"
            }
          },
          {
            "arguments": [],
            "keyword": "Then ",
            "line": 131,
            "name": "Go to project page and give kudos",
            "result": {
              "status": "skipped"
            }
          }
        ]
      },
      {
        "id": "project-profile;user's-can-remove-their-notes-but-not-other's",
        "keyword": "Scenario",
        "line": 134,
        "name": "User's can remove their notes but not other's",
        "tags": [
          {
            "name": "@TEST_CH-736",
            "line": 133
          }
        ],
        "type": "scenario",
        "steps": [
          {
            "arguments": [],
            "keyword": "Given ",
            "line": 135,
            "name": "Login to product portal",
            "result": {
              "status": "skipped"
            }
          },
          {
            "arguments": [],
            "keyword": "When ",
            "line": 136,
            "name": "Go to project page",
            "result": {
              "status": "skipped"
            }
          },
          {
            "arguments": [],
            "keyword": "And ",
            "line": 137,
            "name": "Add notes",
            "result": {
              "status": "skipped"
            }
          },
          {
            "arguments": [],
            "keyword": "Then ",
            "line": 138,
            "name": "Delete notes",
            "result": {
              "status": "skipped"
            }
          }
        ]
      },
      {
        "id": "project-profile;check-if-teammates-are-properly-populated-and-visible-on-ui",
        "keyword": "Scenario",
        "line": 141,
        "name": "Check if teammates are properly populated and visible on UI",
        "tags": [
          {
            "name": "@TEST_CH-737",
            "line": 140
          }
        ],
        "type": "scenario",
        "steps": [
          {
            "arguments": [],
            "keyword": "Given ",
            "line": 142,
            "name": "Verify team mate 1 is properly populate on UI",
            "result": {
              "status": "skipped"
            }
          },
          {
            "arguments": [],
            "keyword": "When ",
            "line": 143,
            "name": "Verify team mate 2 is properly populate on UI",
            "result": {
              "status": "skipped"
            }
          },
          {
            "arguments": [],
            "keyword": "Then ",
            "line": 144,
            "name": "Verify team mate 3 is properly populate on UI",
            "result": {
              "status": "skipped"
            }
          }
        ]
      },
      {
        "id": "project-profile;in-brief-section-if-we-open-different-business-cases-it-should-highlight-that-section",
        "keyword": "Scenario",
        "line": 147,
        "name": "in brief section if we open different business cases it should highlight that section",
        "tags": [
          {
            "name": "@TEST_CH-1304",
            "line": 146
          }
        ],
        "type": "scenario",
        "steps": [
          {
            "arguments": [],
            "keyword": "Given ",
            "line": 148,
            "name": "Login to rebelbase portal and verify cookies",
            "result": {
              "status": "skipped"
            }
          },
          {
            "arguments": [],
            "keyword": "When ",
            "line": 149,
            "name": "Go to project page and verify project title",
            "result": {
              "status": "skipped"
            }
          },
          {
            "arguments": [],
            "keyword": "Then ",
            "line": 150,
            "name": "Verify section is highlighting",
            "result": {
              "status": "skipped"
            }
          }
        ]
      },
      {
        "id": "project-profile;change-publish-setting-on-project-page-from-my-events-to-others-vice-versa",
        "keyword": "Scenario",
        "line": 153,
        "name": "Change publish setting on project page from my events to others vice versa",
        "tags": [
          {
            "name": "@TEST_CH-738",
            "line": 152
          }
        ],
        "type": "scenario",
        "steps": [
          {
            "arguments": [],
            "keyword": "Given ",
            "line": 154,
            "name": "Login to the rebelbase portal and verify cookies",
            "result": {
              "status": "skipped"
            }
          },
          {
            "arguments": [],
            "keyword": "When ",
            "line": 155,
            "name": "Go to project page and verify project title",
            "result": {
              "status": "skipped"
            }
          },
          {
            "arguments": [],
            "keyword": "And ",
            "line": 156,
            "name": "Change publish settings on project page from my event to others",
            "result": {
              "status": "skipped"
            }
          },
          {
            "arguments": [],
            "keyword": "Then ",
            "line": 157,
            "name": "Change publish settings on project page from other to my event",
            "result": {
              "status": "skipped"
            }
          }
        ]
      },
      {
        "id": "project-profile;open-team-member-profile-from-project-page",
        "keyword": "Scenario",
        "line": 160,
        "name": "Open team member profile from project page",
        "tags": [
          {
            "name": "@TEST_CH-739",
            "line": 159
          }
        ],
        "type": "scenario",
        "steps": [
          {
            "arguments": [],
            "keyword": "Given ",
            "line": 161,
            "name": "Login to rebelbase portal and verify cookies",
            "result": {
              "status": "skipped"
            }
          },
          {
            "arguments": [],
            "keyword": "When ",
            "line": 162,
            "name": "Go to project page and verify project title",
            "result": {
              "status": "skipped"
            }
          },
          {
            "arguments": [],
            "keyword": "Then ",
            "line": 163,
            "name": "Open team member profile from project page",
            "result": {
              "status": "skipped"
            }
          }
        ]
      },
      {
        "id": "project-profile;add-team-meber-from-project-page-by-edit-project-page",
        "keyword": "Scenario",
        "line": 166,
        "name": "Add team meber from project page by edit project page",
        "tags": [
          {
            "name": "@TEST_CH-740",
            "line": 165
          }
        ],
        "type": "scenario",
        "steps": [
          {
            "arguments": [],
            "keyword": "Given ",
            "line": 167,
            "name": "Login to rebelbase portal and verify cookies",
            "result": {
              "status": "skipped"
            }
          },
          {
            "arguments": [],
            "keyword": "When ",
            "line": 168,
            "name": "Go to project page and verify project title",
            "result": {
              "status": "skipped"
            }
          },
          {
            "arguments": [],
            "keyword": "And ",
            "line": 169,
            "name": "Go to setting page from project page",
            "result": {
              "status": "skipped"
            }
          },
          {
            "arguments": [],
            "keyword": "Then ",
            "line": 170,
            "name": "Invite team member",
            "result": {
              "status": "skipped"
            }
          }
        ]
      },
      {
        "id": "project-profile;resend-project-invitation-from-edit-project-page-and-from-invite-member-page",
        "keyword": "Scenario",
        "line": 173,
        "name": "Resend project invitation from edit project page and from invite member page",
        "tags": [
          {
            "name": "@TEST_CH-1305",
            "line": 172
          }
        ],
        "type": "scenario",
        "steps": [
          {
            "arguments": [],
            "keyword": "Given ",
            "line": 174,
            "name": "Login to rebelbase portal and verify cookies",
            "result": {
              "status": "skipped"
            }
          },
          {
            "arguments": [],
            "keyword": "When ",
            "line": 175,
            "name": "Go to project page and verify project title",
            "result": {
              "status": "skipped"
            }
          },
          {
            "arguments": [],
            "keyword": "And ",
            "line": 176,
            "name": "Go to setting page from project page",
            "result": {
              "status": "skipped"
            }
          },
          {
            "arguments": [],
            "keyword": "And ",
            "line": 177,
            "name": "Send a nudge and close model",
            "result": {
              "status": "skipped"
            }
          },
          {
            "arguments": [],
            "keyword": "Then ",
            "line": 178,
            "name": "Resend invitation from setting page",
            "result": {
              "status": "skipped"
            }
          }
        ]
      },
      {
        "id": "project-profile;default-project-should-open-when-dashboard-loads",
        "keyword": "Scenario",
        "line": 181,
        "name": "Default project should open when dashboard loads",
        "tags": [
          {
            "name": "@TEST_CH-742",
            "line": 180
          }
        ],
        "type": "scenario",
        "steps": [
          {
            "arguments": [],
            "keyword": "Given ",
            "line": 182,
            "name": "Login to rebelbase portal and verify cookies",
            "result": {
              "status": "skipped"
            }
          },
          {
            "arguments": [],
            "keyword": "When ",
            "line": 183,
            "name": "Go to project page and verify project title",
            "result": {
              "status": "skipped"
            }
          },
          {
            "arguments": [],
            "keyword": "Then ",
            "line": 184,
            "name": "Verify default project is open",
            "result": {
              "status": "skipped"
            }
          }
        ]
      },
      {
        "id": "project-profile;change-defualt-project-and-check-project-profile-should-open",
        "keyword": "Scenario",
        "line": 187,
        "name": "Change defualt project and check project profile should open",
        "tags": [
          {
            "name": "@TEST_CH-743",
            "line": 186
          }
        ],
        "type": "scenario",
        "steps": [
          {
            "arguments": [],
            "keyword": "Given ",
            "line": 188,
            "name": "Login to rebelbase portal and verify cookies",
            "result": {
              "status": "skipped"
            }
          },
          {
            "arguments": [],
            "keyword": "When ",
            "line": 189,
            "name": "Go to project page and verify project title",
            "result": {
              "status": "skipped"
            }
          },
          {
            "arguments": [],
            "keyword": "Then ",
            "line": 190,
            "name": "Change default project",
            "result": {
              "status": "skipped"
            }
          }
        ]
      },
      {
        "id": "project-profile;resend-project-invitation-from-edit-project-page",
        "keyword": "Scenario",
        "line": 193,
        "name": "Resend project invitation from edit project page",
        "tags": [
          {
            "name": "@TEST_CH-741",
            "line": 192
          }
        ],
        "type": "scenario",
        "steps": [
          {
            "arguments": [],
            "keyword": "Given ",
            "line": 194,
            "name": "Login to rebelbase portal and verify cookies",
            "result": {
              "status": "skipped"
            }
          },
          {
            "arguments": [],
            "keyword": "When ",
            "line": 195,
            "name": "Go to project page and verify project title",
            "result": {
              "status": "skipped"
            }
          },
          {
            "arguments": [],
            "keyword": "Then ",
            "line": 196,
            "name": "Resend project invitation from edit project page",
            "result": {
              "status": "skipped"
            }
          }
        ]
      },
      {
        "id": "project-profile;duplicate-users-in-team",
        "keyword": "Scenario",
        "line": 199,
        "name": "Duplicate users in team",
        "tags": [
          {
            "name": "@TEST_CH-1306",
            "line": 198
          }
        ],
        "type": "scenario",
        "steps": [
          {
            "arguments": [],
            "keyword": "Given ",
            "line": 200,
            "name": "Login to rebelbase portal",
            "result": {
              "status": "skipped"
            }
          },
          {
            "arguments": [],
            "keyword": "When ",
            "line": 201,
            "name": "Go to project builder page",
            "result": {
              "status": "skipped"
            }
          },
          {
            "arguments": [],
            "keyword": "And ",
            "line": 202,
            "name": "Go to project page",
            "result": {
              "status": "skipped"
            }
          },
          {
            "arguments": [],
            "keyword": "Then ",
            "line": 203,
            "name": "Check for duplicate email id",
            "result": {
              "status": "skipped"
            }
          }
        ]
      },
      {
        "id": "project-profile;profilepage",
        "keyword": "Scenario",
        "line": 206,
        "name": "Profilepage",
        "tags": [
          {
            "name": "@TEST_CH-692",
            "line": 205
          }
        ],
        "type": "scenario",
        "steps": [
          {
            "arguments": [],
            "keyword": "Given ",
            "line": 207,
            "name": "Login to rebelbase portal",
            "result": {
              "status": "skipped"
            }
          },
          {
            "arguments": [],
            "keyword": "When ",
            "line": 208,
            "name": "Edit about",
            "result": {
              "status": "skipped"
            }
          },
          {
            "arguments": [],
            "keyword": "And ",
            "line": 209,
            "name": "Add experience",
            "result": {
              "status": "skipped"
            }
          },
          {
            "arguments": [],
            "keyword": "And ",
            "line": 210,
            "name": "Edit experience",
            "result": {
              "status": "skipped"
            }
          },
          {
            "arguments": [],
            "keyword": "And ",
            "line": 211,
            "name": "Edit social media links",
            "result": {
              "status": "skipped"
            }
          },
          {
            "arguments": [],
            "keyword": "Then ",
            "line": 212,
            "name": "Create new project",
            "result": {
              "status": "skipped"
            }
          }
        ]
      },
      {
        "id": "project-profile;accpet-project-invitation-from-web-application",
        "keyword": "Scenario",
        "line": 214,
        "name": "Accpet project invitation from web application",
        "tags": [],
        "type": "scenario",
        "steps": [
          {
            "arguments": [],
            "keyword": "Given ",
            "line": 215,
            "name": "Login and verify cookies",
            "result": {
              "status": "skipped"
            }
          },
          {
            "arguments": [],
            "keyword": "When ",
            "line": 216,
            "name": "Create a project",
            "result": {
              "status": "skipped"
            }
          },
          {
            "arguments": [],
            "keyword": "And ",
            "line": 217,
            "name": "login to the member account",
            "result": {
              "status": "skipped"
            }
          },
          {
            "arguments": [],
            "keyword": "Then ",
            "line": 218,
            "name": "Accept project invitation",
            "result": {
              "status": "skipped"
            }
          }
        ]
      },
      {
        "id": "project-profile;decline-project-invitation",
        "keyword": "Scenario",
        "line": 220,
        "name": "Decline project invitation",
        "tags": [],
        "type": "scenario",
        "steps": [
          {
            "arguments": [],
            "keyword": "Given ",
            "line": 221,
            "name": "Login and verify cookies",
            "result": {
              "status": "skipped"
            }
          },
          {
            "arguments": [],
            "keyword": "When ",
            "line": 222,
            "name": "Create a project",
            "result": {
              "status": "skipped"
            }
          },
          {
            "arguments": [],
            "keyword": "And ",
            "line": 223,
            "name": "login to the member account",
            "result": {
              "status": "skipped"
            }
          },
          {
            "arguments": [],
            "keyword": "Then ",
            "line": 224,
            "name": "Decline project invitation",
            "result": {
              "status": "skipped"
            }
          }
        ]
      },
      {
        "id": "project-profile;check-support-member-should-not-receive-notification",
        "keyword": "Scenario",
        "line": 226,
        "name": "Check support member should not receive notification",
        "tags": [],
        "type": "scenario",
        "steps": [
          {
            "arguments": [],
            "keyword": "Given ",
            "line": 227,
            "name": "Login to username1 account and verify cookies",
            "result": {
              "status": "skipped"
            }
          },
          {
            "arguments": [],
            "keyword": "When ",
            "line": 228,
            "name": "Visit activity page",
            "result": {
              "status": "skipped"
            }
          },
          {
            "arguments": [],
            "keyword": "And ",
            "line": 229,
            "name": "Give kudos and reply to the post",
            "result": {
              "status": "skipped"
            }
          },
          {
            "arguments": [],
            "keyword": "Then ",
            "line": 230,
            "name": "Check support notification in support member account",
            "result": {
              "status": "skipped"
            }
          }
        ]
      }
    ]
  }
]