[
  {
    "keyword": "Feature",
    "name": "Project profile",
    "line": 1,
    "id": "project-profile",
    "tags": [],
    "uri": "ProjectProfile.feature",
    "elements": [
      {
        "id": "project-profile;login-and-go-to-project-page",
        "keyword": "Scenario",
        "line": 3,
        "name": "Login and go to project page",
        "tags": [
          {
            "name": "@TEST_CH-718",
            "line": 2
          }
        ],
        "type": "scenario",
        "steps": [
          {
            "arguments": [],
            "keyword": "Given ",
            "line": 4,
            "name": "Login to the rebelbase portal and verify cookies",
            "result": {
              "status": "skipped"
            }
          },
          {
            "arguments": [],
            "keyword": "When ",
            "line": 5,
            "name": "Go to project page",
            "result": {
              "status": "skipped"
            }
          },
          {
            "arguments": [],
            "keyword": "Then ",
            "line": 6,
            "name": "Verify project title",
            "result": {
              "status": "skipped"
            }
          }
        ]
      },
      {
        "id": "project-profile;edit-description-of-project",
        "keyword": "Scenario",
        "line": 8,
        "name": "Edit description of project",
        "tags": [
          {
            "name": "@TEST_CH-719",
            "line": 7
          }
        ],
        "type": "scenario",
        "steps": [
          {
            "arguments": [],
            "keyword": "Given ",
            "line": 9,
            "name": "Login to rebel base portal and verify cookies",
            "result": {
              "status": "skipped"
            }
          },
          {
            "arguments": [],
            "keyword": "When ",
            "line": 10,
            "name": "Go to project page",
            "result": {
              "status": "skipped"
            }
          },
          {
            "arguments": [],
            "keyword": "And ",
            "line": 11,
            "name": "Verify warning message",
            "result": {
              "status": "skipped"
            }
          },
          {
            "arguments": [],
            "keyword": "Then ",
            "line": 12,
            "name": "Change description",
            "result": {
              "status": "skipped"
            }
          }
        ]
      },
      {
        "id": "project-profile;open-logo-modal-on-project-page",
        "keyword": "Scenario",
        "line": 14,
        "name": "Open logo modal on project page",
        "tags": [
          {
            "name": "@TEST_CH-720",
            "line": 13
          }
        ],
        "type": "scenario",
        "steps": [
          {
            "arguments": [],
            "keyword": "Given ",
            "line": 15,
            "name": "Login to rebel base portal and verify cookies",
            "result": {
              "status": "skipped"
            }
          },
          {
            "arguments": [],
            "keyword": "When ",
            "line": 16,
            "name": "Go to project page",
            "result": {
              "status": "skipped"
            }
          },
          {
            "arguments": [],
            "keyword": "Then ",
            "line": 17,
            "name": "Open project logo model",
            "result": {
              "status": "skipped"
            }
          }
        ]
      },
      {
        "id": "project-profile;change-logo,-add-image-file-on-project-page",
        "keyword": "Scenario",
        "line": 19,
        "name": "Change logo, add image file on project page",
        "tags": [
          {
            "name": "@TEST_CH-1303",
            "line": 18
          }
        ],
        "type": "scenario",
        "steps": [
          {
            "arguments": [],
            "keyword": "Given ",
            "line": 20,
            "name": "Login to rebel base portal and verify cookies",
            "result": {
              "status": "skipped"
            }
          },
          {
            "arguments": [],
            "keyword": "When ",
            "line": 21,
            "name": "Go to project page",
            "result": {
              "status": "skipped"
            }
          },
          {
            "arguments": [],
            "keyword": "And ",
            "line": 22,
            "name": "Change project logo",
            "result": {
              "status": "skipped"
            }
          },
          {
            "arguments": [],
            "keyword": "Then ",
            "line": 23,
            "name": "Verify project logo changed successfully",
            "result": {
              "status": "skipped"
            }
          }
        ]
      },
      {
        "id": "project-profile;open-backdrop-modal-on-project-page",
        "keyword": "Scenario",
        "line": 25,
        "name": "Open backdrop modal on project page",
        "tags": [
          {
            "name": "@TEST_CH-721",
            "line": 24
          }
        ],
        "type": "scenario",
        "steps": [
          {
            "arguments": [],
            "keyword": "Given ",
            "line": 26,
            "name": "Login to rebel base portal and verify cookies",
            "result": {
              "status": "skipped"
            }
          },
          {
            "arguments": [],
            "keyword": "When ",
            "line": 27,
            "name": "Go to project page",
            "result": {
              "status": "skipped"
            }
          },
          {
            "arguments": [],
            "keyword": "Then ",
            "line": 28,
            "name": "Verify warning message when no logo selected",
            "result": {
              "status": "skipped"
            }
          }
        ]
      },
      {
        "id": "project-profile;edit-about-of-project-page",
        "keyword": "Scenario",
        "line": 30,
        "name": "Edit about of project page",
        "tags": [
          {
            "name": "@TEST_CH-722",
            "line": 29
          }
        ],
        "type": "scenario",
        "steps": [
          {
            "arguments": [],
            "keyword": "Given ",
            "line": 31,
            "name": "Login to rebel base portal and verify cookies",
            "result": {
              "status": "skipped"
            }
          },
          {
            "arguments": [],
            "keyword": "When ",
            "line": 32,
            "name": "Go to project page",
            "result": {
              "status": "skipped"
            }
          },
          {
            "arguments": [],
            "keyword": "And ",
            "line": 33,
            "name": "Clear about field and save it",
            "result": {
              "status": "skipped"
            }
          },
          {
            "arguments": [],
            "keyword": "And ",
            "line": 34,
            "name": "Close about without saving it should show warning",
            "result": {
              "status": "skipped"
            }
          },
          {
            "arguments": [],
            "keyword": "Then ",
            "line": 35,
            "name": "Add data in about field",
            "result": {
              "status": "skipped"
            }
          }
        ]
      },
      {
        "id": "project-profile;other-user's-should-not-be-able-to-edit-anything-on-project-page",
        "keyword": "Scenario",
        "line": 37,
        "name": "Other User's should not be able to edit anything on project page",
        "tags": [
          {
            "name": "@TEST_CH-723",
            "line": 36
          }
        ],
        "type": "scenario",
        "steps": [
          {
            "arguments": [],
            "keyword": "Given ",
            "line": 38,
            "name": "Login to supporter account",
            "result": {
              "status": "skipped"
            }
          },
          {
            "arguments": [],
            "keyword": "When ",
            "line": 39,
            "name": "Verify profile and cookies",
            "result": {
              "status": "skipped"
            }
          },
          {
            "arguments": [],
            "keyword": "And ",
            "line": 40,
            "name": "Go to project page and verify project title",
            "result": {
              "status": "skipped"
            }
          },
          {
            "arguments": [],
            "keyword": "Then ",
            "line": 41,
            "name": "Verify orther user permission",
            "result": {
              "status": "skipped"
            }
          }
        ]
      },
      {
        "id": "project-profile;supporter's-should-only-be-able-to-edit-his-title-and-see-setting's-page-on-project-page",
        "keyword": "Scenario",
        "line": 43,
        "name": "Supporter's should only be able to edit his title and see setting's page on project page",
        "tags": [
          {
            "name": "@TEST_CH-724",
            "line": 42
          }
        ],
        "type": "scenario",
        "steps": [
          {
            "arguments": [],
            "keyword": "Given ",
            "line": 44,
            "name": "Login to supporter account",
            "result": {
              "status": "skipped"
            }
          },
          {
            "arguments": [],
            "keyword": "When ",
            "line": 45,
            "name": "Verify profile and cookies",
            "result": {
              "status": "skipped"
            }
          },
          {
            "arguments": [],
            "keyword": "And ",
            "line": 46,
            "name": "Go to project page and verify project title",
            "result": {
              "status": "skipped"
            }
          },
          {
            "arguments": [],
            "keyword": "Then ",
            "line": 47,
            "name": "Verify title, team and advisors edit permission",
            "result": {
              "status": "skipped"
            }
          }
        ]
      },
      {
        "id": "project-profile;member's-should-be-able-to-view-and-edit-everything-on-project-page-except-title-of-other-team-meamber's",
        "keyword": "Scenario",
        "line": 49,
        "name": "Member's should be able to view and edit everything on project page except title of other team meamber's",
        "tags": [
          {
            "name": "@TEST_CH-725",
            "line": 48
          }
        ],
        "type": "scenario",
        "steps": [
          {
            "arguments": [],
            "keyword": "Given ",
            "line": 50,
            "name": "Login to member account",
            "result": {
              "status": "skipped"
            }
          },
          {
            "arguments": [],
            "keyword": "When ",
            "line": 51,
            "name": "Verify profile url and cookies",
            "result": {
              "status": "skipped"
            }
          },
          {
            "arguments": [],
            "keyword": "And ",
            "line": 52,
            "name": "Go to project page and verify project title",
            "result": {
              "status": "skipped"
            }
          },
          {
            "arguments": [],
            "keyword": "And ",
            "line": 53,
            "name": "Check all the edit pen exist",
            "result": {
              "status": "skipped"
            }
          },
          {
            "arguments": [],
            "keyword": "And ",
            "line": 54,
            "name": "Clear title and change it",
            "result": {
              "status": "skipped"
            }
          },
          {
            "arguments": [],
            "keyword": "Then ",
            "line": 55,
            "name": "Details permission field for all answer is visible",
            "result": {
              "status": "skipped"
            }
          }
        ]
      },
      {
        "id": "project-profile;teammates-should-be-able-to-see-all-the-builder's",
        "keyword": "Scenario",
        "line": 57,
        "name": "Teammates should be able to see all the builder's",
        "tags": [
          {
            "name": "@TEST_CH-726",
            "line": 56
          }
        ],
        "type": "scenario",
        "steps": [
          {
            "arguments": [],
            "keyword": "Given ",
            "line": 58,
            "name": "Login to the rebelbase portal and verify cookies",
            "result": {
              "status": "skipped"
            }
          },
          {
            "arguments": [],
            "keyword": "When ",
            "line": 59,
            "name": "Go to project page and verify project title",
            "result": {
              "status": "skipped"
            }
          },
          {
            "arguments": [],
            "keyword": "Then ",
            "line": 60,
            "name": "Verify All the builder's are visible irrespective of permission level's",
            "result": {
              "status": "skipped"
            }
          }
        ]
      },
      {
        "id": "project-profile;if-user-is-part-of-hub-then-he-should-be-able-to-see-builder's-which-have-permission-level-for-everyone-as-well-as-for-hub,-events-and-groups",
        "keyword": "Scenario",
        "line": 62,
        "name": "If user is part of hub then he should be able to see builder's which have permission level for everyone as well as for hub, events and groups",
        "tags": [
          {
            "name": "@TEST_CH-727",
            "line": 61
          }
        ],
        "type": "scenario",
        "steps": [
          {
            "arguments": [],
            "keyword": "Given ",
            "line": 63,
            "name": "Login to event member account",
            "result": {
              "status": "skipped"
            }
          },
          {
            "arguments": [],
            "keyword": "When ",
            "line": 64,
            "name": "Verify profile page and cookies",
            "result": {
              "status": "skipped"
            }
          },
          {
            "arguments": [],
            "keyword": "And ",
            "line": 65,
            "name": "Go to project page and verify project title",
            "result": {
              "status": "skipped"
            }
          },
          {
            "arguments": [],
            "keyword": "Then ",
            "line": 66,
            "name": "Verify permission",
            "result": {
              "status": "skipped"
            }
          }
        ]
      },
      {
        "id": "project-profile;if-user-is-part-of-event-then-he-should-be-able-to-see-builder's-which-have-permission-level-for-everyone,-for-events-and-for-hub,-events-and-groups",
        "keyword": "Scenario",
        "line": 68,
        "name": "If user is part of event then he should be able to see builder's which have permission level for everyone, for events and for hub, events and groups",
        "tags": [
          {
            "name": "@TEST_CH-728",
            "line": 67
          }
        ],
        "type": "scenario",
        "steps": [
          {
            "arguments": [],
            "keyword": "Given ",
            "line": 69,
            "name": "Login to event member account",
            "result": {
              "status": "skipped"
            }
          },
          {
            "arguments": [],
            "keyword": "When ",
            "line": 70,
            "name": "Verify profile",
            "result": {
              "status": "skipped"
            }
          },
          {
            "arguments": [],
            "keyword": "And ",
            "line": 71,
            "name": "Go to project page and verify project title",
            "result": {
              "status": "skipped"
            }
          },
          {
            "arguments": [],
            "keyword": "Then ",
            "line": 72,
            "name": "Verify project permission",
            "result": {
              "status": "skipped"
            }
          }
        ]
      },
      {
        "id": "project-profile;logged-out-user's-should-not-be-able-to-edit-anything",
        "keyword": "Scenario",
        "line": 87,
        "name": "Logged out user's should not be able to edit anything",
        "tags": [
          {
            "name": "@TEST_CH-731",
            "line": 86
          }
        ],
        "type": "scenario",
        "steps": [
          {
            "arguments": [],
            "keyword": "Given ",
            "line": 88,
            "name": "Go to browse page",
            "result": {
              "status": "skipped"
            }
          },
          {
            "arguments": [],
            "keyword": "When ",
            "line": 89,
            "name": "Verify url and href",
            "result": {
              "status": "skipped"
            }
          },
          {
            "arguments": [],
            "keyword": "Then ",
            "line": 90,
            "name": "Verify if any of the edit-pen exist on page",
            "result": {
              "status": "skipped"
            }
          }
        ]
      },
      {
        "id": "project-profile;logged-out-user's-should-only-be-able-to-see-builder's-with-permission-level-for-everyone",
        "keyword": "Scenario",
        "line": 92,
        "name": "Logged out user's should only be able to see builder's with permission level for everyone",
        "tags": [
          {
            "name": "@TEST_CH-732",
            "line": 91
          }
        ],
        "type": "scenario",
        "steps": [
          {
            "arguments": [],
            "keyword": "Given ",
            "line": 93,
            "name": "Visit project page on Rebelbase portal",
            "result": {
              "status": "skipped"
            }
          },
          {
            "arguments": [],
            "keyword": "When ",
            "line": 94,
            "name": "Verify project title",
            "result": {
              "status": "skipped"
            }
          },
          {
            "arguments": [],
            "keyword": "Then ",
            "line": 95,
            "name": "Verify permission from project page",
            "result": {
              "status": "skipped"
            }
          }
        ]
      },
      {
        "id": "project-profile;logged-out-user's-should-not-be-able-to-see-builder's-page",
        "keyword": "Scenario",
        "line": 97,
        "name": "Logged out user's should not be able to see builder's page",
        "tags": [
          {
            "name": "@TEST_CH-733",
            "line": 96
          }
        ],
        "type": "scenario",
        "steps": [
          {
            "arguments": [],
            "keyword": "Given ",
            "line": 98,
            "name": "Login to rebelbase portal",
            "result": {
              "status": "skipped"
            }
          },
          {
            "arguments": [],
            "keyword": "When ",
            "line": 99,
            "name": "Verify profile, logout from account",
            "result": {
              "status": "skipped"
            }
          },
          {
            "arguments": [],
            "keyword": "And ",
            "line": 100,
            "name": "Go to project and verify project title",
            "result": {
              "status": "skipped"
            }
          },
          {
            "arguments": [],
            "keyword": "Then ",
            "line": 101,
            "name": "Go to project's builder page and verify url",
            "result": {
              "status": "skipped"
            }
          }
        ]
      },
      {
        "id": "project-profile;logged-out-user's-should-not-be-able-to-give-kudos-and-notes-and-should-be-redirected-to-login/signup-page",
        "keyword": "Scenario",
        "line": 103,
        "name": "Logged out user's should not be able to give kudos and notes and should be redirected to login/signup page",
        "tags": [
          {
            "name": "@TEST_CH-734",
            "line": 102
          }
        ],
        "type": "scenario",
        "steps": [
          {
            "arguments": [],
            "keyword": "Given ",
            "line": 104,
            "name": "Visit project page and verify project title",
            "result": {
              "status": "skipped"
            }
          },
          {
            "arguments": [],
            "keyword": "When ",
            "line": 105,
            "name": "Redirect to login when clicked on kudos",
            "result": {
              "status": "skipped"
            }
          },
          {
            "arguments": [],
            "keyword": "And ",
            "line": 106,
            "name": "Show login link when click on notes and redirect to login page",
            "result": {
              "status": "skipped"
            }
          },
          {
            "arguments": [],
            "keyword": "Then ",
            "line": 107,
            "name": "Show sign up link when click on notes and redirect to sign up page",
            "result": {
              "status": "skipped"
            }
          }
        ]
      },
      {
        "id": "project-profile;user's-can-remove-their-notes-but-not-other's",
        "keyword": "Scenario",
        "line": 114,
        "name": "User's can remove their notes but not other's",
        "tags": [
          {
            "name": "@TEST_CH-736",
            "line": 113
          }
        ],
        "type": "scenario",
        "steps": [
          {
            "arguments": [],
            "keyword": "Given ",
            "line": 115,
            "name": "Login to product portal",
            "result": {
              "status": "skipped"
            }
          },
          {
            "arguments": [],
            "keyword": "When ",
            "line": 116,
            "name": "Go to project page",
            "result": {
              "status": "skipped"
            }
          },
          {
            "arguments": [],
            "keyword": "And ",
            "line": 117,
            "name": "Add notes",
            "result": {
              "status": "skipped"
            }
          },
          {
            "arguments": [],
            "keyword": "Then ",
            "line": 118,
            "name": "Delete notes",
            "result": {
              "status": "skipped"
            }
          }
        ]
      },
      {
        "id": "project-profile;check-if-teammates-are-properly-populated-and-visible-on-ui",
        "keyword": "Scenario",
        "line": 120,
        "name": "Check if teammates are properly populated and visible on UI",
        "tags": [
          {
            "name": "@TEST_CH-737",
            "line": 119
          }
        ],
        "type": "scenario",
        "steps": [
          {
            "arguments": [],
            "keyword": "Given ",
            "line": 121,
            "name": "Verify team mate 1 is properly populate on UI",
            "result": {
              "status": "skipped"
            }
          },
          {
            "arguments": [],
            "keyword": "When ",
            "line": 122,
            "name": "Verify team mate 2 is properly populate on UI",
            "result": {
              "status": "skipped"
            }
          },
          {
            "arguments": [],
            "keyword": "Then ",
            "line": 123,
            "name": "Verify team mate 3 is properly populate on UI",
            "result": {
              "status": "skipped"
            }
          }
        ]
      },
      {
        "id": "project-profile;in-brief-section-if-we-open-different-business-cases-it-should-highlight-that-section",
        "keyword": "Scenario",
        "line": 125,
        "name": "in brief section if we open different business cases it should highlight that section",
        "tags": [
          {
            "name": "@TEST_CH-1304",
            "line": 124
          }
        ],
        "type": "scenario",
        "steps": [
          {
            "arguments": [],
            "keyword": "Given ",
            "line": 126,
            "name": "Login to rebelbase portal and verify cookies",
            "result": {
              "status": "skipped"
            }
          },
          {
            "arguments": [],
            "keyword": "When ",
            "line": 127,
            "name": "Go to project page and verify project title",
            "result": {
              "status": "skipped"
            }
          },
          {
            "arguments": [],
            "keyword": "Then ",
            "line": 128,
            "name": "Verify section is highlighting",
            "result": {
              "status": "skipped"
            }
          }
        ]
      },
      {
        "id": "project-profile;change-publish-setting-on-project-page-from-my-events-to-others-vice-versa",
        "keyword": "Scenario",
        "line": 130,
        "name": "Change publish setting on project page from my events to others vice versa",
        "tags": [
          {
            "name": "@TEST_CH-738",
            "line": 129
          }
        ],
        "type": "scenario",
        "steps": [
          {
            "arguments": [],
            "keyword": "Given ",
            "line": 131,
            "name": "Login to the rebelbase portal and verify cookies",
            "result": {
              "status": "skipped"
            }
          },
          {
            "arguments": [],
            "keyword": "When ",
            "line": 132,
            "name": "Go to project page and verify project title",
            "result": {
              "status": "skipped"
            }
          },
          {
            "arguments": [],
            "keyword": "And ",
            "line": 133,
            "name": "Change publish settings on project page from my event to others",
            "result": {
              "status": "skipped"
            }
          },
          {
            "arguments": [],
            "keyword": "Then ",
            "line": 134,
            "name": "Change publish settings on project page from other to my event",
            "result": {
              "status": "skipped"
            }
          }
        ]
      },
      {
        "id": "project-profile;open-team-member-profile-from-project-page",
        "keyword": "Scenario",
        "line": 136,
        "name": "Open team member profile from project page",
        "tags": [
          {
            "name": "@TEST_CH-739",
            "line": 135
          }
        ],
        "type": "scenario",
        "steps": [
          {
            "arguments": [],
            "keyword": "Given ",
            "line": 137,
            "name": "Login to rebelbase portal and verify cookies",
            "result": {
              "status": "skipped"
            }
          },
          {
            "arguments": [],
            "keyword": "When ",
            "line": 138,
            "name": "Go to project page and verify project title",
            "result": {
              "status": "skipped"
            }
          },
          {
            "arguments": [],
            "keyword": "Then ",
            "line": 139,
            "name": "Open team member profile from project page",
            "result": {
              "status": "skipped"
            }
          }
        ]
      },
      {
        "id": "project-profile;add-team-meber-from-project-page-by-edit-project-page",
        "keyword": "Scenario",
        "line": 141,
        "name": "Add team meber from project page by edit project page",
        "tags": [
          {
            "name": "@TEST_CH-740",
            "line": 140
          }
        ],
        "type": "scenario",
        "steps": [
          {
            "arguments": [],
            "keyword": "Given ",
            "line": 142,
            "name": "Login to rebelbase portal and verify cookies",
            "result": {
              "status": "skipped"
            }
          },
          {
            "arguments": [],
            "keyword": "When ",
            "line": 143,
            "name": "Go to project page and verify project title",
            "result": {
              "status": "skipped"
            }
          },
          {
            "arguments": [],
            "keyword": "And ",
            "line": 144,
            "name": "Go to setting page from project page",
            "result": {
              "status": "skipped"
            }
          },
          {
            "arguments": [],
            "keyword": "Then ",
            "line": 145,
            "name": "Invite team member",
            "result": {
              "status": "skipped"
            }
          }
        ]
      },
      {
        "id": "project-profile;resend-project-invitation-from-edit-project-page-and-from-invite-member-page",
        "keyword": "Scenario",
        "line": 147,
        "name": "Resend project invitation from edit project page and from invite member page",
        "tags": [
          {
            "name": "@TEST_CH-1305",
            "line": 146
          }
        ],
        "type": "scenario",
        "steps": [
          {
            "arguments": [],
            "keyword": "Given ",
            "line": 148,
            "name": "Login to rebelbase portal and verify cookies",
            "result": {
              "status": "skipped"
            }
          },
          {
            "arguments": [],
            "keyword": "When ",
            "line": 149,
            "name": "Go to project page and verify project title",
            "result": {
              "status": "skipped"
            }
          },
          {
            "arguments": [],
            "keyword": "And ",
            "line": 150,
            "name": "Go to setting page from project page",
            "result": {
              "status": "skipped"
            }
          },
          {
            "arguments": [],
            "keyword": "And ",
            "line": 151,
            "name": "Send a nudge and close model",
            "result": {
              "status": "skipped"
            }
          },
          {
            "arguments": [],
            "keyword": "Then ",
            "line": 152,
            "name": "Resend invitation from setting page",
            "result": {
              "status": "skipped"
            }
          }
        ]
      },
      {
        "id": "project-profile;default-project-should-open-when-dashboard-loads",
        "keyword": "Scenario",
        "line": 154,
        "name": "Default project should open when dashboard loads",
        "tags": [
          {
            "name": "@TEST_CH-742",
            "line": 153
          }
        ],
        "type": "scenario",
        "steps": [
          {
            "arguments": [],
            "keyword": "Given ",
            "line": 155,
            "name": "Login to rebelbase portal and verify cookies",
            "result": {
              "status": "skipped"
            }
          },
          {
            "arguments": [],
            "keyword": "When ",
            "line": 156,
            "name": "Go to project page and verify project title",
            "result": {
              "status": "skipped"
            }
          },
          {
            "arguments": [],
            "keyword": "Then ",
            "line": 157,
            "name": "Verify default project is open",
            "result": {
              "status": "skipped"
            }
          }
        ]
      },
      {
        "id": "project-profile;change-defualt-project-and-check-project-profile-should-open",
        "keyword": "Scenario",
        "line": 159,
        "name": "Change defualt project and check project profile should open",
        "tags": [
          {
            "name": "@TEST_CH-743",
            "line": 158
          }
        ],
        "type": "scenario",
        "steps": [
          {
            "arguments": [],
            "keyword": "Given ",
            "line": 160,
            "name": "Login to rebelbase portal and verify cookies",
            "result": {
              "status": "skipped"
            }
          },
          {
            "arguments": [],
            "keyword": "When ",
            "line": 161,
            "name": "Go to project page and verify project title",
            "result": {
              "status": "skipped"
            }
          },
          {
            "arguments": [],
            "keyword": "Then ",
            "line": 162,
            "name": "Change default project",
            "result": {
              "status": "skipped"
            }
          }
        ]
      },
      {
        "id": "project-profile;resend-project-invitation-from-edit-project-page",
        "keyword": "Scenario",
        "line": 164,
        "name": "Resend project invitation from edit project page",
        "tags": [
          {
            "name": "@TEST_CH-741",
            "line": 163
          }
        ],
        "type": "scenario",
        "steps": [
          {
            "arguments": [],
            "keyword": "Given ",
            "line": 165,
            "name": "Login to rebelbase portal and verify cookies",
            "result": {
              "status": "skipped"
            }
          },
          {
            "arguments": [],
            "keyword": "When ",
            "line": 166,
            "name": "Go to project page and verify project title",
            "result": {
              "status": "skipped"
            }
          },
          {
            "arguments": [],
            "keyword": "Then ",
            "line": 167,
            "name": "Resend project invitation from edit project page",
            "result": {
              "status": "skipped"
            }
          }
        ]
      },
      {
        "id": "project-profile;duplicate-users-in-team",
        "keyword": "Scenario",
        "line": 169,
        "name": "Duplicate users in team",
        "tags": [
          {
            "name": "@TEST_CH-1306",
            "line": 168
          }
        ],
        "type": "scenario",
        "steps": [
          {
            "arguments": [],
            "keyword": "Given ",
            "line": 170,
            "name": "Login to rebelbase portal",
            "result": {
              "status": "skipped"
            }
          },
          {
            "arguments": [],
            "keyword": "When ",
            "line": 171,
            "name": "Go to project builder page",
            "result": {
              "status": "skipped"
            }
          },
          {
            "arguments": [],
            "keyword": "And ",
            "line": 172,
            "name": "Go to project page",
            "result": {
              "status": "skipped"
            }
          },
          {
            "arguments": [],
            "keyword": "Then ",
            "line": 173,
            "name": "Check for duplicate email id",
            "result": {
              "status": "skipped"
            }
          }
        ]
      },
      {
        "id": "project-profile;profilepage",
        "keyword": "Scenario",
        "line": 175,
        "name": "Profilepage",
        "tags": [
          {
            "name": "@TEST_CH-692",
            "line": 174
          }
        ],
        "type": "scenario",
        "steps": [
          {
            "arguments": [],
            "keyword": "Given ",
            "line": 176,
            "name": "Login to rebelbase portal",
            "result": {
              "status": "skipped"
            }
          },
          {
            "arguments": [],
            "keyword": "When ",
            "line": 177,
            "name": "Edit about",
            "result": {
              "status": "skipped"
            }
          },
          {
            "arguments": [],
            "keyword": "And ",
            "line": 178,
            "name": "Add experience",
            "result": {
              "status": "skipped"
            }
          },
          {
            "arguments": [],
            "keyword": "And ",
            "line": 179,
            "name": "Edit experience",
            "result": {
              "status": "skipped"
            }
          },
          {
            "arguments": [],
            "keyword": "And ",
            "line": 180,
            "name": "Edit social media links",
            "result": {
              "status": "skipped"
            }
          },
          {
            "arguments": [],
            "keyword": "Then ",
            "line": 181,
            "name": "Create new project",
            "result": {
              "status": "skipped"
            }
          }
        ]
      },
      {
        "id": "project-profile;accpet-project-invitation-from-web-application",
        "keyword": "Scenario",
        "line": 183,
        "name": "Accpet project invitation from web application",
        "tags": [
          {
            "name": "@focus",
            "line": 182
          }
        ],
        "type": "scenario",
        "steps": [
          {
            "arguments": [],
            "keyword": "Given ",
            "line": 184,
            "name": "Login and verify cookies",
            "result": {
              "status": "passed",
              "duration": 12591000000
            }
          },
          {
            "arguments": [],
            "keyword": "When ",
            "line": 185,
            "name": "Create a project",
            "result": {
              "status": "failed",
              "error_message": "CypressError: `cy.click()` can only be called on a single element. Your subject contained 3 elements. Pass `{ multiple: true }` if you want to serially click each element.\n    at mouseAction (https://app.dev.rebelbase.co/__cypress/runner/cypress_runner.js:149685:76)\n    at click (https://app.dev.rebelbase.co/__cypress/runner/cypress_runner.js:149864:14)\n    at originalFn (https://app.dev.rebelbase.co/__cypress/runner/cypress_runner.js:170716:28)\n    at overridden.fn (https://app.dev.rebelbase.co/__cypress/runner/cypress_runner.js:170723:19)\n    at Context.<anonymous> (https://app.dev.rebelbase.co/__cypress/runner/cypress_runner.js:171662:19)\nFrom Your Spec Code:\n    at Context.eval (https://app.dev.rebelbase.co/__cypress/tests?p=cypress\\integration\\cucumber-test\\ProjectProfile.feature:886:70)\n    at Context.resolveAndRunStepDefinition (https://app.dev.rebelbase.co/__cypress/tests?p=cypress\\integration\\cucumber-test\\ProjectProfile.feature:13883:29)\n    at Context.eval (https://app.dev.rebelbase.co/__cypress/tests?p=cypress\\integration\\cucumber-test\\ProjectProfile.feature:13204:35)"
            }
          },
          {
            "arguments": [],
            "keyword": "And ",
            "line": 186,
            "name": "login to the member account",
            "result": {
              "status": "skipped"
            }
          },
          {
            "arguments": [],
            "keyword": "And ",
            "line": 187,
            "name": "Accept project invitation",
            "result": {
              "status": "skipped"
            }
          },
          {
            "arguments": [],
            "keyword": "Then ",
            "line": 188,
            "name": "Verify Email from received email",
            "result": {
              "status": "skipped"
            }
          }
        ]
      },
      {
        "id": "project-profile;decline-project-invitation",
        "keyword": "Scenario",
        "line": 190,
        "name": "Decline project invitation",
        "tags": [],
        "type": "scenario",
        "steps": [
          {
            "arguments": [],
            "keyword": "Given ",
            "line": 191,
            "name": "Login and verify cookies",
            "result": {
              "status": "skipped"
            }
          },
          {
            "arguments": [],
            "keyword": "When ",
            "line": 192,
            "name": "Create a project",
            "result": {
              "status": "skipped"
            }
          },
          {
            "arguments": [],
            "keyword": "And ",
            "line": 193,
            "name": "login to the member account",
            "result": {
              "status": "skipped"
            }
          },
          {
            "arguments": [],
            "keyword": "Then ",
            "line": 194,
            "name": "Decline project invitation",
            "result": {
              "status": "skipped"
            }
          }
        ]
      },
      {
        "id": "project-profile;check-support-member-should-not-receive-notification",
        "keyword": "Scenario",
        "line": 196,
        "name": "Check support member should not receive notification",
        "tags": [],
        "type": "scenario",
        "steps": [
          {
            "arguments": [],
            "keyword": "Given ",
            "line": 197,
            "name": "Login to username1 account and verify cookies",
            "result": {
              "status": "skipped"
            }
          },
          {
            "arguments": [],
            "keyword": "When ",
            "line": 198,
            "name": "Visit activity page",
            "result": {
              "status": "skipped"
            }
          },
          {
            "arguments": [],
            "keyword": "And ",
            "line": 199,
            "name": "Give kudos and reply to the post",
            "result": {
              "status": "skipped"
            }
          },
          {
            "arguments": [],
            "keyword": "Then ",
            "line": 200,
            "name": "Check support notification in support member account",
            "result": {
              "status": "skipped"
            }
          }
        ]
      }
    ]
  }
]