[
  {
    "keyword": "Feature",
    "name": "Settings",
    "line": 1,
    "id": "settings",
    "tags": [],
    "uri": "Setting.feature",
    "elements": [
      {
        "id": "settings;send,snudge-delete-project-invitation-from-setting-page",
        "keyword": "Scenario",
        "line": 3,
        "name": "Send,snudge delete project invitation from setting page",
        "tags": [],
        "type": "scenario",
        "steps": [
          {
            "arguments": [],
            "keyword": "Given ",
            "line": 4,
            "name": "Login to rebelbase portal",
            "result": {
              "status": "passed",
              "duration": 8079000000
            }
          },
          {
            "arguments": [],
            "keyword": "When ",
            "line": 5,
            "name": "Go to setting page",
            "result": {
              "status": "passed",
              "duration": 14903000000
            }
          },
          {
            "arguments": [],
            "keyword": "Then ",
            "line": 6,
            "name": "Send Invitation and nudge",
            "result": {
              "status": "passed",
              "duration": 17673000000
            }
          }
        ]
      },
      {
        "id": "settings;change-project-details",
        "keyword": "Scenario",
        "line": 8,
        "name": "Change project details",
        "tags": [],
        "type": "scenario",
        "steps": [
          {
            "arguments": [],
            "keyword": "Given ",
            "line": 9,
            "name": "Login to rebelbase portal",
            "result": {
              "status": "passed",
              "duration": 8279000000
            }
          },
          {
            "arguments": [],
            "keyword": "When ",
            "line": 10,
            "name": "Go to setting page",
            "result": {
              "status": "passed",
              "duration": 15936000000
            }
          },
          {
            "arguments": [],
            "keyword": "And ",
            "line": 11,
            "name": "Edit basic project details",
            "result": {
              "status": "passed",
              "duration": 17503000000
            }
          },
          {
            "arguments": [],
            "keyword": "Then ",
            "line": 12,
            "name": "Change the title",
            "result": {
              "status": "passed",
              "duration": 6483000000
            }
          }
        ]
      },
      {
        "id": "settings;language-change",
        "keyword": "Scenario",
        "line": 14,
        "name": "Language change",
        "tags": [],
        "type": "scenario",
        "steps": [
          {
            "arguments": [],
            "keyword": "Given ",
            "line": 15,
            "name": "Login to the rebelbase portal",
            "result": {
              "status": "passed",
              "duration": 8219000000
            }
          },
          {
            "arguments": [],
            "keyword": "When ",
            "line": 16,
            "name": "Expand language",
            "result": {
              "status": "passed",
              "duration": 16588000000
            }
          },
          {
            "arguments": [],
            "keyword": "Then ",
            "line": 17,
            "name": "Change language",
            "result": {
              "status": "passed",
              "duration": 6346000000
            }
          }
        ]
      }
    ]
  }
]