[
  {
    "keyword": "Feature",
    "name": "Settings",
    "line": 1,
    "id": "settings",
    "tags": [],
    "uri": "Setting.feature",
    "elements": [
      {
        "id": "settings;change-project-details",
        "keyword": "Scenario",
        "line": 8,
        "name": "Change project details",
        "tags": [],
        "type": "scenario",
        "steps": [
          {
            "arguments": [],
            "keyword": "Given ",
            "line": 9,
            "name": "Login to rebelbase portal",
            "result": {
              "status": "passed",
              "duration": 6418000000
            }
          },
          {
            "arguments": [],
            "keyword": "When ",
            "line": 10,
            "name": "Go to setting page",
            "result": {
              "status": "passed",
              "duration": 17627000000
            }
          },
          {
            "arguments": [],
            "keyword": "And ",
            "line": 11,
            "name": "Edit basic project details",
            "result": {
              "status": "passed",
              "duration": 9027000000
            }
          },
          {
            "arguments": [],
            "keyword": "Then ",
            "line": 12,
            "name": "Change the title",
            "result": {
              "status": "passed",
              "duration": 3197000000
            }
          }
        ]
      },
      {
        "id": "settings;language-change",
        "keyword": "Scenario",
        "line": 14,
        "name": "Language change",
        "tags": [],
        "type": "scenario",
        "steps": [
          {
            "arguments": [],
            "keyword": "Given ",
            "line": 15,
            "name": "Login to the rebelbase portal",
            "result": {
              "status": "passed",
              "duration": 6112000000
            }
          },
          {
            "arguments": [],
            "keyword": "When ",
            "line": 16,
            "name": "Expand language",
            "result": {
              "status": "passed",
              "duration": 17627000000
            }
          },
          {
            "arguments": [],
            "keyword": "Then ",
            "line": 17,
            "name": "Change language",
            "result": {
              "status": "passed",
              "duration": 3649000000
            }
          }
        ]
      },
      {
        "id": "settings;change-email-preference-and-verify",
        "keyword": "Scenario",
        "line": 19,
        "name": "Change email preference and verify",
        "tags": [],
        "type": "scenario",
        "steps": [
          {
            "arguments": [],
            "keyword": "Given ",
            "line": 20,
            "name": "Login to the rebelbase portal",
            "result": {
              "status": "passed",
              "duration": 6428000000
            }
          },
          {
            "arguments": [],
            "keyword": "When ",
            "line": 21,
            "name": "Go to setting page",
            "result": {
              "status": "passed",
              "duration": 16703000000
            }
          },
          {
            "arguments": [],
            "keyword": "And ",
            "line": 22,
            "name": "Chnage email preference",
            "result": {
              "status": "passed",
              "duration": 3636000000
            }
          },
          {
            "arguments": [],
            "keyword": "And ",
            "line": 23,
            "name": "Verify saved email settings",
            "result": {
              "status": "passed",
              "duration": 14509000000
            }
          },
          {
            "arguments": [],
            "keyword": "Then ",
            "line": 24,
            "name": "Restore email settings",
            "result": {
              "status": "passed",
              "duration": 3816000000
            }
          }
        ]
      }
    ]
  }
]