[
  {
    "keyword": "Feature",
    "name": "Sign-up test",
    "line": 1,
    "id": "sign-up-test",
    "tags": [],
    "uri": "Signup.feature",
    "elements": [
      {
        "id": "sign-up-test;sign-up-and-try-to-accept-invalid-project-invitation-token",
        "keyword": "Scenario",
        "line": 3,
        "name": "Sign up and try to accept invalid project invitation token",
        "tags": [],
        "type": "scenario",
        "steps": [
          {
            "arguments": [],
            "keyword": "Given ",
            "line": 4,
            "name": "Signup user with token",
            "result": {
              "status": "passed",
              "duration": 19170000000
            }
          },
          {
            "arguments": [],
            "keyword": "When ",
            "line": 5,
            "name": "Try to accept invalid project invitation",
            "result": {
              "status": "passed",
              "duration": 10518000000
            }
          },
          {
            "arguments": [],
            "keyword": "And ",
            "line": 6,
            "name": "Verify invitation validation",
            "result": {
              "status": "passed",
              "duration": 1575000000
            }
          },
          {
            "arguments": [],
            "keyword": "Then ",
            "line": 7,
            "name": "Logout from account",
            "result": {
              "status": "passed",
              "duration": 3120000000
            }
          }
        ]
      },
      {
        "id": "sign-up-test;sign-up-and-try-to-accept-invalid-event-invitation-token",
        "keyword": "Scenario",
        "line": 9,
        "name": "Sign up and try to accept invalid event invitation token",
        "tags": [],
        "type": "scenario",
        "steps": [
          {
            "arguments": [],
            "keyword": "Given ",
            "line": 10,
            "name": "Login to the rebelbase portal",
            "result": {
              "status": "passed",
              "duration": 6924000000
            }
          },
          {
            "arguments": [],
            "keyword": "When ",
            "line": 11,
            "name": "Verify profile and cookies",
            "result": {
              "status": "passed",
              "duration": 107000000
            }
          },
          {
            "arguments": [],
            "keyword": "And ",
            "line": 12,
            "name": "Go to event page and send event invitation",
            "result": {
              "status": "passed",
              "duration": 48099000000
            }
          },
          {
            "arguments": [],
            "keyword": "And ",
            "line": 13,
            "name": "Sign up user with token",
            "result": {
              "status": "passed",
              "duration": 19370000000
            }
          },
          {
            "arguments": [],
            "keyword": "And ",
            "line": 14,
            "name": "Try to accept invalid project invitation",
            "result": {
              "status": "passed",
              "duration": 10272000000
            }
          },
          {
            "arguments": [],
            "keyword": "And ",
            "line": 15,
            "name": "Verify invitation validation",
            "result": {
              "status": "passed",
              "duration": 1570000000
            }
          },
          {
            "arguments": [],
            "keyword": "Then ",
            "line": 16,
            "name": "Logout from account",
            "result": {
              "status": "passed",
              "duration": 3143000000
            }
          }
        ]
      },
      {
        "id": "sign-up-test;sign-up-and-try-to-accept-invalid-hub-invitation-token-using-link",
        "keyword": "Scenario",
        "line": 18,
        "name": "Sign up and try to accept invalid hub invitation token using link",
        "tags": [],
        "type": "scenario",
        "steps": [
          {
            "arguments": [],
            "keyword": "Given ",
            "line": 19,
            "name": "Sign up user",
            "result": {
              "status": "passed",
              "duration": 19378000000
            }
          },
          {
            "arguments": [],
            "keyword": "When ",
            "line": 20,
            "name": "Send invitation",
            "result": {
              "status": "passed",
              "duration": 11260000000
            }
          },
          {
            "arguments": [],
            "keyword": "Then ",
            "line": 21,
            "name": "Verify invitation send",
            "result": {
              "status": "passed",
              "duration": 46000000
            }
          }
        ]
      },
      {
        "id": "sign-up-test;autofill-email-address-if-exist-in-url-and-show-warning-if-user-edit-email-address",
        "keyword": "Scenario",
        "line": 23,
        "name": "Autofill email address if exist in url and show warning if user edit email address",
        "tags": [],
        "type": "scenario",
        "steps": [
          {
            "arguments": [],
            "keyword": "Given ",
            "line": 24,
            "name": "Visit autofill email address",
            "result": {
              "status": "passed",
              "duration": 4857000000
            }
          },
          {
            "arguments": [],
            "keyword": "Then ",
            "line": 25,
            "name": "Verify invitation is valid",
            "result": {
              "status": "passed",
              "duration": 46000000
            }
          }
        ]
      },
      {
        "id": "sign-up-test;tell-us-is-empty",
        "keyword": "Scenario",
        "line": 27,
        "name": "Tell-us is empty",
        "tags": [],
        "type": "scenario",
        "steps": [
          {
            "arguments": [],
            "keyword": "Given ",
            "line": 28,
            "name": "Visit rebalbase portal",
            "result": {
              "status": "passed",
              "duration": 1636000000
            }
          },
          {
            "arguments": [],
            "keyword": "When ",
            "line": 29,
            "name": "Sign up new user",
            "result": {
              "status": "passed",
              "duration": 33390000000
            }
          },
          {
            "arguments": [],
            "keyword": "Then ",
            "line": 30,
            "name": "Verify tell-us is empty",
            "result": {
              "status": "passed",
              "duration": 10966000000
            }
          }
        ]
      },
      {
        "id": "sign-up-test;required-field-is-missing-[signupflowtest]",
        "keyword": "Scenario",
        "line": 32,
        "name": "Required field is missing [SignUpFlowTest]",
        "tags": [],
        "type": "scenario",
        "steps": [
          {
            "arguments": [],
            "keyword": "Given ",
            "line": 33,
            "name": "Verify validation on sign-up user",
            "result": {
              "status": "passed",
              "duration": 34283000000
            }
          },
          {
            "arguments": [],
            "keyword": "Then ",
            "line": 34,
            "name": "Verify validation on location model",
            "result": {
              "status": "passed",
              "duration": 29012000000
            }
          }
        ]
      },
      {
        "id": "sign-up-test;signup-and-accept-project-invitation-[signupflowtest]",
        "keyword": "Scenario",
        "line": 37,
        "name": "Signup and accept project invitation [SignUpFlowTest]",
        "tags": [],
        "type": "scenario",
        "steps": [
          {
            "arguments": [],
            "keyword": "Given ",
            "line": 38,
            "name": "Send Project invitation",
            "result": {
              "status": "passed",
              "duration": 6937000000
            }
          },
          {
            "arguments": [],
            "keyword": "When ",
            "line": 39,
            "name": "Invite member to the team",
            "result": {
              "status": "passed",
              "duration": 63101000000
            }
          },
          {
            "arguments": [],
            "keyword": "And ",
            "line": 40,
            "name": "Verify token from gmail",
            "result": {
              "status": "passed",
              "duration": 4213000000
            }
          },
          {
            "arguments": [],
            "keyword": "And ",
            "line": 41,
            "name": "Accepiting project invitations",
            "result": {
              "status": "passed",
              "duration": 17545000000
            }
          },
          {
            "arguments": [],
            "keyword": "Then ",
            "line": 42,
            "name": "Tell-us about your self",
            "result": {
              "status": "failed",
              "error_message": "AssertionError: Timed out retrying after 150000ms: Expected to find element: `.popUp__note`, but never found it.\n    at Context.eval (https://app.dev.rebelbase.co/__cypress/tests?p=cypress\\integration\\cucumber-test\\Signup.feature:351:65)\n    at Context.resolveAndRunStepDefinition (https://app.dev.rebelbase.co/__cypress/tests?p=cypress\\integration\\cucumber-test\\Signup.feature:13365:29)\n    at Context.eval (https://app.dev.rebelbase.co/__cypress/tests?p=cypress\\integration\\cucumber-test\\Signup.feature:12686:35)"
            }
          }
        ]
      },
      {
        "id": "sign-up-test;sign-up-with-different-email-and-try-to-accept-project-invitation-token-[signupflowtest]",
        "keyword": "Scenario",
        "line": 44,
        "name": "Sign up with different email and try to accept project invitation token [signUpFlowTest]",
        "tags": [],
        "type": "scenario",
        "steps": [
          {
            "arguments": [],
            "keyword": "Given ",
            "line": 45,
            "name": "Sent invitation",
            "result": {
              "status": "failed",
              "error_message": "AssertionError: Timed out retrying after 150000ms: Expected to find element: `[aria-label=\"add teammate\"]`, but never found it.\n    at Context.eval (https://app.dev.rebelbase.co/__cypress/tests?p=cypress\\integration\\cucumber-test\\Signup.feature:360:6)\n    at Context.resolveAndRunStepDefinition (https://app.dev.rebelbase.co/__cypress/tests?p=cypress\\integration\\cucumber-test\\Signup.feature:13365:29)\n    at Context.eval (https://app.dev.rebelbase.co/__cypress/tests?p=cypress\\integration\\cucumber-test\\Signup.feature:12686:35)"
            }
          },
          {
            "arguments": [],
            "keyword": "When ",
            "line": 46,
            "name": "Verify gmail token",
            "result": {
              "status": "skipped"
            }
          },
          {
            "arguments": [],
            "keyword": "And ",
            "line": 47,
            "name": "Sign-Up",
            "result": {
              "status": "skipped"
            }
          },
          {
            "arguments": [],
            "keyword": "Then ",
            "line": 48,
            "name": "Tell-us is empty",
            "result": {
              "status": "skipped"
            }
          }
        ]
      },
      {
        "id": "sign-up-test;sign-up-with-different-email-and-try-to-accept-event-invitation-token-[signupflowtest]",
        "keyword": "Scenario",
        "line": 50,
        "name": "Sign up with different email and try to accept event invitation token [signUpFlowTest]",
        "tags": [],
        "type": "scenario",
        "steps": [
          {
            "arguments": [],
            "keyword": "Given ",
            "line": 51,
            "name": "Login and verify user token",
            "result": {
              "status": "passed",
              "duration": 37424000000
            }
          },
          {
            "arguments": [],
            "keyword": "When ",
            "line": 52,
            "name": "Invite participate to the event",
            "result": {
              "status": "passed",
              "duration": 31646000000
            }
          },
          {
            "arguments": [],
            "keyword": "And ",
            "line": 53,
            "name": "Verify email token is sent",
            "result": {
              "status": "failed",
              "error_message": "AssertionError: Expected to find at least one email, but none were found!: expected 0 to be at least 1\n    at Context.eval (https://app.dev.rebelbase.co/__cypress/tests?p=cypress\\integration\\cucumber-test\\Signup.feature:436:12)"
            }
          },
          {
            "arguments": [],
            "keyword": "And ",
            "line": 54,
            "name": "Create new user account",
            "result": {
              "status": "skipped"
            }
          },
          {
            "arguments": [],
            "keyword": "Then ",
            "line": 55,
            "name": "Fill tell-uup dailog",
            "result": {
              "status": "skipped"
            }
          }
        ]
      },
      {
        "id": "sign-up-test;sign-up-with-different-email-and-try-to-accept-hub-invitation-token-[signupflowtest]",
        "keyword": "Scenario",
        "line": 64,
        "name": "Sign up with different email and try to accept hub invitation token [signUpFlowTest]",
        "tags": [],
        "type": "scenario",
        "steps": [
          {
            "arguments": [],
            "keyword": "Given ",
            "line": 65,
            "name": "New user sign-up",
            "result": {
              "status": "passed",
              "duration": 25146000000
            }
          },
          {
            "arguments": [],
            "keyword": "When ",
            "line": 66,
            "name": "Fill-up tell-us dailog",
            "result": {
              "status": "passed",
              "duration": 14949000000
            }
          },
          {
            "arguments": [],
            "keyword": "And ",
            "line": 67,
            "name": "login using created user email",
            "result": {
              "status": "passed",
              "duration": 8742000000
            }
          },
          {
            "arguments": [],
            "keyword": "And ",
            "line": 68,
            "name": "Sent invitation to user",
            "result": {
              "status": "passed",
              "duration": 7857000000
            }
          },
          {
            "arguments": [],
            "keyword": "Then ",
            "line": 69,
            "name": "Verify invitation token",
            "result": {
              "status": "failed",
              "error_message": "AssertionError: Expected to find at least one email, but none were found!: expected 0 to be at least 1\n    at Context.eval (https://app.dev.rebelbase.co/__cypress/tests?p=cypress\\integration\\cucumber-test\\Signup.feature:564:12)"
            }
          }
        ]
      },
      {
        "id": "sign-up-test;autofill-email-address-if-exist-in-url-[signupflowtest]",
        "keyword": "Scenario",
        "line": 71,
        "name": "Autofill email address if exist in url [SignUpFlowTest]",
        "tags": [],
        "type": "scenario",
        "steps": [
          {
            "arguments": [],
            "keyword": "Given ",
            "line": 72,
            "name": "Verify email is auto filled into textbox",
            "result": {
              "status": "failed",
              "error_message": "AssertionError: Expected to find at least one email, but none were found!: expected 0 to be at least 1\n    at Context.eval (https://app.dev.rebelbase.co/__cypress/tests?p=cypress\\integration\\cucumber-test\\Signup.feature:588:12)"
            }
          }
        ]
      },
      {
        "id": "sign-up-test;new-user-signup-and-accept-hub-invitation-[hub]",
        "keyword": "Scenario",
        "line": 74,
        "name": "new user signup and accept hub invitation [Hub]",
        "tags": [],
        "type": "scenario",
        "steps": [
          {
            "arguments": [],
            "keyword": "Given ",
            "line": 75,
            "name": "Sign Up New user",
            "result": {
              "status": "passed",
              "duration": 36576000000
            }
          },
          {
            "arguments": [],
            "keyword": "When ",
            "line": 76,
            "name": "Send Invitation To New user",
            "result": {
              "status": "passed",
              "duration": 16433000000
            }
          },
          {
            "arguments": [],
            "keyword": "And ",
            "line": 77,
            "name": "Verify user token in the email",
            "result": {
              "status": "failed",
              "error_message": "AssertionError: Expected to find at least one email, but none were found!: expected 0 to be at least 1\n    at Context.eval (https://app.dev.rebelbase.co/__cypress/tests?p=cypress\\integration\\cucumber-test\\Signup.feature:632:12)"
            }
          },
          {
            "arguments": [],
            "keyword": "And ",
            "line": 78,
            "name": "Create New User Accounts",
            "result": {
              "status": "skipped"
            }
          },
          {
            "arguments": [],
            "keyword": "Then ",
            "line": 79,
            "name": "Set location for created user",
            "result": {
              "status": "skipped"
            }
          }
        ]
      },
      {
        "id": "sign-up-test;new-user-signup-and-accept-event-invitation-[signupflowtest]",
        "keyword": "Scenario",
        "line": 87,
        "name": "new user signup and accept event invitation [signUpFlowTest]",
        "tags": [],
        "type": "scenario",
        "steps": [
          {
            "arguments": [],
            "keyword": "Given ",
            "line": 88,
            "name": "forget password",
            "result": {
              "status": "passed",
              "duration": 13427000000
            }
          },
          {
            "arguments": [],
            "keyword": "Then ",
            "line": 89,
            "name": "Verify forgot password mail is send",
            "result": {
              "status": "failed",
              "error_message": "AssertionError: Expected to find at least one email, but none were found!: expected 0 to be at least 1\n    at Context.eval (https://app.dev.rebelbase.co/__cypress/tests?p=cypress\\integration\\cucumber-test\\Signup.feature:739:12)"
            }
          }
        ]
      }
    ]
  }
]