[
  {
    "keyword": "Feature",
    "name": "Sign-up test",
    "line": 1,
    "id": "sign-up-test",
    "tags": [],
    "uri": "Signup.feature",
    "elements": [
      {
        "id": "sign-up-test;sign-up-with-different-email-and-try-to-accept-hub-invitation-token",
        "keyword": "Scenario",
        "line": 68,
        "name": "Sign up with different email and try to accept hub invitation token",
        "tags": [],
        "type": "scenario",
        "steps": [
          {
            "arguments": [],
            "keyword": "Given ",
            "line": 69,
            "name": "New user sign-up",
            "result": {
              "status": "passed",
              "duration": 12452000000
            }
          },
          {
            "arguments": [],
            "keyword": "When ",
            "line": 70,
            "name": "Fill-up tell-us dailog",
            "result": {
              "status": "passed",
              "duration": 10147000000
            }
          },
          {
            "arguments": [],
            "keyword": "And ",
            "line": 71,
            "name": "login using created user email",
            "result": {
              "status": "passed",
              "duration": 4939000000
            }
          },
          {
            "arguments": [],
            "keyword": "And ",
            "line": 72,
            "name": "Sent invitation to user",
            "result": {
              "status": "passed",
              "duration": 4955000000
            }
          },
          {
            "arguments": [],
            "keyword": "Then ",
            "line": 73,
            "name": "Verify invitation token",
            "result": {
              "status": "failed",
              "duration": 290000000,
              "error_message": "CypressError: `cy.task('gmail:get-messages')` failed with the following error:\n\nThe task 'gmail:get-messages' returned undefined. You must return a value, null, or a promise that resolves to a value or null to indicate that the task was handled.\n\nThe task handler was:\n\nasync args => {\r\n      const messages = await gmail_tester.get_messages(\r\n        path.resolve(__dirname, \"credentials.json\"),\r\n        path.resolve(__dirname, \"token.json\"),\r\n        args.options\r\n      );\r\n      console.log(messages);\r\n      return messages;\r\n    }\n\nFix this in your setupNodeEvents method here:\nC:\\Users\\ALMIGHTY\\CypressAutomation\\RebelBase\\cypress.config.js\n    at https://app.dev.rebelbase.co/__cypress/runner/cypress_runner.js:160145:80\nFrom previous event:\n    at Context.task (https://app.dev.rebelbase.co/__cypress/runner/cypress_runner.js:160136:15)\nFrom Your Spec Code:\n    at Context.eval (https://app.dev.rebelbase.co/__cypress/tests?p=cypress\\integration\\cucumber-test\\Signup.feature:1847:6)\n    at Context.resolveAndRunStepDefinition (https://app.dev.rebelbase.co/__cypress/tests?p=cypress\\integration\\cucumber-test\\Signup.feature:14679:29)\n    at Context.eval (https://app.dev.rebelbase.co/__cypress/tests?p=cypress\\integration\\cucumber-test\\Signup.feature:14000:35)"
            }
          }
        ]
      },
      {
        "id": "sign-up-test;autofill-email-address-if-exist-in-url-[signupflowtest]",
        "keyword": "Scenario",
        "line": 75,
        "name": "Autofill email address if exist in url [SignUpFlowTest]",
        "tags": [],
        "type": "scenario",
        "steps": [
          {
            "arguments": [],
            "keyword": "Given ",
            "line": 76,
            "name": "Verify email is auto filled into textbox",
            "result": {
              "status": "failed",
              "error_message": "CypressError: `cy.task('gmail:get-messages')` failed with the following error:\n\nThe task 'gmail:get-messages' returned undefined. You must return a value, null, or a promise that resolves to a value or null to indicate that the task was handled.\n\nThe task handler was:\n\nasync args => {\r\n      const messages = await gmail_tester.get_messages(\r\n        path.resolve(__dirname, \"credentials.json\"),\r\n        path.resolve(__dirname, \"token.json\"),\r\n        args.options\r\n      );\r\n      console.log(messages);\r\n      return messages;\r\n    }\n\nFix this in your setupNodeEvents method here:\nC:\\Users\\ALMIGHTY\\CypressAutomation\\RebelBase\\cypress.config.js\n    at https://app.dev.rebelbase.co/__cypress/runner/cypress_runner.js:160145:80\nFrom previous event:\n    at Context.task (https://app.dev.rebelbase.co/__cypress/runner/cypress_runner.js:160136:15)\nFrom Your Spec Code:\n    at Context.eval (https://app.dev.rebelbase.co/__cypress/tests?p=cypress\\integration\\cucumber-test\\Signup.feature:1870:6)\n    at Context.resolveAndRunStepDefinition (https://app.dev.rebelbase.co/__cypress/tests?p=cypress\\integration\\cucumber-test\\Signup.feature:14679:29)\n    at Context.eval (https://app.dev.rebelbase.co/__cypress/tests?p=cypress\\integration\\cucumber-test\\Signup.feature:14000:35)"
            }
          }
        ]
      },
      {
        "id": "sign-up-test;new-user-signup-and-accept-hub-invitation-[hub]",
        "keyword": "Scenario",
        "line": 78,
        "name": "new user signup and accept hub invitation [Hub]",
        "tags": [],
        "type": "scenario",
        "steps": [
          {
            "arguments": [],
            "keyword": "Given ",
            "line": 79,
            "name": "Sign Up New user",
            "result": {
              "status": "passed",
              "duration": 5919000000
            }
          },
          {
            "arguments": [],
            "keyword": "When ",
            "line": 80,
            "name": "Send Invitation To New user",
            "result": {
              "status": "failed",
              "error_message": "AssertionError: Timed out retrying after 100000ms: Expected to find element: `.hub__topHeader__dropdown__links`, but never found it.\n    at Context.eval (https://app.dev.rebelbase.co/__cypress/tests?p=cypress\\integration\\cucumber-test\\Signup.feature:1898:6)\n    at Context.resolveAndRunStepDefinition (https://app.dev.rebelbase.co/__cypress/tests?p=cypress\\integration\\cucumber-test\\Signup.feature:14679:29)\n    at Context.eval (https://app.dev.rebelbase.co/__cypress/tests?p=cypress\\integration\\cucumber-test\\Signup.feature:14000:35)"
            }
          },
          {
            "arguments": [],
            "keyword": "And ",
            "line": 81,
            "name": "Verify user token in the email",
            "result": {
              "status": "skipped"
            }
          },
          {
            "arguments": [],
            "keyword": "And ",
            "line": 82,
            "name": "Create New User Accounts",
            "result": {
              "status": "skipped"
            }
          },
          {
            "arguments": [],
            "keyword": "Then ",
            "line": 83,
            "name": "Set location for created user",
            "result": {
              "status": "skipped"
            }
          }
        ]
      },
      {
        "id": "sign-up-test;new-user-signup-and-accept-event-invitation-[signupflowtest]",
        "keyword": "Scenario",
        "line": 85,
        "name": "new user signup and accept event invitation [signUpFlowTest]",
        "tags": [],
        "type": "scenario",
        "steps": [
          {
            "arguments": [],
            "keyword": "Given ",
            "line": 86,
            "name": "login for Invite participant",
            "result": {
              "status": "passed",
              "duration": 14699000000
            }
          },
          {
            "arguments": [],
            "keyword": "When ",
            "line": 87,
            "name": "Invite Participant",
            "result": {
              "status": "passed",
              "duration": 21203000000
            }
          },
          {
            "arguments": [],
            "keyword": "And ",
            "line": 88,
            "name": "Verify token from sended email",
            "result": {
              "status": "failed",
              "error_message": "CypressError: `cy.task('gmail:get-messages')` failed with the following error:\n\nThe task 'gmail:get-messages' returned undefined. You must return a value, null, or a promise that resolves to a value or null to indicate that the task was handled.\n\nThe task handler was:\n\nasync args => {\r\n      const messages = await gmail_tester.get_messages(\r\n        path.resolve(__dirname, \"credentials.json\"),\r\n        path.resolve(__dirname, \"token.json\"),\r\n        args.options\r\n      );\r\n      console.log(messages);\r\n      return messages;\r\n    }\n\nFix this in your setupNodeEvents method here:\nC:\\Users\\ALMIGHTY\\CypressAutomation\\RebelBase\\cypress.config.js\n    at https://app.dev.rebelbase.co/__cypress/runner/cypress_runner.js:160145:80\nFrom previous event:\n    at Context.task (https://app.dev.rebelbase.co/__cypress/runner/cypress_runner.js:160136:15)\nFrom Your Spec Code:\n    at Context.eval (https://app.dev.rebelbase.co/__cypress/tests?p=cypress\\integration\\cucumber-test\\Signup.feature:1971:6)\n    at Context.resolveAndRunStepDefinition (https://app.dev.rebelbase.co/__cypress/tests?p=cypress\\integration\\cucumber-test\\Signup.feature:14679:29)\n    at Context.eval (https://app.dev.rebelbase.co/__cypress/tests?p=cypress\\integration\\cucumber-test\\Signup.feature:14000:35)"
            }
          },
          {
            "arguments": [],
            "keyword": "And ",
            "line": 89,
            "name": "Creating new user account",
            "result": {
              "status": "skipped"
            }
          },
          {
            "arguments": [],
            "keyword": "Then ",
            "line": 90,
            "name": "Accept invitation for created user",
            "result": {
              "status": "skipped"
            }
          }
        ]
      },
      {
        "id": "sign-up-test;forget-password",
        "keyword": "Scenario",
        "line": 92,
        "name": "forget password",
        "tags": [],
        "type": "scenario",
        "steps": [
          {
            "arguments": [],
            "keyword": "Given ",
            "line": 93,
            "name": "forget password",
            "result": {
              "status": "passed",
              "duration": 5455000000
            }
          },
          {
            "arguments": [],
            "keyword": "Then ",
            "line": 94,
            "name": "Verify forgot password mail is send",
            "result": {
              "status": "failed",
              "error_message": "CypressError: `cy.task('gmail:get-messages')` failed with the following error:\n\nThe task 'gmail:get-messages' returned undefined. You must return a value, null, or a promise that resolves to a value or null to indicate that the task was handled.\n\nThe task handler was:\n\nasync args => {\r\n      const messages = await gmail_tester.get_messages(\r\n        path.resolve(__dirname, \"credentials.json\"),\r\n        path.resolve(__dirname, \"token.json\"),\r\n        args.options\r\n      );\r\n      console.log(messages);\r\n      return messages;\r\n    }\n\nFix this in your setupNodeEvents method here:\nC:\\Users\\ALMIGHTY\\CypressAutomation\\RebelBase\\cypress.config.js\n    at https://app.dev.rebelbase.co/__cypress/runner/cypress_runner.js:160145:80\nFrom previous event:\n    at Context.task (https://app.dev.rebelbase.co/__cypress/runner/cypress_runner.js:160136:15)\nFrom Your Spec Code:\n    at Context.eval (https://app.dev.rebelbase.co/__cypress/tests?p=cypress\\integration\\cucumber-test\\Signup.feature:2027:6)\n    at Context.resolveAndRunStepDefinition (https://app.dev.rebelbase.co/__cypress/tests?p=cypress\\integration\\cucumber-test\\Signup.feature:14679:29)\n    at Context.eval (https://app.dev.rebelbase.co/__cypress/tests?p=cypress\\integration\\cucumber-test\\Signup.feature:14000:35)"
            }
          }
        ]
      }
    ]
  }
]