[
  {
    "keyword": "Feature",
    "name": "Hub Group",
    "line": 1,
    "id": "hub-group",
    "tags": [],
    "uri": "HubGroups.feature",
    "elements": [
      {
        "id": "hub-group;add-delete-manager-in-group",
        "keyword": "Scenario",
        "line": 79,
        "name": "Add delete manager in group",
        "tags": [
          {
            "name": "@TEST_CH-822",
            "line": 78
          },
          {
            "name": "@focus",
            "line": 78
          }
        ],
        "type": "scenario",
        "steps": [
          {
            "arguments": [],
            "keyword": "Given ",
            "line": 80,
            "name": "Getting access on the rebelbase portal",
            "result": {
              "status": "passed",
              "duration": 45727000000
            }
          },
          {
            "arguments": [],
            "keyword": "When ",
            "line": 81,
            "name": "Jumped to group page",
            "result": {
              "status": "passed",
              "duration": 4976000000
            }
          },
          {
            "arguments": [],
            "keyword": "And ",
            "line": 82,
            "name": "Add new groups",
            "result": {
              "status": "passed",
              "duration": 8256000000
            }
          },
          {
            "arguments": [],
            "keyword": "And ",
            "line": 83,
            "name": "Verifing created group",
            "result": {
              "status": "passed",
              "duration": 2767000000
            }
          },
          {
            "arguments": [],
            "keyword": "And ",
            "line": 84,
            "name": "Redirect to created group page",
            "result": {
              "status": "passed",
              "duration": 62184000000
            }
          },
          {
            "arguments": [],
            "keyword": "And ",
            "line": 85,
            "name": "Add manager in group",
            "result": {
              "status": "passed",
              "duration": 13375000000
            }
          },
          {
            "arguments": [],
            "keyword": "Then ",
            "line": 86,
            "name": "Delete manager from group",
            "result": {
              "status": "passed",
              "duration": 5050000000
            }
          }
        ]
      },
      {
        "id": "hub-group;invite-user-and-check-invitation-on-web-application",
        "keyword": "Scenario",
        "line": 114,
        "name": "Invite user and check invitation on web application",
        "tags": [],
        "type": "scenario",
        "steps": [
          {
            "arguments": [],
            "keyword": "Given ",
            "line": 115,
            "name": "Login using hubuser email",
            "result": {
              "status": "skipped"
            }
          },
          {
            "arguments": [],
            "keyword": "When ",
            "line": 116,
            "name": "User is on group page",
            "result": {
              "status": "skipped"
            }
          },
          {
            "arguments": [],
            "keyword": "And ",
            "line": 117,
            "name": "Create group and verify is created successfully",
            "result": {
              "status": "skipped"
            }
          },
          {
            "arguments": [],
            "keyword": "And ",
            "line": 118,
            "name": "Send invitation to user from group",
            "result": {
              "status": "skipped"
            }
          },
          {
            "arguments": [],
            "keyword": "Then ",
            "line": 119,
            "name": "Check invitation from web Application",
            "result": {
              "status": "skipped"
            }
          }
        ]
      }
    ]
  }
]