[
  {
    "keyword": "Feature",
    "name": "Hub members different filters",
    "line": 1,
    "id": "hub-members-different-filters",
    "tags": [],
    "uri": "HubMemberFilter.feature",
    "elements": [
      {
        "id": "hub-members-different-filters;verify-hub-admin-is-visible",
        "keyword": "Scenario",
        "line": 3,
        "name": "Verify hub admin is visible",
        "tags": [],
        "type": "scenario",
        "steps": [
          {
            "arguments": [],
            "keyword": "Given ",
            "line": 4,
            "name": "Login to the portal",
            "result": {
              "status": "passed",
              "duration": 46834000000
            }
          },
          {
            "arguments": [],
            "keyword": "When ",
            "line": 5,
            "name": "Redirect to Hub group member page",
            "result": {
              "status": "passed",
              "duration": 5165000000
            }
          },
          {
            "arguments": [],
            "keyword": "And ",
            "line": 6,
            "name": "Verify member page",
            "result": {
              "status": "passed",
              "duration": 10561000000
            }
          },
          {
            "arguments": [],
            "keyword": "Then ",
            "line": 7,
            "name": "Verify Hub admin is visible",
            "result": {
              "status": "passed",
              "duration": 4482000000
            }
          }
        ]
      },
      {
        "id": "hub-members-different-filters;verify-hub-admin-is-show-when-owners-and-admin-is-selected",
        "keyword": "Scenario",
        "line": 9,
        "name": "Verify Hub admin is show when Owners and admin is selected",
        "tags": [],
        "type": "scenario",
        "steps": [
          {
            "arguments": [],
            "keyword": "Given ",
            "line": 10,
            "name": "Login to the Rebelbase portal",
            "result": {
              "status": "passed",
              "duration": 28925000000
            }
          },
          {
            "arguments": [],
            "keyword": "When ",
            "line": 11,
            "name": "Go to Hub group member page",
            "result": {
              "status": "passed",
              "duration": 24174000000
            }
          },
          {
            "arguments": [],
            "keyword": "And ",
            "line": 12,
            "name": "Verify member page is from Hub",
            "result": {
              "status": "passed",
              "duration": 2928000000
            }
          },
          {
            "arguments": [],
            "keyword": "And ",
            "line": 13,
            "name": "Verify Hub admin is present",
            "result": {
              "status": "passed",
              "duration": 4349000000
            }
          },
          {
            "arguments": [],
            "keyword": "Then ",
            "line": 14,
            "name": "Verify member is display when Owners and admin is selected",
            "result": {
              "status": "passed",
              "duration": 4831000000
            }
          }
        ]
      },
      {
        "id": "hub-members-different-filters;verify-hub-admin-is-not-show-when-member's-only-is-selected",
        "keyword": "Scenario",
        "line": 16,
        "name": "Verify Hub admin is not show when Member's only is selected",
        "tags": [],
        "type": "scenario",
        "steps": [
          {
            "arguments": [],
            "keyword": "Given ",
            "line": 17,
            "name": "Login to Rebelbase portal",
            "result": {
              "status": "passed",
              "duration": 48117000000
            }
          },
          {
            "arguments": [],
            "keyword": "When ",
            "line": 18,
            "name": "Go to member page",
            "result": {
              "status": "passed",
              "duration": 6467000000
            }
          },
          {
            "arguments": [],
            "keyword": "And ",
            "line": 19,
            "name": "Verify member page",
            "result": {
              "status": "passed",
              "duration": 2282000000
            }
          },
          {
            "arguments": [],
            "keyword": "And ",
            "line": 20,
            "name": "Verify Hub is present",
            "result": {
              "status": "passed",
              "duration": 4159000000
            }
          },
          {
            "arguments": [],
            "keyword": "Then ",
            "line": 21,
            "name": "Verify Hub admin is not display when Member only is selected",
            "result": {
              "status": "passed",
              "duration": 4795000000
            }
          }
        ]
      }
    ]
  }
]