[
  {
    "keyword": "Feature",
    "name": "Permissions",
    "line": 1,
    "id": "permissions",
    "tags": [],
    "uri": "Permissions.feature",
    "elements": [
      {
        "id": "permissions;test-project-support-member-permissions",
        "keyword": "Scenario",
        "line": 3,
        "name": "Test project support member permissions",
        "tags": [],
        "type": "scenario",
        "steps": [
          {
            "arguments": [],
            "keyword": "Given ",
            "line": 4,
            "name": "Login to the supporter account",
            "result": {
              "status": "passed",
              "duration": 16728000000
            }
          },
          {
            "arguments": [],
            "keyword": "When ",
            "line": 5,
            "name": "Verify supporter email",
            "result": {
              "status": "passed",
              "duration": 15554000000
            }
          },
          {
            "arguments": [],
            "keyword": "And ",
            "line": 6,
            "name": "Changing basic account settings",
            "result": {
              "status": "passed",
              "duration": 18955000000
            }
          },
          {
            "arguments": [],
            "keyword": "And ",
            "line": 7,
            "name": "Add Alternative Email and remove it",
            "result": {
              "status": "passed",
              "duration": 11045000000
            }
          },
          {
            "arguments": [],
            "keyword": "And ",
            "line": 8,
            "name": "Verify supporter permission",
            "result": {
              "status": "passed",
              "duration": 11265000000
            }
          },
          {
            "arguments": [],
            "keyword": "Then ",
            "line": 9,
            "name": "Create project and redirect to project page",
            "result": {
              "status": "passed",
              "duration": 21510000000
            }
          }
        ]
      },
      {
        "id": "permissions;check-project-members-permissons",
        "keyword": "Scenario",
        "line": 11,
        "name": "Check project members permissons",
        "tags": [],
        "type": "scenario",
        "steps": [
          {
            "arguments": [],
            "keyword": "Given ",
            "line": 12,
            "name": "Login to the member account",
            "result": {
              "status": "passed",
              "duration": 20490000000
            }
          },
          {
            "arguments": [],
            "keyword": "When ",
            "line": 13,
            "name": "Changing basic settings",
            "result": {
              "status": "passed",
              "duration": 29550000000
            }
          },
          {
            "arguments": [],
            "keyword": "And ",
            "line": 14,
            "name": "Changing project setting",
            "result": {
              "status": "passed",
              "duration": 48427000000
            }
          },
          {
            "arguments": [],
            "keyword": "Then ",
            "line": 15,
            "name": "Invite user to team",
            "result": {
              "status": "passed",
              "duration": 56042000000
            }
          }
        ]
      },
      {
        "id": "permissions;check-rebelbase-members-permissons",
        "keyword": "Scenario",
        "line": 17,
        "name": "Check rebelbase members permissons",
        "tags": [],
        "type": "scenario",
        "steps": [
          {
            "arguments": [],
            "keyword": "Given ",
            "line": 18,
            "name": "Login to the Rebelbase member account",
            "result": {
              "status": "passed",
              "duration": 11409000000
            }
          },
          {
            "arguments": [],
            "keyword": "When ",
            "line": 19,
            "name": "Go to setting page",
            "result": {
              "status": "passed",
              "duration": 3079000000
            }
          },
          {
            "arguments": [],
            "keyword": "Then ",
            "line": 20,
            "name": "Check Rebelbase member permission",
            "result": {
              "status": "passed",
              "duration": 8545000000
            }
          }
        ]
      },
      {
        "id": "permissions;check-public-members-permissons",
        "keyword": "Scenario",
        "line": 22,
        "name": "Check public members permissons",
        "tags": [],
        "type": "scenario",
        "steps": [
          {
            "arguments": [],
            "keyword": "Given ",
            "line": 23,
            "name": "Go to project page",
            "result": {
              "status": "passed",
              "duration": 3320000000
            }
          },
          {
            "arguments": [],
            "keyword": "When ",
            "line": 24,
            "name": "Verify public member permission",
            "result": {
              "status": "passed",
              "duration": 5716000000
            }
          },
          {
            "arguments": [],
            "keyword": "Then ",
            "line": 25,
            "name": "Verify settings permission",
            "result": {
              "status": "passed",
              "duration": 80000000
            }
          }
        ]
      },
      {
        "id": "permissions;check-hub-event-member-permissons",
        "keyword": "Scenario",
        "line": 27,
        "name": "Check Hub event member permissons",
        "tags": [],
        "type": "scenario",
        "steps": [
          {
            "arguments": [],
            "keyword": "Given ",
            "line": 28,
            "name": "Login to event member account",
            "result": {
              "status": "passed",
              "duration": 12288000000
            }
          },
          {
            "arguments": [],
            "keyword": "When ",
            "line": 29,
            "name": "Verify permission from settings",
            "result": {
              "status": "passed",
              "duration": 10859000000
            }
          },
          {
            "arguments": [],
            "keyword": "And ",
            "line": 30,
            "name": "Creating post",
            "result": {
              "status": "passed",
              "duration": 14500000000
            }
          },
          {
            "arguments": [],
            "keyword": "Then ",
            "line": 31,
            "name": "Edit post",
            "result": {
              "status": "passed",
              "duration": 11341000000
            }
          }
        ]
      },
      {
        "id": "permissions;check-hub-member-but-not-event-member-permissons",
        "keyword": "Scenario",
        "line": 33,
        "name": "Check Hub member but not event member permissons",
        "tags": [],
        "type": "scenario",
        "steps": [
          {
            "arguments": [],
            "keyword": "Given ",
            "line": 34,
            "name": "Login to hub member account",
            "result": {
              "status": "passed",
              "duration": 10539000000
            }
          },
          {
            "arguments": [],
            "keyword": "When ",
            "line": 35,
            "name": "Go to setting page",
            "result": {
              "status": "passed",
              "duration": 3055000000
            }
          },
          {
            "arguments": [],
            "keyword": "And ",
            "line": 36,
            "name": "Verify setting permission",
            "result": {
              "status": "passed",
              "duration": 6496000000
            }
          },
          {
            "arguments": [],
            "keyword": "And ",
            "line": 37,
            "name": "Creating post",
            "result": {
              "status": "passed",
              "duration": 13421000000
            }
          },
          {
            "arguments": [],
            "keyword": "And ",
            "line": 38,
            "name": "Edit post",
            "result": {
              "status": "passed",
              "duration": 11130000000
            }
          },
          {
            "arguments": [],
            "keyword": "Then ",
            "line": 39,
            "name": "Verify permission from event page",
            "result": {
              "status": "passed",
              "duration": 13524000000
            }
          }
        ]
      },
      {
        "id": "permissions;logout-members-can-browse-projects,-open-profile-page-and-can-see-events-details",
        "keyword": "Scenario",
        "line": 41,
        "name": "Logout members can browse projects, open profile page and can see events details",
        "tags": [],
        "type": "scenario",
        "steps": [
          {
            "arguments": [],
            "keyword": "Given ",
            "line": 42,
            "name": "Go to project page and verify title",
            "result": {
              "status": "passed",
              "duration": 3913000000
            }
          },
          {
            "arguments": [],
            "keyword": "When ",
            "line": 43,
            "name": "Go to profile page and verify title",
            "result": {
              "status": "passed",
              "duration": 3053000000
            }
          },
          {
            "arguments": [],
            "keyword": "Then ",
            "line": 44,
            "name": "Verify event detail page",
            "result": {
              "status": "passed",
              "duration": 1526000000
            }
          }
        ]
      },
      {
        "id": "permissions;logout-members-cannot-able-to-see-activity,groups,brain,builders,hub,members",
        "keyword": "Scenario",
        "line": 46,
        "name": "Logout members cannot able to see activity,groups,brain,builders,hub,members",
        "tags": [],
        "type": "scenario",
        "steps": [
          {
            "arguments": [],
            "keyword": "Given ",
            "line": 47,
            "name": "Verify Activity page permission",
            "result": {
              "status": "passed",
              "duration": 1660000000
            }
          },
          {
            "arguments": [],
            "keyword": "When ",
            "line": 48,
            "name": "Verify brain page permission",
            "result": {
              "status": "passed",
              "duration": 1545000000
            }
          },
          {
            "arguments": [],
            "keyword": "And ",
            "line": 49,
            "name": "Verify builder permission",
            "result": {
              "status": "passed",
              "duration": 1536000000
            }
          },
          {
            "arguments": [],
            "keyword": "And ",
            "line": 50,
            "name": "Verify hub permission",
            "result": {
              "status": "passed",
              "duration": 1532000000
            }
          },
          {
            "arguments": [],
            "keyword": "Then ",
            "line": 51,
            "name": "Verify member permission",
            "result": {
              "status": "passed",
              "duration": 1529000000
            }
          }
        ]
      },
      {
        "id": "permissions;user-is-event-member-but-not-a-hub-member",
        "keyword": "Scenario",
        "line": 53,
        "name": "User is event member but not a hub member",
        "tags": [],
        "type": "scenario",
        "steps": [
          {
            "arguments": [],
            "keyword": "Given ",
            "line": 54,
            "name": "Login to the event member account",
            "result": {
              "status": "passed",
              "duration": 7029000000
            }
          },
          {
            "arguments": [],
            "keyword": "When ",
            "line": 55,
            "name": "Create project",
            "result": {
              "status": "passed",
              "duration": 19971000000
            }
          },
          {
            "arguments": [],
            "keyword": "And ",
            "line": 56,
            "name": "Send invitation",
            "result": {
              "status": "passed",
              "duration": 8263000000
            }
          },
          {
            "arguments": [],
            "keyword": "Then ",
            "line": 57,
            "name": "Go to setting page",
            "result": {
              "status": "passed",
              "duration": 3103000000
            }
          }
        ]
      }
    ]
  }
]