[
  {
    "keyword": "Feature",
    "name": "Project profile",
    "line": 1,
    "id": "project-profile",
    "tags": [],
    "uri": "ProjectProfile.feature",
    "elements": [
      {
        "id": "project-profile;login-and-go-to-project-page-[project-profile]",
        "keyword": "Scenario",
        "line": 3,
        "name": "Login and go to project page [Project Profile]",
        "tags": [],
        "type": "scenario",
        "steps": [
          {
            "arguments": [],
            "keyword": "Given ",
            "line": 4,
            "name": "Login to the rebelbase portal and verify cookies",
            "result": {
              "status": "skipped"
            }
          },
          {
            "arguments": [],
            "keyword": "When ",
            "line": 5,
            "name": "Go to project page",
            "result": {
              "status": "skipped"
            }
          },
          {
            "arguments": [],
            "keyword": "Then ",
            "line": 6,
            "name": "Verify project title",
            "result": {
              "status": "skipped"
            }
          }
        ]
      },
      {
        "id": "project-profile;edit-description-of-project-[project-profile]",
        "keyword": "Scenario",
        "line": 8,
        "name": "Edit description of project [Project Profile]",
        "tags": [],
        "type": "scenario",
        "steps": [
          {
            "arguments": [],
            "keyword": "Given ",
            "line": 9,
            "name": "Login to rebel base portal and verify cookies",
            "result": {
              "status": "skipped"
            }
          },
          {
            "arguments": [],
            "keyword": "When ",
            "line": 10,
            "name": "Go to project page",
            "result": {
              "status": "skipped"
            }
          },
          {
            "arguments": [],
            "keyword": "And ",
            "line": 11,
            "name": "Verify warning message",
            "result": {
              "status": "skipped"
            }
          },
          {
            "arguments": [],
            "keyword": "Then ",
            "line": 12,
            "name": "Change description",
            "result": {
              "status": "skipped"
            }
          }
        ]
      },
      {
        "id": "project-profile;open-logo-modal-on-project-page-[project-profile]",
        "keyword": "Scenario",
        "line": 14,
        "name": "Open logo modal on project page [Project Profile]",
        "tags": [],
        "type": "scenario",
        "steps": [
          {
            "arguments": [],
            "keyword": "Given ",
            "line": 15,
            "name": "Login to rebel base portal and verify cookies",
            "result": {
              "status": "skipped"
            }
          },
          {
            "arguments": [],
            "keyword": "When ",
            "line": 16,
            "name": "Go to project page",
            "result": {
              "status": "skipped"
            }
          },
          {
            "arguments": [],
            "keyword": "Then ",
            "line": 17,
            "name": "Open project logo model",
            "result": {
              "status": "skipped"
            }
          }
        ]
      },
      {
        "id": "project-profile;change-logo,-add-image-file-on-project-page-[project-profile]",
        "keyword": "Scenario",
        "line": 19,
        "name": "Change logo, add image file on project page [Project Profile]",
        "tags": [],
        "type": "scenario",
        "steps": [
          {
            "arguments": [],
            "keyword": "Given ",
            "line": 20,
            "name": "Login to rebel base portal and verify cookies",
            "result": {
              "status": "skipped"
            }
          },
          {
            "arguments": [],
            "keyword": "When ",
            "line": 21,
            "name": "Go to project page",
            "result": {
              "status": "skipped"
            }
          },
          {
            "arguments": [],
            "keyword": "And ",
            "line": 22,
            "name": "Change project logo",
            "result": {
              "status": "skipped"
            }
          },
          {
            "arguments": [],
            "keyword": "Then ",
            "line": 23,
            "name": "Verify project logo changed successfully",
            "result": {
              "status": "skipped"
            }
          }
        ]
      },
      {
        "id": "project-profile;open-backdrop-modal-on-project-page-[project-profile]",
        "keyword": "Scenario",
        "line": 25,
        "name": "Open backdrop modal on project page [Project Profile]",
        "tags": [],
        "type": "scenario",
        "steps": [
          {
            "arguments": [],
            "keyword": "Given ",
            "line": 26,
            "name": "Login to rebel base portal and verify cookies",
            "result": {
              "status": "skipped"
            }
          },
          {
            "arguments": [],
            "keyword": "When ",
            "line": 27,
            "name": "Go to project page",
            "result": {
              "status": "skipped"
            }
          },
          {
            "arguments": [],
            "keyword": "Then ",
            "line": 28,
            "name": "Verify warning message when no logo selected",
            "result": {
              "status": "skipped"
            }
          }
        ]
      },
      {
        "id": "project-profile;c58-edit-about-of-project-page-[project-profile]",
        "keyword": "Scenario",
        "line": 30,
        "name": "C58 Edit about of project page [Project Profile]",
        "tags": [],
        "type": "scenario",
        "steps": [
          {
            "arguments": [],
            "keyword": "Given ",
            "line": 31,
            "name": "Login to rebel base portal and verify cookies",
            "result": {
              "status": "skipped"
            }
          },
          {
            "arguments": [],
            "keyword": "When ",
            "line": 32,
            "name": "Go to project page",
            "result": {
              "status": "skipped"
            }
          },
          {
            "arguments": [],
            "keyword": "And ",
            "line": 33,
            "name": "Clear about field and save it",
            "result": {
              "status": "skipped"
            }
          },
          {
            "arguments": [],
            "keyword": "And ",
            "line": 34,
            "name": "Close about without saving it should show warning",
            "result": {
              "status": "skipped"
            }
          },
          {
            "arguments": [],
            "keyword": "Then ",
            "line": 35,
            "name": "Add data in about field",
            "result": {
              "status": "skipped"
            }
          }
        ]
      },
      {
        "id": "project-profile;other-user's-should-not-be-able-to-edit-anything-on-project-page-[project-profile]",
        "keyword": "Scenario",
        "line": 37,
        "name": "Other User's should not be able to edit anything on project page [Project Profile]",
        "tags": [],
        "type": "scenario",
        "steps": [
          {
            "arguments": [],
            "keyword": "Given ",
            "line": 38,
            "name": "Login to supporter account",
            "result": {
              "status": "skipped"
            }
          },
          {
            "arguments": [],
            "keyword": "When ",
            "line": 39,
            "name": "Verify profile and cookies",
            "result": {
              "status": "skipped"
            }
          },
          {
            "arguments": [],
            "keyword": "And ",
            "line": 40,
            "name": "Go to project page and verify project title",
            "result": {
              "status": "skipped"
            }
          },
          {
            "arguments": [],
            "keyword": "Then ",
            "line": 41,
            "name": "Verify orther user permission",
            "result": {
              "status": "skipped"
            }
          }
        ]
      },
      {
        "id": "project-profile;supporter's-should-only-be-able-to-edit-his-title-and-see-setting's-page-on-project-page-[project-profile]",
        "keyword": "Scenario",
        "line": 43,
        "name": "Supporter's should only be able to edit his title and see setting's page on project page [Project Profile]",
        "tags": [],
        "type": "scenario",
        "steps": [
          {
            "arguments": [],
            "keyword": "Given ",
            "line": 44,
            "name": "Login to supporter account",
            "result": {
              "status": "skipped"
            }
          },
          {
            "arguments": [],
            "keyword": "When ",
            "line": 45,
            "name": "Verify profile and cookies",
            "result": {
              "status": "skipped"
            }
          },
          {
            "arguments": [],
            "keyword": "And ",
            "line": 46,
            "name": "Go to project page and verify project title",
            "result": {
              "status": "skipped"
            }
          },
          {
            "arguments": [],
            "keyword": "Then ",
            "line": 47,
            "name": "Verify title, team and advisors edit permission",
            "result": {
              "status": "skipped"
            }
          }
        ]
      },
      {
        "id": "project-profile;member's-should-be-able-to-view-and-edit-everything-on-project-page-except-title-of-other-team-meamber's",
        "keyword": "Scenario",
        "line": 49,
        "name": "Member's should be able to view and edit everything on project page except title of other team meamber's",
        "tags": [],
        "type": "scenario",
        "steps": [
          {
            "arguments": [],
            "keyword": "Given ",
            "line": 50,
            "name": "Login to member account",
            "result": {
              "status": "skipped"
            }
          },
          {
            "arguments": [],
            "keyword": "When ",
            "line": 51,
            "name": "Verify profile url and cookies",
            "result": {
              "status": "skipped"
            }
          },
          {
            "arguments": [],
            "keyword": "And ",
            "line": 52,
            "name": "Go to project page and verify project title",
            "result": {
              "status": "skipped"
            }
          },
          {
            "arguments": [],
            "keyword": "And ",
            "line": 53,
            "name": "Check all the edit pen exist",
            "result": {
              "status": "skipped"
            }
          },
          {
            "arguments": [],
            "keyword": "And ",
            "line": 54,
            "name": "Clear title and change it",
            "result": {
              "status": "skipped"
            }
          },
          {
            "arguments": [],
            "keyword": "Then ",
            "line": 55,
            "name": "Details permission field for all answer is visible",
            "result": {
              "status": "skipped"
            }
          }
        ]
      },
      {
        "id": "project-profile;teammates-should-be-able-to-see-all-the-builder's-[project-profile]",
        "keyword": "Scenario",
        "line": 57,
        "name": "Teammates should be able to see all the builder's [Project Profile]",
        "tags": [],
        "type": "scenario",
        "steps": [
          {
            "arguments": [],
            "keyword": "Given ",
            "line": 58,
            "name": "Login to the rebelbase portal and verify cookies",
            "result": {
              "status": "skipped"
            }
          },
          {
            "arguments": [],
            "keyword": "When ",
            "line": 59,
            "name": "Go to project page and verify project title",
            "result": {
              "status": "skipped"
            }
          },
          {
            "arguments": [],
            "keyword": "Then ",
            "line": 60,
            "name": "Verify All the builder's are visible irrespective of permission level's",
            "result": {
              "status": "skipped"
            }
          }
        ]
      },
      {
        "id": "project-profile;if-user-is-part-of-hub-then-he-should-be-able-to-see-builder's-which-have-permission-level-for-everyone-as-well-as-for-hub,-events-and-groups-[project-profile]",
        "keyword": "Scenario",
        "line": 62,
        "name": "If user is part of hub then he should be able to see builder's which have permission level for everyone as well as for hub, events and groups [Project Profile]",
        "tags": [],
        "type": "scenario",
        "steps": [
          {
            "arguments": [],
            "keyword": "Given ",
            "line": 63,
            "name": "Login to event member account",
            "result": {
              "status": "skipped"
            }
          },
          {
            "arguments": [],
            "keyword": "When ",
            "line": 64,
            "name": "Verify profile page and cookies",
            "result": {
              "status": "skipped"
            }
          },
          {
            "arguments": [],
            "keyword": "And ",
            "line": 65,
            "name": "Go to project page and verify project title",
            "result": {
              "status": "skipped"
            }
          },
          {
            "arguments": [],
            "keyword": "Then ",
            "line": 66,
            "name": "Verify permission",
            "result": {
              "status": "skipped"
            }
          }
        ]
      },
      {
        "id": "project-profile;if-user-is-part-of-event-then-he-should-be-able-to-see-builder's-which-have-permission-level-for-everyone,-for-events-and-for-hub,-events-and-groups-[project-profile]",
        "keyword": "Scenario",
        "line": 68,
        "name": "If user is part of event then he should be able to see builder's which have permission level for everyone, for events and for hub, events and groups [Project Profile]",
        "tags": [],
        "type": "scenario",
        "steps": [
          {
            "arguments": [],
            "keyword": "Given ",
            "line": 69,
            "name": "Login to event member account",
            "result": {
              "status": "skipped"
            }
          },
          {
            "arguments": [],
            "keyword": "When ",
            "line": 70,
            "name": "Verify profile",
            "result": {
              "status": "skipped"
            }
          },
          {
            "arguments": [],
            "keyword": "And ",
            "line": 71,
            "name": "Go to project page and verify project title",
            "result": {
              "status": "skipped"
            }
          },
          {
            "arguments": [],
            "keyword": "Then ",
            "line": 72,
            "name": "Verify project permission",
            "result": {
              "status": "skipped"
            }
          }
        ]
      },
      {
        "id": "project-profile;other-user's-should-not-be-able-to-see-builder's-page-of-project's-they-are-not-part-of--[project-profile]",
        "keyword": "Scenario",
        "line": 74,
        "name": "Other user's should not be able to see builder's page of project's they are not part of  [Project Profile]",
        "tags": [],
        "type": "scenario",
        "steps": [
          {
            "arguments": [],
            "keyword": "Given ",
            "line": 75,
            "name": "Login to rebelbase portal and verify cookies",
            "result": {
              "status": "skipped"
            }
          },
          {
            "arguments": [],
            "keyword": "When ",
            "line": 76,
            "name": "Go to respective project page",
            "result": {
              "status": "skipped"
            }
          },
          {
            "arguments": [],
            "keyword": "And ",
            "line": 77,
            "name": "Verify title",
            "result": {
              "status": "skipped"
            }
          },
          {
            "arguments": [],
            "keyword": "Then ",
            "line": 78,
            "name": "Go to project's builder page and verify permission",
            "result": {
              "status": "skipped"
            }
          }
        ]
      },
      {
        "id": "project-profile;other-user's-should-only-be-able-to-see-answer's-with-permission-level-for-everyone-[project-profile]",
        "keyword": "Scenario",
        "line": 81,
        "name": "Other user's should only be able to see answer's with permission level for everyone [Project Profile]",
        "tags": [],
        "type": "scenario",
        "steps": [
          {
            "arguments": [],
            "keyword": "Given ",
            "line": 82,
            "name": "Login to rebelbase portal",
            "result": {
              "status": "skipped"
            }
          },
          {
            "arguments": [],
            "keyword": "When ",
            "line": 83,
            "name": "Verify profile, cookies",
            "result": {
              "status": "skipped"
            }
          },
          {
            "arguments": [],
            "keyword": "And ",
            "line": 84,
            "name": "Go to project page and verify project title",
            "result": {
              "status": "skipped"
            }
          },
          {
            "arguments": [],
            "keyword": "Then ",
            "line": 85,
            "name": "Verify permission for project",
            "result": {
              "status": "skipped"
            }
          }
        ]
      },
      {
        "id": "project-profile;logged-out-user's-should-not-be-able-to-edit-anything-[project-profile]",
        "keyword": "Scenario",
        "line": 87,
        "name": "Logged out user's should not be able to edit anything [Project Profile]",
        "tags": [],
        "type": "scenario",
        "steps": [
          {
            "arguments": [],
            "keyword": "Given ",
            "line": 88,
            "name": "Go to browse page",
            "result": {
              "status": "skipped"
            }
          },
          {
            "arguments": [],
            "keyword": "When ",
            "line": 89,
            "name": "Verify url and href",
            "result": {
              "status": "skipped"
            }
          },
          {
            "arguments": [],
            "keyword": "Then ",
            "line": 90,
            "name": "Verify if any of the edit-pen exist on page",
            "result": {
              "status": "skipped"
            }
          }
        ]
      },
      {
        "id": "project-profile;logged-out-user's-should-only-be-able-to-see-builder's-with-permission-level-for-everyone-[project-profile]",
        "keyword": "Scenario",
        "line": 92,
        "name": "Logged out user's should only be able to see builder's with permission level for everyone [Project Profile]",
        "tags": [],
        "type": "scenario",
        "steps": [
          {
            "arguments": [],
            "keyword": "Given ",
            "line": 93,
            "name": "Visit project page on Rebelbase portal",
            "result": {
              "status": "skipped"
            }
          },
          {
            "arguments": [],
            "keyword": "When ",
            "line": 94,
            "name": "Verify project title",
            "result": {
              "status": "skipped"
            }
          },
          {
            "arguments": [],
            "keyword": "Then ",
            "line": 95,
            "name": "Verify permission from project page",
            "result": {
              "status": "skipped"
            }
          }
        ]
      },
      {
        "id": "project-profile;logged-out-user's-should-not-be-able-to-see-builder's-page-[project-profile]",
        "keyword": "Scenario",
        "line": 97,
        "name": "Logged out user's should not be able to see builder's page [Project Profile]",
        "tags": [],
        "type": "scenario",
        "steps": [
          {
            "arguments": [],
            "keyword": "Given ",
            "line": 98,
            "name": "Login to rebelbase portal",
            "result": {
              "status": "skipped"
            }
          },
          {
            "arguments": [],
            "keyword": "When ",
            "line": 99,
            "name": "Verify profile, logout from account",
            "result": {
              "status": "skipped"
            }
          },
          {
            "arguments": [],
            "keyword": "And ",
            "line": 100,
            "name": "Go to project and verify project title",
            "result": {
              "status": "skipped"
            }
          },
          {
            "arguments": [],
            "keyword": "Then ",
            "line": 101,
            "name": "Go to project's builder page and verify url",
            "result": {
              "status": "skipped"
            }
          }
        ]
      },
      {
        "id": "project-profile;logged-out-user's-should-not-be-able-to-give-kudos-and-notes-and-should-be-redirected-to-login/signup-page-[project-profile]",
        "keyword": "Scenario",
        "line": 103,
        "name": "Logged out user's should not be able to give kudos and notes and should be redirected to login/signup page [Project Profile]",
        "tags": [],
        "type": "scenario",
        "steps": [
          {
            "arguments": [],
            "keyword": "Given ",
            "line": 104,
            "name": "Visit project page and verify project title",
            "result": {
              "status": "skipped"
            }
          },
          {
            "arguments": [],
            "keyword": "When ",
            "line": 105,
            "name": "Redirect to login when clicked on kudos",
            "result": {
              "status": "skipped"
            }
          },
          {
            "arguments": [],
            "keyword": "And ",
            "line": 106,
            "name": "Show login link when click on notes and redirect to login page",
            "result": {
              "status": "skipped"
            }
          },
          {
            "arguments": [],
            "keyword": "Then ",
            "line": 107,
            "name": "Show sign up link when click on notes and redirect to sign up page",
            "result": {
              "status": "skipped"
            }
          }
        ]
      },
      {
        "id": "project-profile;teammates-should-not-be-able-to-give-kudos",
        "keyword": "Scenario",
        "line": 109,
        "name": "Teammates should not be able to give kudos",
        "tags": [],
        "type": "scenario",
        "steps": [
          {
            "arguments": [],
            "keyword": "Given ",
            "line": 110,
            "name": "Login to team mate member account",
            "result": {
              "status": "skipped"
            }
          },
          {
            "arguments": [],
            "keyword": "When ",
            "line": 111,
            "name": "Verify profile is as aspected and cookies",
            "result": {
              "status": "skipped"
            }
          },
          {
            "arguments": [],
            "keyword": "Then ",
            "line": 112,
            "name": "Go to project page and give kudos",
            "result": {
              "status": "skipped"
            }
          }
        ]
      },
      {
        "id": "project-profile;user's-can-remove-their-notes-but-not-other's",
        "keyword": "Scenario",
        "line": 114,
        "name": "User's can remove their notes but not other's",
        "tags": [],
        "type": "scenario",
        "steps": [
          {
            "arguments": [],
            "keyword": "Given ",
            "line": 115,
            "name": "Login to product portal",
            "result": {
              "status": "skipped"
            }
          },
          {
            "arguments": [],
            "keyword": "When ",
            "line": 116,
            "name": "Go to project page",
            "result": {
              "status": "skipped"
            }
          },
          {
            "arguments": [],
            "keyword": "And ",
            "line": 117,
            "name": "Add notes",
            "result": {
              "status": "skipped"
            }
          },
          {
            "arguments": [],
            "keyword": "Then ",
            "line": 118,
            "name": "Delete notes",
            "result": {
              "status": "skipped"
            }
          }
        ]
      },
      {
        "id": "project-profile;check-if-teammates-are-properly-populated-and-visible-on-ui",
        "keyword": "Scenario",
        "line": 120,
        "name": "Check if teammates are properly populated and visible on UI",
        "tags": [],
        "type": "scenario",
        "steps": [
          {
            "arguments": [],
            "keyword": "Given ",
            "line": 121,
            "name": "Verify team mate 1 is properly populate on UI",
            "result": {
              "status": "skipped"
            }
          },
          {
            "arguments": [],
            "keyword": "When ",
            "line": 122,
            "name": "Verify team mate 2 is properly populate on UI",
            "result": {
              "status": "skipped"
            }
          },
          {
            "arguments": [],
            "keyword": "Then ",
            "line": 123,
            "name": "Verify team mate 3 is properly populate on UI",
            "result": {
              "status": "skipped"
            }
          }
        ]
      },
      {
        "id": "project-profile;in-brief-section-if-we-open-different-business-cases-it-should-highlight-that-section[project-profile]",
        "keyword": "Scenario",
        "line": 125,
        "name": "in brief section if we open different business cases it should highlight that section[Project Profile]",
        "tags": [],
        "type": "scenario",
        "steps": [
          {
            "arguments": [],
            "keyword": "Given ",
            "line": 126,
            "name": "Login to rebelbase portal and verify cookies",
            "result": {
              "status": "skipped"
            }
          },
          {
            "arguments": [],
            "keyword": "When ",
            "line": 127,
            "name": "Go to project page and verify project title",
            "result": {
              "status": "skipped"
            }
          },
          {
            "arguments": [],
            "keyword": "Then ",
            "line": 128,
            "name": "Verify section is highlighting",
            "result": {
              "status": "skipped"
            }
          }
        ]
      },
      {
        "id": "project-profile;change-publish-setting-on-project-page-from-my-events-to-others-vice-versa",
        "keyword": "Scenario",
        "line": 130,
        "name": "Change publish setting on project page from my events to others vice versa",
        "tags": [],
        "type": "scenario",
        "steps": [
          {
            "arguments": [],
            "keyword": "Given ",
            "line": 131,
            "name": "Login to the rebelbase portal and verify cookies",
            "result": {
              "status": "skipped"
            }
          },
          {
            "arguments": [],
            "keyword": "When ",
            "line": 132,
            "name": "Go to project page and verify project title",
            "result": {
              "status": "skipped"
            }
          },
          {
            "arguments": [],
            "keyword": "And ",
            "line": 133,
            "name": "Change publish settings on project page from my event to others",
            "result": {
              "status": "skipped"
            }
          },
          {
            "arguments": [],
            "keyword": "Then ",
            "line": 134,
            "name": "Change publish settings on project page from other to my event",
            "result": {
              "status": "skipped"
            }
          }
        ]
      },
      {
        "id": "project-profile;open-team-member-profile-from-project-page[project-profile]",
        "keyword": "Scenario",
        "line": 136,
        "name": "Open team member profile from project page[Project Profile]",
        "tags": [],
        "type": "scenario",
        "steps": [
          {
            "arguments": [],
            "keyword": "Given ",
            "line": 137,
            "name": "Login to rebelbase portal and verify cookies",
            "result": {
              "status": "skipped"
            }
          },
          {
            "arguments": [],
            "keyword": "When ",
            "line": 138,
            "name": "Go to project page and verify project title",
            "result": {
              "status": "skipped"
            }
          },
          {
            "arguments": [],
            "keyword": "Then ",
            "line": 139,
            "name": "Open team member profile from project page",
            "result": {
              "status": "skipped"
            }
          }
        ]
      },
      {
        "id": "project-profile;add-team-meber-from-project-page-by-edit-project-page[project-profile]",
        "keyword": "Scenario",
        "line": 141,
        "name": "Add team meber from project page by edit project page[Project Profile]",
        "tags": [],
        "type": "scenario",
        "steps": [
          {
            "arguments": [],
            "keyword": "Given ",
            "line": 142,
            "name": "Login to rebelbase portal and verify cookies",
            "result": {
              "status": "skipped"
            }
          },
          {
            "arguments": [],
            "keyword": "When ",
            "line": 143,
            "name": "Go to project page and verify project title",
            "result": {
              "status": "skipped"
            }
          },
          {
            "arguments": [],
            "keyword": "And ",
            "line": 144,
            "name": "Go to setting page from project page",
            "result": {
              "status": "skipped"
            }
          },
          {
            "arguments": [],
            "keyword": "Then ",
            "line": 145,
            "name": "Invite team member",
            "result": {
              "status": "skipped"
            }
          }
        ]
      },
      {
        "id": "project-profile;resend-project-invitation-from-edit-project-page-and-from-invite-member-page[project-profile]",
        "keyword": "Scenario",
        "line": 147,
        "name": "Resend project invitation from edit project page and from invite member page[Project Profile]",
        "tags": [],
        "type": "scenario",
        "steps": [
          {
            "arguments": [],
            "keyword": "Given ",
            "line": 148,
            "name": "Login to rebelbase portal and verify cookies",
            "result": {
              "status": "skipped"
            }
          },
          {
            "arguments": [],
            "keyword": "When ",
            "line": 149,
            "name": "Go to project page and verify project title",
            "result": {
              "status": "skipped"
            }
          },
          {
            "arguments": [],
            "keyword": "And ",
            "line": 150,
            "name": "Go to setting page from project page",
            "result": {
              "status": "skipped"
            }
          },
          {
            "arguments": [],
            "keyword": "And ",
            "line": 151,
            "name": "Send a nudge and close model",
            "result": {
              "status": "skipped"
            }
          },
          {
            "arguments": [],
            "keyword": "Then ",
            "line": 152,
            "name": "Resend invitation from setting page",
            "result": {
              "status": "skipped"
            }
          }
        ]
      },
      {
        "id": "project-profile;default-project-should-open-when-dashboard-loads[project-profile]",
        "keyword": "Scenario",
        "line": 154,
        "name": "Default project should open when dashboard loads[Project Profile]",
        "tags": [],
        "type": "scenario",
        "steps": [
          {
            "arguments": [],
            "keyword": "Given ",
            "line": 155,
            "name": "Login to rebelbase portal and verify cookies",
            "result": {
              "status": "skipped"
            }
          },
          {
            "arguments": [],
            "keyword": "When ",
            "line": 156,
            "name": "Go to project page and verify project title",
            "result": {
              "status": "skipped"
            }
          },
          {
            "arguments": [],
            "keyword": "Then ",
            "line": 157,
            "name": "Verify default project is open",
            "result": {
              "status": "skipped"
            }
          }
        ]
      },
      {
        "id": "project-profile;change-defualt-project-and-check-project-profile-should-open[project-profile]",
        "keyword": "Scenario",
        "line": 159,
        "name": "Change defualt project and check project profile should open[Project Profile]",
        "tags": [],
        "type": "scenario",
        "steps": [
          {
            "arguments": [],
            "keyword": "Given ",
            "line": 160,
            "name": "Login to rebelbase portal and verify cookies",
            "result": {
              "status": "skipped"
            }
          },
          {
            "arguments": [],
            "keyword": "When ",
            "line": 161,
            "name": "Go to project page and verify project title",
            "result": {
              "status": "skipped"
            }
          },
          {
            "arguments": [],
            "keyword": "Then ",
            "line": 162,
            "name": "Change default project",
            "result": {
              "status": "skipped"
            }
          }
        ]
      },
      {
        "id": "project-profile;resend-project-invitation-from-edit-project-page-[project-profile]",
        "keyword": "Scenario",
        "line": 164,
        "name": "Resend project invitation from edit project page [Project Profile]",
        "tags": [],
        "type": "scenario",
        "steps": [
          {
            "arguments": [],
            "keyword": "Given ",
            "line": 165,
            "name": "Login to rebelbase portal and verify cookies",
            "result": {
              "status": "skipped"
            }
          },
          {
            "arguments": [],
            "keyword": "When ",
            "line": 166,
            "name": "Go to project page and verify project title",
            "result": {
              "status": "skipped"
            }
          },
          {
            "arguments": [],
            "keyword": "Then ",
            "line": 167,
            "name": "Resend project invitation from edit project page",
            "result": {
              "status": "skipped"
            }
          }
        ]
      },
      {
        "id": "project-profile;duplicate-users-in-team",
        "keyword": "Scenario",
        "line": 169,
        "name": "Duplicate users in team",
        "tags": [],
        "type": "scenario",
        "steps": [
          {
            "arguments": [],
            "keyword": "Given ",
            "line": 170,
            "name": "Login to rebelbase portal",
            "result": {
              "status": "skipped"
            }
          },
          {
            "arguments": [],
            "keyword": "When ",
            "line": 171,
            "name": "Go to project builder page",
            "result": {
              "status": "skipped"
            }
          },
          {
            "arguments": [],
            "keyword": "And ",
            "line": 172,
            "name": "Go to project page",
            "result": {
              "status": "skipped"
            }
          },
          {
            "arguments": [],
            "keyword": "Then ",
            "line": 173,
            "name": "Check for duplicate email id",
            "result": {
              "status": "skipped"
            }
          }
        ]
      },
      {
        "id": "project-profile;profilepage",
        "keyword": "Scenario",
        "line": 175,
        "name": "Profilepage",
        "tags": [],
        "type": "scenario",
        "steps": [
          {
            "arguments": [],
            "keyword": "Given ",
            "line": 176,
            "name": "Login to rebelbase portal",
            "result": {
              "status": "skipped"
            }
          },
          {
            "arguments": [],
            "keyword": "When ",
            "line": 177,
            "name": "Edit about",
            "result": {
              "status": "skipped"
            }
          },
          {
            "arguments": [],
            "keyword": "And ",
            "line": 178,
            "name": "Add experience",
            "result": {
              "status": "skipped"
            }
          },
          {
            "arguments": [],
            "keyword": "And ",
            "line": 179,
            "name": "Edit experience",
            "result": {
              "status": "skipped"
            }
          },
          {
            "arguments": [],
            "keyword": "And ",
            "line": 180,
            "name": "Edit social media links",
            "result": {
              "status": "skipped"
            }
          },
          {
            "arguments": [],
            "keyword": "Then ",
            "line": 181,
            "name": "Create new project",
            "result": {
              "status": "skipped"
            }
          }
        ]
      },
      {
        "id": "project-profile;accpet-project-invitation-from-web-application",
        "keyword": "Scenario",
        "line": 184,
        "name": "Accpet project invitation from web application",
        "tags": [
          {
            "name": "@focus",
            "line": 183
          }
        ],
        "type": "scenario",
        "steps": [
          {
            "arguments": [],
            "keyword": "Given ",
            "line": 185,
            "name": "Login and verify cookies",
            "result": {
              "status": "passed",
              "duration": 11853000000
            }
          },
          {
            "arguments": [],
            "keyword": "Then ",
            "line": 189,
            "name": "Delete same project",
            "result": {
              "status": "failed",
              "error_message": "AssertionError: Timed out retrying after 100000ms: Expected to find element: `#result`, but never found it.\n    at Context.eval (https://app.dev.rebelbase.co/__cypress/tests?p=cypress\\integration\\cucumber-test\\ProjectProfile.feature:940:21)\n    at Context.resolveAndRunStepDefinition (https://app.dev.rebelbase.co/__cypress/tests?p=cypress\\integration\\cucumber-test\\ProjectProfile.feature:13767:29)\n    at Context.eval (https://app.dev.rebelbase.co/__cypress/tests?p=cypress\\integration\\cucumber-test\\ProjectProfile.feature:13088:35)"
            }
          }
        ]
      }
    ]
  }
]