[
  {
    "keyword": "Feature",
    "name": "Brain Section",
    "line": 1,
    "id": "brain-section",
    "tags": [],
    "uri": "Brain.feature",
    "elements": [
      {
        "id": "brain-section;send-hub-invitation-from-brain-page-,delete-invitation-and-resend-invitation-to-user",
        "keyword": "Scenario",
        "line": 10,
        "name": "Send hub invitation from brain page ,delete invitation and resend invitation to user",
        "tags": [],
        "type": "scenario",
        "steps": [
          {
            "arguments": [],
            "keyword": "Given ",
            "line": 11,
            "name": "I access the brain section page",
            "result": {
              "status": "passed",
              "duration": 38645000000
            }
          },
          {
            "arguments": [],
            "keyword": "When ",
            "line": 12,
            "name": "I send hub invitation from brain page",
            "result": {
              "status": "passed",
              "duration": 7871000000
            }
          },
          {
            "arguments": [],
            "keyword": "And ",
            "line": 13,
            "name": "Send nudge and delete invitation",
            "result": {
              "status": "passed",
              "duration": 9113000000
            }
          },
          {
            "arguments": [],
            "keyword": "And ",
            "line": 14,
            "name": "Reend invitation",
            "result": {
              "status": "passed",
              "duration": 8290000000
            }
          },
          {
            "arguments": [],
            "keyword": "And ",
            "line": 15,
            "name": "Resend nudge",
            "result": {
              "status": "passed",
              "duration": 3550000000
            }
          }
        ]
      },
      {
        "id": "brain-section;navigate-through-the-links-using-loops",
        "keyword": "Scenario",
        "line": 17,
        "name": "Navigate through the links using loops",
        "tags": [],
        "type": "scenario",
        "steps": [
          {
            "arguments": [],
            "keyword": "Given ",
            "line": 18,
            "name": "I access the brain section page",
            "result": {
              "status": "passed",
              "duration": 55405000000
            }
          },
          {
            "arguments": [],
            "keyword": "When ",
            "line": 19,
            "name": "Close Notification",
            "result": {
              "status": "passed",
              "duration": 1023000000
            }
          },
          {
            "arguments": [],
            "keyword": "And ",
            "line": 20,
            "name": "Nevigate to RebelBase Hub 101",
            "result": {
              "status": "passed",
              "duration": 1580000000
            }
          },
          {
            "arguments": [],
            "keyword": "And ",
            "line": 21,
            "name": "Nevigate to Projects + Builders",
            "result": {
              "status": "passed",
              "duration": 365000000
            }
          },
          {
            "arguments": [],
            "keyword": "And ",
            "line": 22,
            "name": "Nevigate to Collaboration",
            "result": {
              "status": "passed",
              "duration": 418000000
            }
          },
          {
            "arguments": [],
            "keyword": "And ",
            "line": 23,
            "name": "Nevigate to Invite to Your Hub",
            "result": {
              "status": "passed",
              "duration": 358000000
            }
          },
          {
            "arguments": [],
            "keyword": "And ",
            "line": 24,
            "name": "Nevigate to Groups",
            "result": {
              "status": "passed",
              "duration": 360000000
            }
          },
          {
            "arguments": [],
            "keyword": "And ",
            "line": 25,
            "name": "Nevigate to Events",
            "result": {
              "status": "passed",
              "duration": 397000000
            }
          }
        ]
      }
    ]
  }
]