[
  {
    "keyword": "Feature",
    "name": "Builders",
    "line": 1,
    "id": "builders",
    "tags": [],
    "uri": "Builder.feature",
    "elements": [
      {
        "id": "builders;change-track-on-builder-page->-it-should-change-builders-types",
        "keyword": "Scenario",
        "line": 57,
        "name": "change track on builder page > it should change builders types",
        "tags": [],
        "type": "scenario",
        "steps": [
          {
            "arguments": [],
            "keyword": "Given ",
            "line": 58,
            "name": "Visit builder page on rebelbase portal",
            "result": {
              "status": "passed",
              "duration": 12086000000
            }
          },
          {
            "arguments": [],
            "keyword": "When ",
            "line": 59,
            "name": "Close the notification",
            "result": {
              "status": "passed",
              "duration": 32867000000
            }
          },
          {
            "arguments": [],
            "keyword": "And ",
            "line": 60,
            "name": "Switch track from builder page",
            "result": {
              "status": "passed",
              "duration": 4658000000
            }
          },
          {
            "arguments": [],
            "keyword": "Then ",
            "line": 61,
            "name": "Verify next track",
            "result": {
              "status": "passed",
              "duration": 6214000000
            }
          }
        ]
      },
      {
        "id": "builders;change-track-on-project-builder-page-and-complete-one-type-of-builder-answers",
        "keyword": "Scenario",
        "line": 63,
        "name": "change track on project builder page and complete one type of builder answers",
        "tags": [],
        "type": "scenario",
        "steps": [
          {
            "arguments": [],
            "keyword": "Given ",
            "line": 64,
            "name": "Visit builder page on rebelbase portal",
            "result": {
              "status": "passed",
              "duration": 38247000000
            }
          },
          {
            "arguments": [],
            "keyword": "When ",
            "line": 65,
            "name": "Go to project builder page",
            "result": {
              "status": "passed",
              "duration": 1531000000
            }
          },
          {
            "arguments": [],
            "keyword": "And ",
            "line": 66,
            "name": "Change project track",
            "result": {
              "status": "passed",
              "duration": 7870000000
            }
          },
          {
            "arguments": [],
            "keyword": "And ",
            "line": 67,
            "name": "Complete answer one type of answer",
            "result": {
              "status": "passed",
              "duration": 46091000000
            }
          },
          {
            "arguments": [],
            "keyword": "And ",
            "line": 68,
            "name": "Go to review and publish page and publish answer",
            "result": {
              "status": "passed",
              "duration": 7721000000
            }
          },
          {
            "arguments": [],
            "keyword": "And ",
            "line": 69,
            "name": "Re check answer",
            "result": {
              "status": "passed",
              "duration": 60621000000
            }
          },
          {
            "arguments": [],
            "keyword": "Then ",
            "line": 70,
            "name": "Re publish the answer",
            "result": {
              "status": "passed",
              "duration": 6411000000
            }
          }
        ]
      }
    ]
  }
]