[
  {
    "keyword": "Feature",
    "name": "Event",
    "line": 1,
    "id": "event",
    "tags": [],
    "uri": "Events.feature",
    "elements": [
      {
        "id": "event;event-update-notification",
        "keyword": "Scenario",
        "line": 146,
        "name": "Event Update Notification",
        "tags": [],
        "type": "scenario",
        "steps": [
          {
            "arguments": [],
            "keyword": "Given ",
            "line": 147,
            "name": "Event Detail update and Event Description update",
            "result": {
              "status": "passed",
              "duration": 137000000
            }
          },
          {
            "arguments": [],
            "keyword": "When ",
            "line": 148,
            "name": "Details for Event Name have been updated",
            "result": {
              "status": "passed",
              "duration": 10000000
            }
          },
          {
            "arguments": [],
            "keyword": "And ",
            "line": 149,
            "name": "The location for Event Name has been updated",
            "result": {
              "status": "passed",
              "duration": 8000000
            }
          },
          {
            "arguments": [],
            "keyword": "And ",
            "line": 150,
            "name": "The date and location for Event Name have been updated",
            "result": {
              "status": "passed",
              "duration": 9000000
            }
          },
          {
            "arguments": [],
            "keyword": "And ",
            "line": 151,
            "name": "The details and date for Event Name have been updated",
            "result": {
              "status": "passed",
              "duration": 14000000
            }
          },
          {
            "arguments": [],
            "keyword": "Then ",
            "line": 152,
            "name": "The details, location, and event type for Event Name have been updated",
            "result": {
              "status": "passed",
              "duration": 12000000
            }
          }
        ]
      }
    ]
  }
]