[
  {
    "keyword": "Feature",
    "name": "Hub Group",
    "line": 1,
    "id": "hub-group",
    "tags": [],
    "uri": "Group.feature",
    "elements": [
      {
        "id": "hub-group;group-overview-member",
        "keyword": "Scenario",
        "line": 3,
        "name": "Group Overview member",
        "tags": [],
        "type": "scenario",
        "steps": [
          {
            "arguments": [],
            "keyword": "Given ",
            "line": 4,
            "name": "Visit RebelBase portal",
            "result": {
              "status": "undefined",
              "duration": 150000000
            }
          },
          {
            "arguments": [],
            "keyword": "When ",
            "line": 5,
            "name": "Login to the rebelbase portal",
            "result": {
              "status": "skipped"
            }
          },
          {
            "arguments": [],
            "keyword": "And ",
            "line": 6,
            "name": "Verify profile URL and user token",
            "result": {
              "status": "skipped"
            }
          },
          {
            "arguments": [],
            "keyword": "And ",
            "line": 7,
            "name": "Visit Group page",
            "result": {
              "status": "skipped"
            }
          },
          {
            "arguments": [],
            "keyword": "Then ",
            "line": 8,
            "name": "Test",
            "result": {
              "status": "skipped"
            }
          }
        ]
      }
    ]
  }
]