[
  {
    "keyword": "Feature",
    "name": "Hub Activity",
    "line": 1,
    "id": "hub-activity",
    "tags": [],
    "uri": "HubActivity.feature",
    "elements": [
      {
        "id": "hub-activity;create-offer-reply-and-delete",
        "keyword": "Scenario",
        "line": 124,
        "name": "Create offer reply and delete",
        "tags": [],
        "type": "scenario",
        "steps": [
          {
            "arguments": [],
            "keyword": "Given ",
            "line": 125,
            "name": "Verify profile page and cookies",
            "result": {
              "status": "passed",
              "duration": 12352000000
            }
          },
          {
            "arguments": [],
            "keyword": "When ",
            "line": 126,
            "name": "Go to Activity page",
            "result": {
              "status": "passed",
              "duration": 22140000000
            }
          },
          {
            "arguments": [],
            "keyword": "And ",
            "line": 127,
            "name": "Create offer",
            "result": {
              "status": "passed",
              "duration": 10149000000
            }
          },
          {
            "arguments": [],
            "keyword": "And ",
            "line": 128,
            "name": "Reply to offer",
            "result": {
              "status": "passed",
              "duration": 5097000000
            }
          },
          {
            "arguments": [],
            "keyword": "And ",
            "line": 129,
            "name": "Give Kudos and edit offer",
            "result": {
              "status": "passed",
              "duration": 12727000000
            }
          },
          {
            "arguments": [],
            "keyword": "Then ",
            "line": 130,
            "name": "Delete Offer",
            "result": {
              "status": "passed",
              "duration": 7762000000
            }
          }
        ]
      }
    ]
  }
]