[
  {
    "keyword": "Feature",
    "name": "Hub Group",
    "line": 1,
    "id": "hub-group",
    "tags": [],
    "uri": "HubGroups.feature",
    "elements": [
      {
        "id": "hub-group;group-overview-member",
        "keyword": "Scenario",
        "line": 3,
        "name": "Group Overview member",
        "tags": [],
        "type": "scenario",
        "steps": [
          {
            "arguments": [],
            "keyword": "Given ",
            "line": 4,
            "name": "Visit RebelBase portal",
            "result": {
              "status": "passed",
              "duration": 12814000000
            }
          },
          {
            "arguments": [],
            "keyword": "When ",
            "line": 5,
            "name": "Login to the rebelbase portal",
            "result": {
              "status": "passed",
              "duration": 7036000000
            }
          },
          {
            "arguments": [],
            "keyword": "And ",
            "line": 6,
            "name": "Verify profile URL and user token",
            "result": {
              "status": "passed",
              "duration": 117000000
            }
          },
          {
            "arguments": [],
            "keyword": "And ",
            "line": 7,
            "name": "Visit Group page",
            "result": {
              "status": "passed",
              "duration": 12492000000
            }
          },
          {
            "arguments": [],
            "keyword": "Then ",
            "line": 8,
            "name": "Verify past created groups is exist",
            "result": {
              "status": "passed",
              "duration": 1290000000
            }
          }
        ]
      },
      {
        "id": "hub-group;checking-group-with-no-schedule-members-login",
        "keyword": "Scenario",
        "line": 10,
        "name": "checking group with no schedule members login",
        "tags": [],
        "type": "scenario",
        "steps": [
          {
            "arguments": [],
            "keyword": "Given ",
            "line": 11,
            "name": "Visit RebelBase portal",
            "result": {
              "status": "passed",
              "duration": 4910000000
            }
          },
          {
            "arguments": [],
            "keyword": "When ",
            "line": 12,
            "name": "Login to the rebelbase portal",
            "result": {
              "status": "passed",
              "duration": 6816000000
            }
          },
          {
            "arguments": [],
            "keyword": "And ",
            "line": 13,
            "name": "Verify profile URL and user token",
            "result": {
              "status": "passed",
              "duration": 63000000
            }
          },
          {
            "arguments": [],
            "keyword": "And ",
            "line": 14,
            "name": "Visit Group page",
            "result": {
              "status": "passed",
              "duration": 12267000000
            }
          },
          {
            "arguments": [],
            "keyword": "Then ",
            "line": 15,
            "name": "Check group schedule",
            "result": {
              "status": "passed",
              "duration": 9332000000
            }
          }
        ]
      },
      {
        "id": "hub-group;create-group-with-schedule",
        "keyword": "Scenario",
        "line": 17,
        "name": "Create group with schedule",
        "tags": [],
        "type": "scenario",
        "steps": [
          {
            "arguments": [],
            "keyword": "Given ",
            "line": 18,
            "name": "Login to rebelbase portal",
            "result": {
              "status": "passed",
              "duration": 11128000000
            }
          },
          {
            "arguments": [],
            "keyword": "When ",
            "line": 19,
            "name": "Visit Group page",
            "result": {
              "status": "passed",
              "duration": 30625000000
            }
          },
          {
            "arguments": [],
            "keyword": "And ",
            "line": 20,
            "name": "Add group",
            "result": {
              "status": "passed",
              "duration": 9712000000
            }
          },
          {
            "arguments": [],
            "keyword": "And ",
            "line": 21,
            "name": "Verify created group",
            "result": {
              "status": "passed",
              "duration": 1705000000
            }
          },
          {
            "arguments": [],
            "keyword": "And ",
            "line": 22,
            "name": "Redirect to group page",
            "result": {
              "status": "passed",
              "duration": 6256000000
            }
          },
          {
            "arguments": [],
            "keyword": "Then ",
            "line": 23,
            "name": "Search created group and delete it",
            "result": {
              "status": "passed",
              "duration": 151461000000
            }
          }
        ]
      },
      {
        "id": "hub-group;checking-group-with-schedule-members-login",
        "keyword": "Scenario",
        "line": 25,
        "name": "Checking group with schedule members login",
        "tags": [],
        "type": "scenario",
        "steps": [
          {
            "arguments": [],
            "keyword": "Given ",
            "line": 26,
            "name": "Visit rebelbase portal",
            "result": {
              "status": "passed",
              "duration": 12556000000
            }
          },
          {
            "arguments": [],
            "keyword": "When ",
            "line": 27,
            "name": "Login to the rebelbase portal",
            "result": {
              "status": "passed",
              "duration": 6884000000
            }
          },
          {
            "arguments": [],
            "keyword": "And ",
            "line": 28,
            "name": "Verify profile and user token",
            "result": {
              "status": "passed",
              "duration": 71000000
            }
          },
          {
            "arguments": [],
            "keyword": "And ",
            "line": 29,
            "name": "Redirect to group page",
            "result": {
              "status": "passed",
              "duration": 6032000000
            }
          },
          {
            "arguments": [],
            "keyword": "Then ",
            "line": 30,
            "name": "Verify exist group",
            "result": {
              "status": "passed",
              "duration": 25002000000
            }
          }
        ]
      },
      {
        "id": "hub-group;group-overview-from-admin",
        "keyword": "Scenario",
        "line": 32,
        "name": "Group Overview from Admin",
        "tags": [],
        "type": "scenario",
        "steps": [
          {
            "arguments": [],
            "keyword": "Given ",
            "line": 33,
            "name": "Visit rebelbase portal",
            "result": {
              "status": "passed",
              "duration": 4846000000
            }
          },
          {
            "arguments": [],
            "keyword": "When ",
            "line": 34,
            "name": "Login to the rebelbase portal",
            "result": {
              "status": "passed",
              "duration": 6838000000
            }
          },
          {
            "arguments": [],
            "keyword": "And ",
            "line": 35,
            "name": "Verify profile and user token",
            "result": {
              "status": "passed",
              "duration": 58000000
            }
          },
          {
            "arguments": [],
            "keyword": "And ",
            "line": 36,
            "name": "Redirect to group page",
            "result": {
              "status": "passed",
              "duration": 3810000000
            }
          },
          {
            "arguments": [],
            "keyword": "Then ",
            "line": 37,
            "name": "Verify add group button is visible",
            "result": {
              "status": "failed",
              "error_message": "AssertionError: Timed out retrying after 300000ms: Expected to find element: `.group-overview__add-btn`, but never found it.\n    at Context.eval (https://app.dev.rebelbase.co/__cypress/tests?p=cypress\\integration\\cucumber-test\\HubGroups.feature:180:71)\n    at Context.resolveAndRunStepDefinition (https://app.dev.rebelbase.co/__cypress/tests?p=cypress\\integration\\cucumber-test\\HubGroups.feature:13010:29)\n    at Context.eval (https://app.dev.rebelbase.co/__cypress/tests?p=cypress\\integration\\cucumber-test\\HubGroups.feature:12331:35)"
            }
          }
        ]
      },
      {
        "id": "hub-group;check-group-without-schedule-from-admin",
        "keyword": "Scenario",
        "line": 39,
        "name": "Check Group without Schedule from Admin",
        "tags": [],
        "type": "scenario",
        "steps": [
          {
            "arguments": [],
            "keyword": "Given ",
            "line": 40,
            "name": "Visit rebelbase portal",
            "result": {
              "status": "passed",
              "duration": 8267000000
            }
          },
          {
            "arguments": [],
            "keyword": "When ",
            "line": 41,
            "name": "Login to the rebelbase portal",
            "result": {
              "status": "passed",
              "duration": 7022000000
            }
          },
          {
            "arguments": [],
            "keyword": "And ",
            "line": 42,
            "name": "Verify profile and user token",
            "result": {
              "status": "passed",
              "duration": 101000000
            }
          },
          {
            "arguments": [],
            "keyword": "And ",
            "line": 43,
            "name": "Redirect to group page",
            "result": {
              "status": "passed",
              "duration": 3926000000
            }
          },
          {
            "arguments": [],
            "keyword": "And ",
            "line": 44,
            "name": "Verify add group button is visible",
            "result": {
              "status": "failed",
              "error_message": "AssertionError: Timed out retrying after 300000ms: Expected to find element: `.group-overview__add-btn`, but never found it.\n    at Context.eval (https://app.dev.rebelbase.co/__cypress/tests?p=cypress\\integration\\cucumber-test\\HubGroups.feature:180:71)\n    at Context.resolveAndRunStepDefinition (https://app.dev.rebelbase.co/__cypress/tests?p=cypress\\integration\\cucumber-test\\HubGroups.feature:13010:29)\n    at Context.eval (https://app.dev.rebelbase.co/__cypress/tests?p=cypress\\integration\\cucumber-test\\HubGroups.feature:12331:35)"
            }
          },
          {
            "arguments": [],
            "keyword": "Then ",
            "line": 45,
            "name": "Redirect to test dev group",
            "result": {
              "status": "skipped"
            }
          }
        ]
      },
      {
        "id": "hub-group;group-with-schedule-[admin]",
        "keyword": "Scenario",
        "line": 47,
        "name": "Group with Schedule [Admin]",
        "tags": [],
        "type": "scenario",
        "steps": [
          {
            "arguments": [],
            "keyword": "Given ",
            "line": 48,
            "name": "Visit rebelbase portal",
            "result": {
              "status": "passed",
              "duration": 7311000000
            }
          },
          {
            "arguments": [],
            "keyword": "When ",
            "line": 49,
            "name": "Login to the rebelbase portal",
            "result": {
              "status": "passed",
              "duration": 7865000000
            }
          },
          {
            "arguments": [],
            "keyword": "And ",
            "line": 50,
            "name": "Verify profile and user token",
            "result": {
              "status": "passed",
              "duration": 103000000
            }
          },
          {
            "arguments": [],
            "keyword": "And ",
            "line": 51,
            "name": "Redirect to group page",
            "result": {
              "status": "passed",
              "duration": 6997000000
            }
          },
          {
            "arguments": [],
            "keyword": "And ",
            "line": 52,
            "name": "Verify add group button is visible",
            "result": {
              "status": "failed",
              "error_message": "AssertionError: Timed out retrying after 300000ms: Expected to find element: `.group-overview__add-btn`, but never found it.\n    at Context.eval (https://app.dev.rebelbase.co/__cypress/tests?p=cypress\\integration\\cucumber-test\\HubGroups.feature:180:71)\n    at Context.resolveAndRunStepDefinition (https://app.dev.rebelbase.co/__cypress/tests?p=cypress\\integration\\cucumber-test\\HubGroups.feature:13010:29)\n    at Context.eval (https://app.dev.rebelbase.co/__cypress/tests?p=cypress\\integration\\cucumber-test\\HubGroups.feature:12331:35)"
            }
          },
          {
            "arguments": [],
            "keyword": "Then ",
            "line": 53,
            "name": "Redirect to test dev group",
            "result": {
              "status": "skipped"
            }
          }
        ]
      },
      {
        "id": "hub-group;invite-new-user-to-hub-from-group-and-create-and-add-project-to-group",
        "keyword": "Scenario",
        "line": 55,
        "name": "Invite new user to hub from group and create and add project to group",
        "tags": [],
        "type": "scenario",
        "steps": [
          {
            "arguments": [],
            "keyword": "Given ",
            "line": 56,
            "name": "Visit rebelbase portal",
            "result": {
              "status": "passed",
              "duration": 8949000000
            }
          },
          {
            "arguments": [],
            "keyword": "When ",
            "line": 57,
            "name": "Login to the rebelbase portal",
            "result": {
              "status": "passed",
              "duration": 7137000000
            }
          },
          {
            "arguments": [],
            "keyword": "And ",
            "line": 58,
            "name": "Redirect to group page",
            "result": {
              "status": "passed",
              "duration": 23486000000
            }
          },
          {
            "arguments": [],
            "keyword": "And ",
            "line": 59,
            "name": "Go to test dev group",
            "result": {
              "status": "passed",
              "duration": 8329000000
            }
          },
          {
            "arguments": [],
            "keyword": "And ",
            "line": 60,
            "name": "Add member to the group",
            "result": {
              "status": "failed",
              "error_message": "AssertionError: Timed out retrying after 300000ms: Expected to find element: `.group__add-members-btn`, but never found it.\n    at ensureExistence (https://app.dev.rebelbase.co/__cypress/runner/cypress_runner.js:163642:25)\n    at $Cy.ensureElExistence (https://app.dev.rebelbase.co/__cypress/runner/cypress_runner.js:163660:12)\n    at ensureExistence (https://app.dev.rebelbase.co/__cypress/runner/cypress_runner.js:150857:25)\n    at onFailFn (https://app.dev.rebelbase.co/__cypress/runner/cypress_runner.js:150897:11)\nFrom previous event:\n    at $Cy.verifyUpcomingAssertions (https://app.dev.rebelbase.co/__cypress/runner/cypress_runner.js:150956:105)\n    at https://app.dev.rebelbase.co/__cypress/runner/cypress_runner.js:159567:21\nFrom previous event:\n    at resolveElements (https://app.dev.rebelbase.co/__cypress/runner/cypress_runner.js:159562:81)\n    at whenStable (https://app.dev.rebelbase.co/__cypress/runner/cypress_runner.js:168438:63)\n    at https://app.dev.rebelbase.co/__cypress/runner/cypress_runner.js:167935:14"
            }
          },
          {
            "arguments": [],
            "keyword": "And ",
            "line": 61,
            "name": "Logout to the account",
            "result": {
              "status": "skipped"
            }
          },
          {
            "arguments": [],
            "keyword": "And ",
            "line": 62,
            "name": "Signup new user",
            "result": {
              "status": "skipped"
            }
          },
          {
            "arguments": [],
            "keyword": "Then ",
            "line": 63,
            "name": "Accept invitation",
            "result": {
              "status": "skipped"
            }
          }
        ]
      },
      {
        "id": "hub-group;duplicate-group-name",
        "keyword": "Scenario",
        "line": 65,
        "name": "Duplicate group name",
        "tags": [],
        "type": "scenario",
        "steps": [
          {
            "arguments": [],
            "keyword": "Given ",
            "line": 66,
            "name": "Intercept section blueprint api call",
            "result": {
              "status": "passed",
              "duration": 3445000000
            }
          },
          {
            "arguments": [],
            "keyword": "When ",
            "line": 67,
            "name": "Login to the rebelbase portal",
            "result": {
              "status": "passed",
              "duration": 10669000000
            }
          },
          {
            "arguments": [],
            "keyword": "And ",
            "line": 68,
            "name": "Verify api response",
            "result": {
              "status": "passed",
              "duration": 8792000000
            }
          },
          {
            "arguments": [],
            "keyword": "And ",
            "line": 69,
            "name": "Redirect to group page",
            "result": {
              "status": "passed",
              "duration": 5351000000
            }
          },
          {
            "arguments": [],
            "keyword": "And ",
            "line": 70,
            "name": "Creating group",
            "result": {
              "status": "failed",
              "error_message": "AssertionError: Timed out retrying after 300000ms: Expected to find element: `.group-overview__add-btn`, but never found it.\n    at ensureExistence (https://app.dev.rebelbase.co/__cypress/runner/cypress_runner.js:163642:25)\n    at $Cy.ensureElExistence (https://app.dev.rebelbase.co/__cypress/runner/cypress_runner.js:163660:12)\n    at ensureExistence (https://app.dev.rebelbase.co/__cypress/runner/cypress_runner.js:150857:25)\n    at onFailFn (https://app.dev.rebelbase.co/__cypress/runner/cypress_runner.js:150897:11)\nFrom previous event:\n    at $Cy.verifyUpcomingAssertions (https://app.dev.rebelbase.co/__cypress/runner/cypress_runner.js:150956:105)\n    at https://app.dev.rebelbase.co/__cypress/runner/cypress_runner.js:159567:21\nFrom previous event:\n    at resolveElements (https://app.dev.rebelbase.co/__cypress/runner/cypress_runner.js:159562:81)\n    at whenStable (https://app.dev.rebelbase.co/__cypress/runner/cypress_runner.js:168438:63)\n    at https://app.dev.rebelbase.co/__cypress/runner/cypress_runner.js:167935:14"
            }
          },
          {
            "arguments": [],
            "keyword": "Then ",
            "line": 71,
            "name": "Verify alert message",
            "result": {
              "status": "skipped"
            }
          }
        ]
      },
      {
        "id": "hub-group;add-builder-schedule",
        "keyword": "Scenario",
        "line": 73,
        "name": "Add builder schedule",
        "tags": [],
        "type": "scenario",
        "steps": [
          {
            "arguments": [],
            "keyword": "Given ",
            "line": 74,
            "name": "Login to the rebelbase portal",
            "result": {
              "status": "passed",
              "duration": 14311000000
            }
          },
          {
            "arguments": [],
            "keyword": "When ",
            "line": 75,
            "name": "Redirect to group page",
            "result": {
              "status": "passed",
              "duration": 3432000000
            }
          },
          {
            "arguments": [],
            "keyword": "And ",
            "line": 76,
            "name": "Go to group and set schedule",
            "result": {
              "status": "passed",
              "duration": 46215000000
            }
          },
          {
            "arguments": [],
            "keyword": "Then ",
            "line": 77,
            "name": "Verify schedule is save",
            "result": {
              "status": "failed",
              "error_message": "AssertionError: Timed out retrying after 300000ms: Expected to find content: 'Builder(s) saved successfully.' within the element: <p.popUp__note> but never did.\n    at Context.eval (https://app.dev.rebelbase.co/__cypress/tests?p=cypress\\integration\\cucumber-test\\HubGroups.feature:376:65)\n    at Context.resolveAndRunStepDefinition (https://app.dev.rebelbase.co/__cypress/tests?p=cypress\\integration\\cucumber-test\\HubGroups.feature:13010:29)\n    at Context.eval (https://app.dev.rebelbase.co/__cypress/tests?p=cypress\\integration\\cucumber-test\\HubGroups.feature:12331:35)"
            }
          }
        ]
      },
      {
        "id": "hub-group;add-search-and-delete-member-from-group",
        "keyword": "Scenario",
        "line": 79,
        "name": "Add search and delete member from group",
        "tags": [],
        "type": "scenario",
        "steps": [
          {
            "arguments": [],
            "keyword": "Given ",
            "line": 80,
            "name": "Login to the rebelbase portal",
            "result": {
              "status": "passed",
              "duration": 14419000000
            }
          },
          {
            "arguments": [],
            "keyword": "When ",
            "line": 81,
            "name": "Redirect to group page",
            "result": {
              "status": "passed",
              "duration": 6384000000
            }
          },
          {
            "arguments": [],
            "keyword": "And ",
            "line": 82,
            "name": "Go to group and delete member",
            "result": {
              "status": "failed",
              "error_message": "AssertionError: Timed out retrying after 300000ms: Expected to find element: `//div[@class='ReactModalPortal']//button[contains(text(),'Delete')]`, but never found it.\n    at ensureExistence (https://app.dev.rebelbase.co/__cypress/runner/cypress_runner.js:163642:25)\n    at $Cy.ensureElExistence (https://app.dev.rebelbase.co/__cypress/runner/cypress_runner.js:163660:12)\n    at ensureExistence (https://app.dev.rebelbase.co/__cypress/runner/cypress_runner.js:150857:25)\n    at onFailFn (https://app.dev.rebelbase.co/__cypress/runner/cypress_runner.js:150897:11)\nFrom previous event:\n    at $Cy.verifyUpcomingAssertions (https://app.dev.rebelbase.co/__cypress/runner/cypress_runner.js:150956:105)\nFrom previous event:\n    at whenStable (https://app.dev.rebelbase.co/__cypress/runner/cypress_runner.js:168438:63)\n    at https://app.dev.rebelbase.co/__cypress/runner/cypress_runner.js:167935:14"
            }
          },
          {
            "arguments": [],
            "keyword": "And ",
            "line": 83,
            "name": "Add member to the group",
            "result": {
              "status": "skipped"
            }
          },
          {
            "arguments": [],
            "keyword": "Then ",
            "line": 84,
            "name": "Delete member from group",
            "result": {
              "status": "skipped"
            }
          }
        ]
      },
      {
        "id": "hub-group;add-delete-manager-in-group",
        "keyword": "Scenario",
        "line": 86,
        "name": "Add delete manager in group",
        "tags": [],
        "type": "scenario",
        "steps": [
          {
            "arguments": [],
            "keyword": "Given ",
            "line": 87,
            "name": "Login to the rebelbase portal",
            "result": {
              "status": "passed",
              "duration": 13811000000
            }
          },
          {
            "arguments": [],
            "keyword": "When ",
            "line": 88,
            "name": "Redirect to group page",
            "result": {
              "status": "passed",
              "duration": 26893000000
            }
          },
          {
            "arguments": [],
            "keyword": "And ",
            "line": 89,
            "name": "Add new group",
            "result": {
              "status": "failed",
              "error_message": "AssertionError: Timed out retrying after 300000ms: Expected to find element: `.group-overview__add-btn`, but never found it.\n    at ensureExistence (https://app.dev.rebelbase.co/__cypress/runner/cypress_runner.js:163642:25)\n    at $Cy.ensureElExistence (https://app.dev.rebelbase.co/__cypress/runner/cypress_runner.js:163660:12)\n    at ensureExistence (https://app.dev.rebelbase.co/__cypress/runner/cypress_runner.js:150857:25)\n    at onFailFn (https://app.dev.rebelbase.co/__cypress/runner/cypress_runner.js:150897:11)\nFrom previous event:\n    at $Cy.verifyUpcomingAssertions (https://app.dev.rebelbase.co/__cypress/runner/cypress_runner.js:150956:105)\n    at https://app.dev.rebelbase.co/__cypress/runner/cypress_runner.js:159567:21\nFrom previous event:\n    at resolveElements (https://app.dev.rebelbase.co/__cypress/runner/cypress_runner.js:159562:81)\n    at whenStable (https://app.dev.rebelbase.co/__cypress/runner/cypress_runner.js:168438:63)\n    at https://app.dev.rebelbase.co/__cypress/runner/cypress_runner.js:167935:14"
            }
          },
          {
            "arguments": [],
            "keyword": "And ",
            "line": 90,
            "name": "Verify created group",
            "result": {
              "status": "skipped"
            }
          },
          {
            "arguments": [],
            "keyword": "And ",
            "line": 91,
            "name": "Redirect to created group page",
            "result": {
              "status": "skipped"
            }
          },
          {
            "arguments": [],
            "keyword": "And ",
            "line": 92,
            "name": "Add manager in group",
            "result": {
              "status": "skipped"
            }
          },
          {
            "arguments": [],
            "keyword": "Then ",
            "line": 93,
            "name": "Delete manager from group",
            "result": {
              "status": "skipped"
            }
          }
        ]
      },
      {
        "id": "hub-group;invite-to-user-not-part-of-group",
        "keyword": "Scenario",
        "line": 95,
        "name": "Invite to user not part of group",
        "tags": [],
        "type": "scenario",
        "steps": [
          {
            "arguments": [],
            "keyword": "Given ",
            "line": 96,
            "name": "Login to the rebelbase portal",
            "result": {
              "status": "failed",
              "error_message": "CypressError: `cy.visit()` failed trying to load:\n\nhttps://app.dev.rebelbase.co/\n\nWe attempted to make an http request to this URL but the request failed without a response.\n\nWe received this error at the network level:\n\n  > Error: getaddrinfo ENOENT app.dev.rebelbase.co\n\nCommon situations why this would fail:\n  - you don't have internet access\n  - you forgot to run / boot your web server\n  - your web server isn't accessible\n  - you have weird network configuration settings on your computer\n    at https://app.dev.rebelbase.co/__cypress/runner/cypress_runner.js:159050:82\n    at visitFailedByErr (https://app.dev.rebelbase.co/__cypress/runner/cypress_runner.js:158403:12)\n    at https://app.dev.rebelbase.co/__cypress/runner/cypress_runner.js:159049:11\nFrom previous event:\n    at go (https://app.dev.rebelbase.co/__cypress/runner/cypress_runner.js:159012:17)\n    at https://app.dev.rebelbase.co/__cypress/runner/cypress_runner.js:159078:20\nFrom previous event:\n    at visit (https://app.dev.rebelbase.co/__cypress/runner/cypress_runner.js:159076:38)\n    at visit (https://app.dev.rebelbase.co/__cypress/runner/cypress_runner.js:159085:14)\n    at originalFn (https://app.dev.rebelbase.co/__cypress/runner/cypress_runner.js:171991:28)\n    at Context.overridden.fn (https://app.dev.rebelbase.co/__cypress/runner/cypress_runner.js:171998:19)\n    at https://app.dev.rebelbase.co/__cypress/runner/cypress_runner.js:171717:15\nFrom previous event:\n    at CommandQueue.runCommand (https://app.dev.rebelbase.co/__cypress/runner/cypress_runner.js:171696:8)\n    at next (https://app.dev.rebelbase.co/__cypress/runner/cypress_runner.js:171839:19)\n    at https://app.dev.rebelbase.co/__cypress/runner/cypress_runner.js:171868:16\nFrom previous event:\n    at next (https://app.dev.rebelbase.co/__cypress/runner/cypress_runner.js:171839:39)\nFrom previous event:\n    at https://app.dev.rebelbase.co/__cypress/runner/cypress_runner.js:186210:77\nFrom previous event:\n    at CommandQueue.run (https://app.dev.rebelbase.co/__cypress/runner/cypress_runner.js:186205:21)\n    at CommandQueue.run (https://app.dev.rebelbase.co/__cypress/runner/cypress_runner.js:171902:15)\n    at $Cy.cy.<computed> [as then] (https://app.dev.rebelbase.co/__cypress/runner/cypress_runner.js:172898:18)\n    at Context.runnable.fn (https://app.dev.rebelbase.co/__cypress/runner/cypress_runner.js:173116:19)\n    at callFn (https://app.dev.rebelbase.co/__cypress/runner/cypress_runner.js:125506:21)\n    at Test.../driver/node_modules/mocha/lib/runnable.js.Runnable.run (https://app.dev.rebelbase.co/__cypress/runner/cypress_runner.js:125493:7)\n    at https://app.dev.rebelbase.co/__cypress/runner/cypress_runner.js:179993:30\nFrom previous event:\n    at Object.onRunnableRun (https://app.dev.rebelbase.co/__cypress/runner/cypress_runner.js:179978:19)\n    at $Cypress.action (https://app.dev.rebelbase.co/__cypress/runner/cypress_runner.js:169356:28)\n    at Test.Runnable.run (https://app.dev.rebelbase.co/__cypress/runner/cypress_runner.js:177674:13)\n    at Runner.../driver/node_modules/mocha/lib/runner.js.Runner.runTest (https://app.dev.rebelbase.co/__cypress/runner/cypress_runner.js:126165:10)\n    at https://app.dev.rebelbase.co/__cypress/runner/cypress_runner.js:126291:12\n    at next (https://app.dev.rebelbase.co/__cypress/runner/cypress_runner.js:126074:14)\n    at https://app.dev.rebelbase.co/__cypress/runner/cypress_runner.js:126084:7\n    at next (https://app.dev.rebelbase.co/__cypress/runner/cypress_runner.js:125986:14)\n    at Hook.<anonymous> (https://app.dev.rebelbase.co/__cypress/runner/cypress_runner.js:126047:7)\n    at next (https://app.dev.rebelbase.co/__cypress/runner/cypress_runner.js:179891:24)\n    at https://app.dev.rebelbase.co/__cypress/runner/cypress_runner.js:179920:13\nFrom previous event:\n    at onNext (https://app.dev.rebelbase.co/__cypress/runner/cypress_runner.js:179917:59)\n    at done (https://app.dev.rebelbase.co/__cypress/runner/cypress_runner.js:125446:5)\n    at callFn (https://app.dev.rebelbase.co/__cypress/runner/cypress_runner.js:125529:7)\n    at Hook.../driver/node_modules/mocha/lib/runnable.js.Runnable.run (https://app.dev.rebelbase.co/__cypress/runner/cypress_runner.js:125493:7)\n    at https://app.dev.rebelbase.co/__cypress/runner/cypress_runner.js:179993:30\nFrom previous event:\n    at Object.onRunnableRun (https://app.dev.rebelbase.co/__cypress/runner/cypress_runner.js:179978:19)\n    at $Cypress.action (https://app.dev.rebelbase.co/__cypress/runner/cypress_runner.js:169356:28)\n    at Hook.Runnable.run (https://app.dev.rebelbase.co/__cypress/runner/cypress_runner.js:177674:13)\n    at next (https://app.dev.rebelbase.co/__cypress/runner/cypress_runner.js:126008:10)\n    at https://app.dev.rebelbase.co/__cypress/runner/cypress_runner.js:126052:5\n    at timeslice (https://app.dev.rebelbase.co/__cypress/runner/cypress_runner.js:119978:27)\n\nFrom Node.js Internals:\n  Error: getaddrinfo ENOENT app.dev.rebelbase.co\n      at GetAddrInfoReqWrap.onlookup [as oncomplete] (node:dns:71:26)\n  "
            }
          },
          {
            "arguments": [],
            "keyword": "When ",
            "line": 97,
            "name": "Redirect to group page",
            "result": {
              "status": "skipped"
            }
          },
          {
            "arguments": [],
            "keyword": "And ",
            "line": 98,
            "name": "Add new group",
            "result": {
              "status": "skipped"
            }
          },
          {
            "arguments": [],
            "keyword": "Then ",
            "line": 99,
            "name": "Checking for duplicate group name",
            "result": {
              "status": "skipped"
            }
          }
        ]
      },
      {
        "id": "hub-group;deactivate-group",
        "keyword": "Scenario",
        "line": 101,
        "name": "Deactivate group",
        "tags": [],
        "type": "scenario",
        "steps": [
          {
            "arguments": [],
            "keyword": "Given ",
            "line": 102,
            "name": "Login to the rebelbase portal",
            "result": {
              "status": "failed",
              "error_message": "CypressError: `cy.visit()` failed trying to load:\n\nhttps://app.dev.rebelbase.co/\n\nWe attempted to make an http request to this URL but the request failed without a response.\n\nWe received this error at the network level:\n\n  > Error: getaddrinfo ENOENT app.dev.rebelbase.co\n\nCommon situations why this would fail:\n  - you don't have internet access\n  - you forgot to run / boot your web server\n  - your web server isn't accessible\n  - you have weird network configuration settings on your computer\n    at https://app.dev.rebelbase.co/__cypress/runner/cypress_runner.js:159050:82\n    at visitFailedByErr (https://app.dev.rebelbase.co/__cypress/runner/cypress_runner.js:158403:12)\n    at https://app.dev.rebelbase.co/__cypress/runner/cypress_runner.js:159049:11\nFrom previous event:\n    at go (https://app.dev.rebelbase.co/__cypress/runner/cypress_runner.js:159012:17)\n    at https://app.dev.rebelbase.co/__cypress/runner/cypress_runner.js:159078:20\nFrom previous event:\n    at visit (https://app.dev.rebelbase.co/__cypress/runner/cypress_runner.js:159076:38)\n    at visit (https://app.dev.rebelbase.co/__cypress/runner/cypress_runner.js:159085:14)\n    at originalFn (https://app.dev.rebelbase.co/__cypress/runner/cypress_runner.js:171991:28)\n    at Context.overridden.fn (https://app.dev.rebelbase.co/__cypress/runner/cypress_runner.js:171998:19)\n    at https://app.dev.rebelbase.co/__cypress/runner/cypress_runner.js:171717:15\nFrom previous event:\n    at CommandQueue.runCommand (https://app.dev.rebelbase.co/__cypress/runner/cypress_runner.js:171696:8)\n    at next (https://app.dev.rebelbase.co/__cypress/runner/cypress_runner.js:171839:19)\n    at https://app.dev.rebelbase.co/__cypress/runner/cypress_runner.js:171868:16\nFrom previous event:\n    at next (https://app.dev.rebelbase.co/__cypress/runner/cypress_runner.js:171839:39)\nFrom previous event:\n    at https://app.dev.rebelbase.co/__cypress/runner/cypress_runner.js:186210:77\nFrom previous event:\n    at CommandQueue.run (https://app.dev.rebelbase.co/__cypress/runner/cypress_runner.js:186205:21)\n    at CommandQueue.run (https://app.dev.rebelbase.co/__cypress/runner/cypress_runner.js:171902:15)\n    at $Cy.cy.<computed> [as then] (https://app.dev.rebelbase.co/__cypress/runner/cypress_runner.js:172898:18)\n    at Context.runnable.fn (https://app.dev.rebelbase.co/__cypress/runner/cypress_runner.js:173116:19)\n    at callFn (https://app.dev.rebelbase.co/__cypress/runner/cypress_runner.js:125506:21)\n    at Test.../driver/node_modules/mocha/lib/runnable.js.Runnable.run (https://app.dev.rebelbase.co/__cypress/runner/cypress_runner.js:125493:7)\n    at https://app.dev.rebelbase.co/__cypress/runner/cypress_runner.js:179993:30\nFrom previous event:\n    at Object.onRunnableRun (https://app.dev.rebelbase.co/__cypress/runner/cypress_runner.js:179978:19)\n    at $Cypress.action (https://app.dev.rebelbase.co/__cypress/runner/cypress_runner.js:169356:28)\n    at Test.Runnable.run (https://app.dev.rebelbase.co/__cypress/runner/cypress_runner.js:177674:13)\n    at Runner.../driver/node_modules/mocha/lib/runner.js.Runner.runTest (https://app.dev.rebelbase.co/__cypress/runner/cypress_runner.js:126165:10)\n    at https://app.dev.rebelbase.co/__cypress/runner/cypress_runner.js:126291:12\n    at next (https://app.dev.rebelbase.co/__cypress/runner/cypress_runner.js:126074:14)\n    at https://app.dev.rebelbase.co/__cypress/runner/cypress_runner.js:126084:7\n    at next (https://app.dev.rebelbase.co/__cypress/runner/cypress_runner.js:125986:14)\n    at Hook.<anonymous> (https://app.dev.rebelbase.co/__cypress/runner/cypress_runner.js:126047:7)\n    at next (https://app.dev.rebelbase.co/__cypress/runner/cypress_runner.js:179891:24)\n    at https://app.dev.rebelbase.co/__cypress/runner/cypress_runner.js:179920:13\nFrom previous event:\n    at onNext (https://app.dev.rebelbase.co/__cypress/runner/cypress_runner.js:179917:59)\n    at done (https://app.dev.rebelbase.co/__cypress/runner/cypress_runner.js:125446:5)\n    at callFn (https://app.dev.rebelbase.co/__cypress/runner/cypress_runner.js:125529:7)\n    at Hook.../driver/node_modules/mocha/lib/runnable.js.Runnable.run (https://app.dev.rebelbase.co/__cypress/runner/cypress_runner.js:125493:7)\n    at https://app.dev.rebelbase.co/__cypress/runner/cypress_runner.js:179993:30\nFrom previous event:\n    at Object.onRunnableRun (https://app.dev.rebelbase.co/__cypress/runner/cypress_runner.js:179978:19)\n    at $Cypress.action (https://app.dev.rebelbase.co/__cypress/runner/cypress_runner.js:169356:28)\n    at Hook.Runnable.run (https://app.dev.rebelbase.co/__cypress/runner/cypress_runner.js:177674:13)\n    at next (https://app.dev.rebelbase.co/__cypress/runner/cypress_runner.js:126008:10)\n    at https://app.dev.rebelbase.co/__cypress/runner/cypress_runner.js:126052:5\n    at timeslice (https://app.dev.rebelbase.co/__cypress/runner/cypress_runner.js:119978:27)\n\nFrom Node.js Internals:\n  Error: getaddrinfo ENOENT app.dev.rebelbase.co\n      at GetAddrInfoReqWrap.onlookup [as oncomplete] (node:dns:71:26)\n  "
            }
          },
          {
            "arguments": [],
            "keyword": "When ",
            "line": 103,
            "name": "Redirect to group page",
            "result": {
              "status": "skipped"
            }
          },
          {
            "arguments": [],
            "keyword": "And ",
            "line": 104,
            "name": "Search for group",
            "result": {
              "status": "skipped"
            }
          },
          {
            "arguments": [],
            "keyword": "Then ",
            "line": 105,
            "name": "Deactivate group",
            "result": {
              "status": "skipped"
            }
          }
        ]
      },
      {
        "id": "hub-group;delete-group",
        "keyword": "Scenario",
        "line": 107,
        "name": "Delete Group",
        "tags": [],
        "type": "scenario",
        "steps": [
          {
            "arguments": [],
            "keyword": "Given ",
            "line": 108,
            "name": "Login to the rebelbase portal",
            "result": {
              "status": "failed",
              "error_message": "CypressError: `cy.visit()` failed trying to load:\n\nhttps://app.dev.rebelbase.co/\n\nWe attempted to make an http request to this URL but the request failed without a response.\n\nWe received this error at the network level:\n\n  > Error: getaddrinfo ENOENT app.dev.rebelbase.co\n\nCommon situations why this would fail:\n  - you don't have internet access\n  - you forgot to run / boot your web server\n  - your web server isn't accessible\n  - you have weird network configuration settings on your computer\n    at https://app.dev.rebelbase.co/__cypress/runner/cypress_runner.js:159050:82\n    at visitFailedByErr (https://app.dev.rebelbase.co/__cypress/runner/cypress_runner.js:158403:12)\n    at https://app.dev.rebelbase.co/__cypress/runner/cypress_runner.js:159049:11\nFrom previous event:\n    at go (https://app.dev.rebelbase.co/__cypress/runner/cypress_runner.js:159012:17)\n    at https://app.dev.rebelbase.co/__cypress/runner/cypress_runner.js:159078:20\nFrom previous event:\n    at visit (https://app.dev.rebelbase.co/__cypress/runner/cypress_runner.js:159076:38)\n    at visit (https://app.dev.rebelbase.co/__cypress/runner/cypress_runner.js:159085:14)\n    at originalFn (https://app.dev.rebelbase.co/__cypress/runner/cypress_runner.js:171991:28)\n    at Context.overridden.fn (https://app.dev.rebelbase.co/__cypress/runner/cypress_runner.js:171998:19)\n    at https://app.dev.rebelbase.co/__cypress/runner/cypress_runner.js:171717:15\nFrom previous event:\n    at CommandQueue.runCommand (https://app.dev.rebelbase.co/__cypress/runner/cypress_runner.js:171696:8)\n    at next (https://app.dev.rebelbase.co/__cypress/runner/cypress_runner.js:171839:19)\n    at https://app.dev.rebelbase.co/__cypress/runner/cypress_runner.js:171868:16\nFrom previous event:\n    at next (https://app.dev.rebelbase.co/__cypress/runner/cypress_runner.js:171839:39)\nFrom previous event:\n    at https://app.dev.rebelbase.co/__cypress/runner/cypress_runner.js:186210:77\nFrom previous event:\n    at CommandQueue.run (https://app.dev.rebelbase.co/__cypress/runner/cypress_runner.js:186205:21)\n    at CommandQueue.run (https://app.dev.rebelbase.co/__cypress/runner/cypress_runner.js:171902:15)\n    at $Cy.cy.<computed> [as then] (https://app.dev.rebelbase.co/__cypress/runner/cypress_runner.js:172898:18)\n    at Context.runnable.fn (https://app.dev.rebelbase.co/__cypress/runner/cypress_runner.js:173116:19)\n    at callFn (https://app.dev.rebelbase.co/__cypress/runner/cypress_runner.js:125506:21)\n    at Test.../driver/node_modules/mocha/lib/runnable.js.Runnable.run (https://app.dev.rebelbase.co/__cypress/runner/cypress_runner.js:125493:7)\n    at https://app.dev.rebelbase.co/__cypress/runner/cypress_runner.js:179993:30\nFrom previous event:\n    at Object.onRunnableRun (https://app.dev.rebelbase.co/__cypress/runner/cypress_runner.js:179978:19)\n    at $Cypress.action (https://app.dev.rebelbase.co/__cypress/runner/cypress_runner.js:169356:28)\n    at Test.Runnable.run (https://app.dev.rebelbase.co/__cypress/runner/cypress_runner.js:177674:13)\n    at Runner.../driver/node_modules/mocha/lib/runner.js.Runner.runTest (https://app.dev.rebelbase.co/__cypress/runner/cypress_runner.js:126165:10)\n    at https://app.dev.rebelbase.co/__cypress/runner/cypress_runner.js:126291:12\n    at next (https://app.dev.rebelbase.co/__cypress/runner/cypress_runner.js:126074:14)\n    at https://app.dev.rebelbase.co/__cypress/runner/cypress_runner.js:126084:7\n    at next (https://app.dev.rebelbase.co/__cypress/runner/cypress_runner.js:125986:14)\n    at Hook.<anonymous> (https://app.dev.rebelbase.co/__cypress/runner/cypress_runner.js:126047:7)\n    at next (https://app.dev.rebelbase.co/__cypress/runner/cypress_runner.js:179891:24)\n    at https://app.dev.rebelbase.co/__cypress/runner/cypress_runner.js:179920:13\nFrom previous event:\n    at onNext (https://app.dev.rebelbase.co/__cypress/runner/cypress_runner.js:179917:59)\n    at done (https://app.dev.rebelbase.co/__cypress/runner/cypress_runner.js:125446:5)\n    at callFn (https://app.dev.rebelbase.co/__cypress/runner/cypress_runner.js:125529:7)\n    at Hook.../driver/node_modules/mocha/lib/runnable.js.Runnable.run (https://app.dev.rebelbase.co/__cypress/runner/cypress_runner.js:125493:7)\n    at https://app.dev.rebelbase.co/__cypress/runner/cypress_runner.js:179993:30\nFrom previous event:\n    at Object.onRunnableRun (https://app.dev.rebelbase.co/__cypress/runner/cypress_runner.js:179978:19)\n    at $Cypress.action (https://app.dev.rebelbase.co/__cypress/runner/cypress_runner.js:169356:28)\n    at Hook.Runnable.run (https://app.dev.rebelbase.co/__cypress/runner/cypress_runner.js:177674:13)\n    at next (https://app.dev.rebelbase.co/__cypress/runner/cypress_runner.js:126008:10)\n    at https://app.dev.rebelbase.co/__cypress/runner/cypress_runner.js:126052:5\n    at timeslice (https://app.dev.rebelbase.co/__cypress/runner/cypress_runner.js:119978:27)\n\nFrom Node.js Internals:\n  Error: getaddrinfo ENOENT app.dev.rebelbase.co\n      at GetAddrInfoReqWrap.onlookup [as oncomplete] (node:dns:71:26)\n  "
            }
          },
          {
            "arguments": [],
            "keyword": "When ",
            "line": 109,
            "name": "Redirect to group page",
            "result": {
              "status": "skipped"
            }
          },
          {
            "arguments": [],
            "keyword": "And ",
            "line": 110,
            "name": "Search for group",
            "result": {
              "status": "skipped"
            }
          },
          {
            "arguments": [],
            "keyword": "Then ",
            "line": 111,
            "name": "Delete group",
            "result": {
              "status": "skipped"
            }
          }
        ]
      }
    ]
  }
]