[
  {
    "keyword": "Feature",
    "name": "Login",
    "line": 1,
    "id": "login",
    "tags": [],
    "uri": "login.feature",
    "elements": [
      {
        "id": "login;login-to-app-staging-rebelbase",
        "keyword": "Scenario",
        "line": 11,
        "name": "Login to app staging rebelbase",
        "tags": [],
        "type": "scenario",
        "steps": [
          {
            "arguments": [],
            "keyword": "Given ",
            "line": 5,
            "name": "User is at the login page",
            "result": {
              "status": "undefined",
              "duration": 70000000
            }
          },
          {
            "arguments": [],
            "keyword": "When ",
            "line": 6,
            "name": "User enters username as 'testhubadmin@rebelbase.co' and password as 'testtest'",
            "result": {
              "status": "skipped"
            }
          },
          {
            "arguments": [],
            "keyword": "And ",
            "line": 7,
            "name": "User clicks on login button",
            "result": {
              "status": "skipped"
            }
          },
          {
            "arguments": [],
            "keyword": "Then ",
            "line": 8,
            "name": "User is able to successfully login to the Website",
            "result": {
              "status": "skipped"
            }
          }
        ]
      }
    ]
  }
]