[
  {
    "keyword": "Feature",
    "name": "Project profile",
    "line": 1,
    "id": "project-profile",
    "tags": [],
    "uri": "ProjectProfile.feature",
    "elements": [
      {
        "id": "project-profile;duplicate-users-in-team",
        "keyword": "Scenario",
        "line": 187,
        "name": "Duplicate users in team",
        "tags": [],
        "type": "scenario",
        "steps": [
          {
            "arguments": [],
            "keyword": "Given ",
            "line": 188,
            "name": "Login to rebelbase portal",
            "result": {
              "status": "passed",
              "duration": 14502000000
            }
          },
          {
            "arguments": [],
            "keyword": "When ",
            "line": 189,
            "name": "Edit about",
            "result": {
              "status": "passed",
              "duration": 11856000000
            }
          },
          {
            "arguments": [],
            "keyword": "And ",
            "line": 190,
            "name": "Add experience",
            "result": {
              "status": "passed",
              "duration": 33795000000
            }
          },
          {
            "arguments": [],
            "keyword": "And ",
            "line": 191,
            "name": "Edit experience",
            "result": {
              "status": "passed",
              "duration": 46037000000
            }
          },
          {
            "arguments": [],
            "keyword": "And ",
            "line": 192,
            "name": "Edit social media links",
            "result": {
              "status": "passed",
              "duration": 16393000000
            }
          },
          {
            "arguments": [],
            "keyword": "Then ",
            "line": 193,
            "name": "Create new project",
            "result": {
              "status": "passed",
              "duration": 42901000000
            }
          }
        ]
      }
    ]
  }
]