[
  {
    "keyword": "Feature",
    "name": "SmokeTest Feature",
    "line": 1,
    "id": "smoketest-feature",
    "tags": [],
    "uri": "SmokeTest.feature",
    "elements": [
      {
        "id": "smoketest-feature;login-to-app-staging-rebelbase",
        "keyword": "Scenario",
        "line": 10,
        "name": "Login to app staging rebelbase",
        "tags": [
          {
            "name": "@smoketest",
            "line": 2
          }
        ],
        "type": "scenario",
        "steps": [
          {
            "arguments": [],
            "keyword": "Given ",
            "line": 4,
            "name": "User is at the login page",
            "result": {
              "status": "passed",
              "duration": 9289000000
            }
          },
          {
            "arguments": [],
            "keyword": "When ",
            "line": 5,
            "name": "User enters username as 'testhubadmin@rebelbase.co' and password as 'testtest'",
            "result": {
              "status": "passed",
              "duration": 2786000000
            }
          },
          {
            "arguments": [],
            "keyword": "And ",
            "line": 6,
            "name": "User clicks on login button",
            "result": {
              "status": "passed",
              "duration": 1024000000
            }
          },
          {
            "arguments": [],
            "keyword": "Then ",
            "line": 7,
            "name": "User is able to successfully login to the Website",
            "result": {
              "status": "passed",
              "duration": 644000000
            }
          }
        ]
      },
      {
        "id": "smoketest-feature;create-project",
        "keyword": "Scenario",
        "line": 12,
        "name": "create project",
        "tags": [
          {
            "name": "@smoketest",
            "line": 11
          }
        ],
        "type": "scenario",
        "steps": [
          {
            "arguments": [],
            "keyword": "Given ",
            "line": 13,
            "name": "User is logged in",
            "result": {
              "status": "passed",
              "duration": 7155000000
            }
          },
          {
            "arguments": [],
            "keyword": "When ",
            "line": 14,
            "name": "clicked on + button project and add details",
            "result": {
              "status": "passed",
              "duration": 43089000000
            }
          },
          {
            "arguments": [],
            "keyword": "And ",
            "line": 15,
            "name": "User clicks on create project button",
            "result": {
              "status": "passed",
              "duration": 1031000000
            }
          },
          {
            "arguments": [],
            "keyword": "Then ",
            "line": 16,
            "name": "User is able to successfully create project",
            "result": {
              "status": "passed",
              "duration": 32766000000
            }
          }
        ]
      },
      {
        "id": "smoketest-feature;create-group",
        "keyword": "Scenario",
        "line": 18,
        "name": "create group",
        "tags": [],
        "type": "scenario",
        "steps": [
          {
            "arguments": [],
            "keyword": "Given ",
            "line": 19,
            "name": "admin User is logged in",
            "result": {
              "status": "passed",
              "duration": 7464000000
            }
          },
          {
            "arguments": [],
            "keyword": "When ",
            "line": 20,
            "name": "clicked on + button and add details",
            "result": {
              "status": "passed",
              "duration": 40696000000
            }
          },
          {
            "arguments": [],
            "keyword": "And ",
            "line": 21,
            "name": "User clicks on create group button",
            "result": {
              "status": "passed",
              "duration": 1509000000
            }
          },
          {
            "arguments": [],
            "keyword": "Then ",
            "line": 22,
            "name": "User is able to successfully create group",
            "result": {
              "status": "passed",
              "duration": 184334000000
            }
          }
        ]
      },
      {
        "id": "smoketest-feature;add-activity",
        "keyword": "Scenario",
        "line": 24,
        "name": "add activity",
        "tags": [],
        "type": "scenario",
        "steps": [
          {
            "arguments": [],
            "keyword": "Given ",
            "line": 25,
            "name": "User is logged in",
            "result": {
              "status": "passed",
              "duration": 9430000000
            }
          },
          {
            "arguments": [],
            "keyword": "When ",
            "line": 26,
            "name": "clicked on add activity button and add details",
            "result": {
              "status": "passed",
              "duration": 38417000000
            }
          },
          {
            "arguments": [],
            "keyword": "And ",
            "line": 27,
            "name": "User clicks on post button",
            "result": {
              "status": "passed",
              "duration": 1793000000
            }
          },
          {
            "arguments": [],
            "keyword": "Then ",
            "line": 28,
            "name": "User is able to create post",
            "result": {
              "status": "passed",
              "duration": 1036000000
            }
          }
        ]
      },
      {
        "id": "smoketest-feature;create-event",
        "keyword": "Scenario",
        "line": 30,
        "name": "create event",
        "tags": [],
        "type": "scenario",
        "steps": [
          {
            "arguments": [],
            "keyword": "Given ",
            "line": 31,
            "name": "User is logged in",
            "result": {
              "status": "passed",
              "duration": 7014000000
            }
          },
          {
            "arguments": [],
            "keyword": "When ",
            "line": 32,
            "name": "clicked on new event button and add details",
            "result": {
              "status": "passed",
              "duration": 67994000000
            }
          },
          {
            "arguments": [],
            "keyword": "And ",
            "line": 33,
            "name": "User clicks on create event button",
            "result": {
              "status": "passed",
              "duration": 1043000000
            }
          },
          {
            "arguments": [],
            "keyword": "Then ",
            "line": 34,
            "name": "User is able to successfully create event",
            "result": {
              "status": "passed",
              "duration": 2855000000
            }
          }
        ]
      },
      {
        "id": "smoketest-feature;signup-application",
        "keyword": "Scenario",
        "line": 36,
        "name": "Signup application",
        "tags": [],
        "type": "scenario",
        "steps": [
          {
            "arguments": [],
            "keyword": "Given ",
            "line": 37,
            "name": "User is on signup page",
            "result": {
              "status": "passed",
              "duration": 11173000000
            }
          },
          {
            "arguments": [],
            "keyword": "When ",
            "line": 38,
            "name": "clicked on signup button  and add details",
            "result": {
              "status": "passed",
              "duration": 14339000000
            }
          },
          {
            "arguments": [],
            "keyword": "And ",
            "line": 39,
            "name": "User clicks on signup button",
            "result": {
              "status": "passed",
              "duration": 1019000000
            }
          },
          {
            "arguments": [],
            "keyword": "Then ",
            "line": 40,
            "name": "new User is able to sign up successfully",
            "result": {
              "status": "passed",
              "duration": 14210000000
            }
          }
        ]
      }
    ]
  }
]